
NonOrtogonal quantum chemistry and Perturbation Theory
                  NOPT version 3.4


sQM - standart QM module.

Compilation options:
1) linear algebra package - OpenBLAS
2) non-parallel BLAS matrix multiplication in the OMP parallel cycles

selected command  line options:
-i           pBQ_2A_DSRG_aldet.inp	 input file

Calculation started at: 00:34 (EEST), 05 August 2026 (Wednesday).

_______________________________________________________________________

Input file:

   0: $PAR NUM_THREADS=16 N_MOL=1 RHF=0 CAS=1 DSRG=1 D5=1 RI=1 NAME=pBQ $PAREND
   1: $MOL
   2:  _CHARGE=-1;
   3:  _BASIS=cc-pvdz;
   4:  _RI_BASIS=cc-pvdz-jkfit;
   5:  _UNITS= ang;
   6:  _xyz
   7: 12
   8: pBQ- 2A (D2, twisted) | MRMP2/d-aug-cc-pVTZ | Angstrom
   9: C    -1.4365365158    0.0000000000    0.0000000000
  10: C     1.4365365158    0.0000000000    0.0000000000
  11: O    -2.6866039788    0.0000000000    0.0000000000
  12: O     2.6866039788    0.0000000000    0.0000000000
  13: C    -0.6867858251   -1.2538739222    0.1540165049
  14: C     0.6867858251   -1.2538739222   -0.1540165049
  15: C    -0.6867858251    1.2538739222   -0.1540165049
  16: C     0.6867858251    1.2538739222    0.1540165049
  17: H    -1.2757216894   -2.1643648836    0.1703096948
  18: H     1.2757216894   -2.1643648836   -0.1703096948
  19: H    -1.2757216894    2.1643648836   -0.1703096948
  20: H     1.2757216894    2.1643648836    0.1703096948
  21: $END
  22: $act_space n_alp=7 n_bet=6 n_val=10 mult=2 p_n=10 reorder=1 orbitals=21,24,25,26,27,28,29,30,31,36; $end
  23: _MO INP=pBQ_2B2_RHF.orb
  24: $CAS n_s=4 w_state=all_1; cisolver=aldet maxit=50 dE=1e-15 grad=1e-8 $END
  25: $dav dr=1E-14 de=1E-10 $end 
  26: $DSRG sa=1 s=0.5 $END
_______________________________________________________________________



_____________________________Input_summary_____________________________


Number of threads:  16

Job name: pBQ

Methods:
Restricted Hartree-Fock                          -     no 
Complete Active Space SCF                        -     yes
eXtended MultiConfiguration QuasiDegenerate PT   -     no 
Complete Degenerate Active Space PT              -     no 
Second order Moller-Plesset PT                   -     no 
State-specific DSRG-PT2                          -     yes
Settings:
D5                                               -     yes
Resolution of Identity                           -     yes
Spin-orbit                                       -     no 
Symmetry point group                             -     no(C1)
Printing:
dipole moment                                    -     yes
electron dispersion                              -     no 
quadrupole moment                                -     no 
Mulliken charges                                 -     no 
_______________________________________________________________________


Reading molecule:
-----------------------------------------------------------------------

WARNING: read_cl is blocked in the 3.0 version

                      units    = ang
                      charge   = -1
                      basis    = cc-pvdz (library)
                      RI basis = cc-pvdz-jkfit (library)
                      included   pBQ_2B2_RHF.orb (orbitals)
WARNING:              Orbitals are reordered
                      Active space orbitals: 21 24 25 26 27 28 29 30 31 36
_______________________________________________________________________

Molecule structure (a.u.):
 ________________________________________________________________________________________
| Atom |    C    |     X     |     Y     |     Z     |   n_ecp   |     q     |    type   |
| _____|_________|___________|___________|___________|___________|___________|___________|
|  C   |     6   |    -2.715 |     0.000 |     0.000 |           |           |    real   |
|  C   |     6   |     2.715 |     0.000 |     0.000 |           |           |    real   |
|  O   |     8   |    -5.077 |     0.000 |     0.000 |           |           |    real   |
|  O   |     8   |     5.077 |     0.000 |     0.000 |           |           |    real   |
|  C   |     6   |    -1.298 |    -2.369 |     0.291 |           |           |    real   |
|  C   |     6   |     1.298 |    -2.369 |    -0.291 |           |           |    real   |
|  C   |     6   |    -1.298 |     2.369 |    -0.291 |           |           |    real   |
|  C   |     6   |     1.298 |     2.369 |     0.291 |           |           |    real   |
|  H   |     1   |    -2.411 |    -4.090 |     0.322 |           |           |    real   |
|  H   |     1   |     2.411 |    -4.090 |    -0.322 |           |           |    real   |
|  H   |     1   |    -2.411 |     4.090 |    -0.322 |           |           |    real   |
|  H   |     1   |     2.411 |     4.090 |     0.322 |           |           |    real   |
| _____|_________|___________|___________|___________|___________|___________|___________|

Molecule contains 57 electrons

C - nuclear charge (a.u.)
q - additional (partial) charge (a.u.)
n_ecp - number of electrons frozen by ECP
X,Y,Z - cartesian coordinates (Bohr)



 Basis set information:

 ____________________________________________________________________________________
|     Atom     |    L    |       alpha       |         c         |       c(lib)      |
|______________|_________|___________________|___________________|___________________|
|   C (  0)    |         |                   |                   |                   |
|              |     0   |       6665.000000 |          0.363584 |          0.000692 |
|              |         |       1000.000000 |          0.674986 |          0.005329 |
|              |         |        228.000000 |          1.131620 |          0.027077 |
|              |         |         64.710000 |          1.653009 |          0.101718 |
|              |         |         21.060000 |          1.923821 |          0.274740 |
|              |         |          7.495000 |          1.447278 |          0.448564 |
|              |         |          2.797000 |          0.439163 |          0.285074 |
|              |         |          0.521500 |          0.006646 |          0.015204 |
|              |---------|-------------------|-------------------|-------------------|
|              |     0   |       6665.000000 |         -0.154180 |         -0.000146 |
|              |         |       1000.000000 |         -0.293785 |         -0.001154 |
|              |         |        228.000000 |         -0.480896 |         -0.005725 |
|              |         |         64.710000 |         -0.761434 |         -0.023312 |
|              |         |         21.060000 |         -0.900104 |         -0.063955 |
|              |         |          7.495000 |         -0.972611 |         -0.149981 |
|              |         |          2.797000 |         -0.394042 |         -0.127262 |
|              |         |          0.521500 |          0.478394 |          0.544529 |
|              |---------|-------------------|-------------------|-------------------|
|              |     0   |          0.159600 |          0.179964 |          1.000000 |
|              |---------|-------------------|-------------------|-------------------|
|              |     1   |          9.439000 |          1.343737 |          0.038109 |
|              |         |          2.002000 |          1.063168 |          0.209480 |
|              |         |          0.545600 |          0.508232 |          0.508557 |
|              |---------|-------------------|-------------------|-------------------|
|              |     1   |          0.151700 |          0.134950 |          1.000000 |
|              |---------|-------------------|-------------------|-------------------|
|              |     2   |          0.550000 |          0.578155 |          1.000000 |
|--------------|---------|-------------------|-------------------|-------------------|
|   C (  1)    |         |                   |                   |                   |
|              |     0   |       6665.000000 |          0.363584 |          0.000692 |
|              |         |       1000.000000 |          0.674986 |          0.005329 |
|              |         |        228.000000 |          1.131620 |          0.027077 |
|              |         |         64.710000 |          1.653009 |          0.101718 |
|              |         |         21.060000 |          1.923821 |          0.274740 |
|              |         |          7.495000 |          1.447278 |          0.448564 |
|              |         |          2.797000 |          0.439163 |          0.285074 |
|              |         |          0.521500 |          0.006646 |          0.015204 |
|              |---------|-------------------|-------------------|-------------------|
|              |     0   |       6665.000000 |         -0.154180 |         -0.000146 |
|              |         |       1000.000000 |         -0.293785 |         -0.001154 |
|              |         |        228.000000 |         -0.480896 |         -0.005725 |
|              |         |         64.710000 |         -0.761434 |         -0.023312 |
|              |         |         21.060000 |         -0.900104 |         -0.063955 |
|              |         |          7.495000 |         -0.972611 |         -0.149981 |
|              |         |          2.797000 |         -0.394042 |         -0.127262 |
|              |         |          0.521500 |          0.478394 |          0.544529 |
|              |---------|-------------------|-------------------|-------------------|
|              |     0   |          0.159600 |          0.179964 |          1.000000 |
|              |---------|-------------------|-------------------|-------------------|
|              |     1   |          9.439000 |          1.343737 |          0.038109 |
|              |         |          2.002000 |          1.063168 |          0.209480 |
|              |         |          0.545600 |          0.508232 |          0.508557 |
|              |---------|-------------------|-------------------|-------------------|
|              |     1   |          0.151700 |          0.134950 |          1.000000 |
|              |---------|-------------------|-------------------|-------------------|
|              |     2   |          0.550000 |          0.578155 |          1.000000 |
|--------------|---------|-------------------|-------------------|-------------------|
|   O (  2)    |         |                   |                   |                   |
|              |     0   |      11720.000000 |          0.569702 |          0.000710 |
|              |         |       1759.000000 |          1.058352 |          0.005470 |
|              |         |        400.800000 |          1.776281 |          0.027837 |
|              |         |        113.700000 |          2.599412 |          0.104800 |
|              |         |         37.030000 |          3.026846 |          0.283062 |
|              |         |         13.270000 |          2.222394 |          0.448719 |
|              |         |          5.025000 |          0.647795 |          0.270952 |
|              |         |          1.013000 |          0.011119 |          0.015458 |
|              |---------|-------------------|-------------------|-------------------|
|              |     0   |      11720.000000 |         -0.252434 |         -0.000160 |
|              |         |       1759.000000 |         -0.480491 |         -0.001263 |
|              |         |        400.800000 |         -0.786300 |         -0.006267 |
|              |         |        113.700000 |         -1.254170 |         -0.025716 |
|              |         |         37.030000 |         -1.491218 |         -0.070924 |
|              |         |         13.270000 |         -1.610832 |         -0.165411 |
|              |         |          5.025000 |         -0.549798 |         -0.116955 |
|              |         |          1.013000 |          0.788282 |          0.557368 |
|              |---------|-------------------|-------------------|-------------------|
|              |     0   |          0.302300 |          0.290562 |          1.000000 |
|              |---------|-------------------|-------------------|-------------------|
|              |     1   |         17.700000 |          3.243619 |          0.043018 |
|              |         |          3.854000 |          2.567280 |          0.228913 |
|              |         |          1.046000 |          1.117669 |          0.508728 |
|              |---------|-------------------|-------------------|-------------------|
|              |     1   |          0.275300 |          0.284248 |          1.000000 |
|              |---------|-------------------|-------------------|-------------------|
|              |     2   |          1.185000 |          2.215218 |          1.000000 |
|--------------|---------|-------------------|-------------------|-------------------|
|   O (  3)    |         |                   |                   |                   |
|              |     0   |      11720.000000 |          0.569702 |          0.000710 |
|              |         |       1759.000000 |          1.058352 |          0.005470 |
|              |         |        400.800000 |          1.776281 |          0.027837 |
|              |         |        113.700000 |          2.599412 |          0.104800 |
|              |         |         37.030000 |          3.026846 |          0.283062 |
|              |         |         13.270000 |          2.222394 |          0.448719 |
|              |         |          5.025000 |          0.647795 |          0.270952 |
|              |         |          1.013000 |          0.011119 |          0.015458 |
|              |---------|-------------------|-------------------|-------------------|
|              |     0   |      11720.000000 |         -0.252434 |         -0.000160 |
|              |         |       1759.000000 |         -0.480491 |         -0.001263 |
|              |         |        400.800000 |         -0.786300 |         -0.006267 |
|              |         |        113.700000 |         -1.254170 |         -0.025716 |
|              |         |         37.030000 |         -1.491218 |         -0.070924 |
|              |         |         13.270000 |         -1.610832 |         -0.165411 |
|              |         |          5.025000 |         -0.549798 |         -0.116955 |
|              |         |          1.013000 |          0.788282 |          0.557368 |
|              |---------|-------------------|-------------------|-------------------|
|              |     0   |          0.302300 |          0.290562 |          1.000000 |
|              |---------|-------------------|-------------------|-------------------|
|              |     1   |         17.700000 |          3.243619 |          0.043018 |
|              |         |          3.854000 |          2.567280 |          0.228913 |
|              |         |          1.046000 |          1.117669 |          0.508728 |
|              |---------|-------------------|-------------------|-------------------|
|              |     1   |          0.275300 |          0.284248 |          1.000000 |
|              |---------|-------------------|-------------------|-------------------|
|              |     2   |          1.185000 |          2.215218 |          1.000000 |
|--------------|---------|-------------------|-------------------|-------------------|
|   C (  4)    |         |                   |                   |                   |
|              |     0   |       6665.000000 |          0.363584 |          0.000692 |
|              |         |       1000.000000 |          0.674986 |          0.005329 |
|              |         |        228.000000 |          1.131620 |          0.027077 |
|              |         |         64.710000 |          1.653009 |          0.101718 |
|              |         |         21.060000 |          1.923821 |          0.274740 |
|              |         |          7.495000 |          1.447278 |          0.448564 |
|              |         |          2.797000 |          0.439163 |          0.285074 |
|              |         |          0.521500 |          0.006646 |          0.015204 |
|              |---------|-------------------|-------------------|-------------------|
|              |     0   |       6665.000000 |         -0.154180 |         -0.000146 |
|              |         |       1000.000000 |         -0.293785 |         -0.001154 |
|              |         |        228.000000 |         -0.480896 |         -0.005725 |
|              |         |         64.710000 |         -0.761434 |         -0.023312 |
|              |         |         21.060000 |         -0.900104 |         -0.063955 |
|              |         |          7.495000 |         -0.972611 |         -0.149981 |
|              |         |          2.797000 |         -0.394042 |         -0.127262 |
|              |         |          0.521500 |          0.478394 |          0.544529 |
|              |---------|-------------------|-------------------|-------------------|
|              |     0   |          0.159600 |          0.179964 |          1.000000 |
|              |---------|-------------------|-------------------|-------------------|
|              |     1   |          9.439000 |          1.343737 |          0.038109 |
|              |         |          2.002000 |          1.063168 |          0.209480 |
|              |         |          0.545600 |          0.508232 |          0.508557 |
|              |---------|-------------------|-------------------|-------------------|
|              |     1   |          0.151700 |          0.134950 |          1.000000 |
|              |---------|-------------------|-------------------|-------------------|
|              |     2   |          0.550000 |          0.578155 |          1.000000 |
|--------------|---------|-------------------|-------------------|-------------------|
|   C (  5)    |         |                   |                   |                   |
|              |     0   |       6665.000000 |          0.363584 |          0.000692 |
|              |         |       1000.000000 |          0.674986 |          0.005329 |
|              |         |        228.000000 |          1.131620 |          0.027077 |
|              |         |         64.710000 |          1.653009 |          0.101718 |
|              |         |         21.060000 |          1.923821 |          0.274740 |
|              |         |          7.495000 |          1.447278 |          0.448564 |
|              |         |          2.797000 |          0.439163 |          0.285074 |
|              |         |          0.521500 |          0.006646 |          0.015204 |
|              |---------|-------------------|-------------------|-------------------|
|              |     0   |       6665.000000 |         -0.154180 |         -0.000146 |
|              |         |       1000.000000 |         -0.293785 |         -0.001154 |
|              |         |        228.000000 |         -0.480896 |         -0.005725 |
|              |         |         64.710000 |         -0.761434 |         -0.023312 |
|              |         |         21.060000 |         -0.900104 |         -0.063955 |
|              |         |          7.495000 |         -0.972611 |         -0.149981 |
|              |         |          2.797000 |         -0.394042 |         -0.127262 |
|              |         |          0.521500 |          0.478394 |          0.544529 |
|              |---------|-------------------|-------------------|-------------------|
|              |     0   |          0.159600 |          0.179964 |          1.000000 |
|              |---------|-------------------|-------------------|-------------------|
|              |     1   |          9.439000 |          1.343737 |          0.038109 |
|              |         |          2.002000 |          1.063168 |          0.209480 |
|              |         |          0.545600 |          0.508232 |          0.508557 |
|              |---------|-------------------|-------------------|-------------------|
|              |     1   |          0.151700 |          0.134950 |          1.000000 |
|              |---------|-------------------|-------------------|-------------------|
|              |     2   |          0.550000 |          0.578155 |          1.000000 |
|--------------|---------|-------------------|-------------------|-------------------|
|   C (  6)    |         |                   |                   |                   |
|              |     0   |       6665.000000 |          0.363584 |          0.000692 |
|              |         |       1000.000000 |          0.674986 |          0.005329 |
|              |         |        228.000000 |          1.131620 |          0.027077 |
|              |         |         64.710000 |          1.653009 |          0.101718 |
|              |         |         21.060000 |          1.923821 |          0.274740 |
|              |         |          7.495000 |          1.447278 |          0.448564 |
|              |         |          2.797000 |          0.439163 |          0.285074 |
|              |         |          0.521500 |          0.006646 |          0.015204 |
|              |---------|-------------------|-------------------|-------------------|
|              |     0   |       6665.000000 |         -0.154180 |         -0.000146 |
|              |         |       1000.000000 |         -0.293785 |         -0.001154 |
|              |         |        228.000000 |         -0.480896 |         -0.005725 |
|              |         |         64.710000 |         -0.761434 |         -0.023312 |
|              |         |         21.060000 |         -0.900104 |         -0.063955 |
|              |         |          7.495000 |         -0.972611 |         -0.149981 |
|              |         |          2.797000 |         -0.394042 |         -0.127262 |
|              |         |          0.521500 |          0.478394 |          0.544529 |
|              |---------|-------------------|-------------------|-------------------|
|              |     0   |          0.159600 |          0.179964 |          1.000000 |
|              |---------|-------------------|-------------------|-------------------|
|              |     1   |          9.439000 |          1.343737 |          0.038109 |
|              |         |          2.002000 |          1.063168 |          0.209480 |
|              |         |          0.545600 |          0.508232 |          0.508557 |
|              |---------|-------------------|-------------------|-------------------|
|              |     1   |          0.151700 |          0.134950 |          1.000000 |
|              |---------|-------------------|-------------------|-------------------|
|              |     2   |          0.550000 |          0.578155 |          1.000000 |
|--------------|---------|-------------------|-------------------|-------------------|
|   C (  7)    |         |                   |                   |                   |
|              |     0   |       6665.000000 |          0.363584 |          0.000692 |
|              |         |       1000.000000 |          0.674986 |          0.005329 |
|              |         |        228.000000 |          1.131620 |          0.027077 |
|              |         |         64.710000 |          1.653009 |          0.101718 |
|              |         |         21.060000 |          1.923821 |          0.274740 |
|              |         |          7.495000 |          1.447278 |          0.448564 |
|              |         |          2.797000 |          0.439163 |          0.285074 |
|              |         |          0.521500 |          0.006646 |          0.015204 |
|              |---------|-------------------|-------------------|-------------------|
|              |     0   |       6665.000000 |         -0.154180 |         -0.000146 |
|              |         |       1000.000000 |         -0.293785 |         -0.001154 |
|              |         |        228.000000 |         -0.480896 |         -0.005725 |
|              |         |         64.710000 |         -0.761434 |         -0.023312 |
|              |         |         21.060000 |         -0.900104 |         -0.063955 |
|              |         |          7.495000 |         -0.972611 |         -0.149981 |
|              |         |          2.797000 |         -0.394042 |         -0.127262 |
|              |         |          0.521500 |          0.478394 |          0.544529 |
|              |---------|-------------------|-------------------|-------------------|
|              |     0   |          0.159600 |          0.179964 |          1.000000 |
|              |---------|-------------------|-------------------|-------------------|
|              |     1   |          9.439000 |          1.343737 |          0.038109 |
|              |         |          2.002000 |          1.063168 |          0.209480 |
|              |         |          0.545600 |          0.508232 |          0.508557 |
|              |---------|-------------------|-------------------|-------------------|
|              |     1   |          0.151700 |          0.134950 |          1.000000 |
|              |---------|-------------------|-------------------|-------------------|
|              |     2   |          0.550000 |          0.578155 |          1.000000 |
|--------------|---------|-------------------|-------------------|-------------------|
|   H (  8)    |         |                   |                   |                   |
|              |     0   |         13.010000 |          0.163548 |          0.019685 |
|              |         |          1.962000 |          0.277418 |          0.137977 |
|              |         |          0.444600 |          0.315749 |          0.478148 |
|              |---------|-------------------|-------------------|-------------------|
|              |     0   |          0.122000 |          0.147123 |          1.000000 |
|              |---------|-------------------|-------------------|-------------------|
|              |     1   |          0.727000 |          0.956881 |          1.000000 |
|--------------|---------|-------------------|-------------------|-------------------|
|   H (  9)    |         |                   |                   |                   |
|              |     0   |         13.010000 |          0.163548 |          0.019685 |
|              |         |          1.962000 |          0.277418 |          0.137977 |
|              |         |          0.444600 |          0.315749 |          0.478148 |
|              |---------|-------------------|-------------------|-------------------|
|              |     0   |          0.122000 |          0.147123 |          1.000000 |
|              |---------|-------------------|-------------------|-------------------|
|              |     1   |          0.727000 |          0.956881 |          1.000000 |
|--------------|---------|-------------------|-------------------|-------------------|
|   H ( 10)    |         |                   |                   |                   |
|              |     0   |         13.010000 |          0.163548 |          0.019685 |
|              |         |          1.962000 |          0.277418 |          0.137977 |
|              |         |          0.444600 |          0.315749 |          0.478148 |
|              |---------|-------------------|-------------------|-------------------|
|              |     0   |          0.122000 |          0.147123 |          1.000000 |
|              |---------|-------------------|-------------------|-------------------|
|              |     1   |          0.727000 |          0.956881 |          1.000000 |
|--------------|---------|-------------------|-------------------|-------------------|
|   H ( 11)    |         |                   |                   |                   |
|              |     0   |         13.010000 |          0.163548 |          0.019685 |
|              |         |          1.962000 |          0.277418 |          0.137977 |
|              |         |          0.444600 |          0.315749 |          0.478148 |
|              |---------|-------------------|-------------------|-------------------|
|              |     0   |          0.122000 |          0.147123 |          1.000000 |
|              |---------|-------------------|-------------------|-------------------|
|              |     1   |          0.727000 |          0.956881 |          1.000000 |
|______________|_________|___________________|___________________|___________________|



 RI basis set information:

 ____________________________________________________________________________________
|     Atom     |    L    |       alpha       |         c         |       c(lib)      |
|______________|_________|___________________|___________________|___________________|
|   C (  0)    |         |                   |                   |                   |
|              |     0   |       1113.986772 |        137.426383 |          1.000000 |
|              |---------|-------------------|-------------------|-------------------|
|              |     0   |        369.162342 |         60.023752 |          1.000000 |
|              |---------|-------------------|-------------------|-------------------|
|              |     0   |        121.792752 |         26.129204 |          1.000000 |
|              |---------|-------------------|-------------------|-------------------|
|              |     0   |         48.127115 |         13.022743 |          1.000000 |
|              |---------|-------------------|-------------------|-------------------|
|              |     0   |         20.365074 |          6.832420 |          1.000000 |
|              |---------|-------------------|-------------------|-------------------|
|              |     0   |          8.088360 |          3.418263 |          1.000000 |
|              |---------|-------------------|-------------------|-------------------|
|              |     0   |          2.506866 |          1.419902 |          1.000000 |
|              |---------|-------------------|-------------------|-------------------|
|              |     0   |          1.243854 |          0.839435 |          1.000000 |
|              |---------|-------------------|-------------------|-------------------|
|              |     0   |          0.484499 |          0.413885 |          1.000000 |
|              |---------|-------------------|-------------------|-------------------|
|              |     0   |          0.191852 |          0.206602 |          1.000000 |
|              |---------|-------------------|-------------------|-------------------|
|              |     1   |        102.991762 |        467.673972 |          1.000000 |
|              |---------|-------------------|-------------------|-------------------|
|              |     1   |         28.132594 |         92.353277 |          1.000000 |
|              |---------|-------------------|-------------------|-------------------|
|              |     1   |          9.836432 |         24.830592 |          1.000000 |
|              |---------|-------------------|-------------------|-------------------|
|              |     1   |          3.349054 |          6.457923 |          1.000000 |
|              |---------|-------------------|-------------------|-------------------|
|              |     1   |          1.494762 |          2.355890 |          1.000000 |
|              |---------|-------------------|-------------------|-------------------|
|              |     1   |          0.576901 |          0.716666 |          1.000000 |
|              |---------|-------------------|-------------------|-------------------|
|              |     1   |          0.203201 |          0.194467 |          1.000000 |
|              |---------|-------------------|-------------------|-------------------|
|              |     2   |         10.594068 |        102.392773 |          1.000000 |
|              |---------|-------------------|-------------------|-------------------|
|              |     2   |          3.599720 |         15.483874 |          1.000000 |
|              |---------|-------------------|-------------------|-------------------|
|              |     2   |          1.335569 |          2.731025 |          1.000000 |
|              |---------|-------------------|-------------------|-------------------|
|              |     2   |          0.519498 |          0.523216 |          1.000000 |
|              |---------|-------------------|-------------------|-------------------|
|              |     2   |          0.199541 |          0.098054 |          1.000000 |
|              |---------|-------------------|-------------------|-------------------|
|              |     3   |          1.194866 |          2.197470 |          1.000000 |
|              |---------|-------------------|-------------------|-------------------|
|              |     3   |          0.415866 |          0.204456 |          1.000000 |
|--------------|---------|-------------------|-------------------|-------------------|
|   C (  1)    |         |                   |                   |                   |
|              |     0   |       1113.986772 |        137.426383 |          1.000000 |
|              |---------|-------------------|-------------------|-------------------|
|              |     0   |        369.162342 |         60.023752 |          1.000000 |
|              |---------|-------------------|-------------------|-------------------|
|              |     0   |        121.792752 |         26.129204 |          1.000000 |
|              |---------|-------------------|-------------------|-------------------|
|              |     0   |         48.127115 |         13.022743 |          1.000000 |
|              |---------|-------------------|-------------------|-------------------|
|              |     0   |         20.365074 |          6.832420 |          1.000000 |
|              |---------|-------------------|-------------------|-------------------|
|              |     0   |          8.088360 |          3.418263 |          1.000000 |
|              |---------|-------------------|-------------------|-------------------|
|              |     0   |          2.506866 |          1.419902 |          1.000000 |
|              |---------|-------------------|-------------------|-------------------|
|              |     0   |          1.243854 |          0.839435 |          1.000000 |
|              |---------|-------------------|-------------------|-------------------|
|              |     0   |          0.484499 |          0.413885 |          1.000000 |
|              |---------|-------------------|-------------------|-------------------|
|              |     0   |          0.191852 |          0.206602 |          1.000000 |
|              |---------|-------------------|-------------------|-------------------|
|              |     1   |        102.991762 |        467.673972 |          1.000000 |
|              |---------|-------------------|-------------------|-------------------|
|              |     1   |         28.132594 |         92.353277 |          1.000000 |
|              |---------|-------------------|-------------------|-------------------|
|              |     1   |          9.836432 |         24.830592 |          1.000000 |
|              |---------|-------------------|-------------------|-------------------|
|              |     1   |          3.349054 |          6.457923 |          1.000000 |
|              |---------|-------------------|-------------------|-------------------|
|              |     1   |          1.494762 |          2.355890 |          1.000000 |
|              |---------|-------------------|-------------------|-------------------|
|              |     1   |          0.576901 |          0.716666 |          1.000000 |
|              |---------|-------------------|-------------------|-------------------|
|              |     1   |          0.203201 |          0.194467 |          1.000000 |
|              |---------|-------------------|-------------------|-------------------|
|              |     2   |         10.594068 |        102.392773 |          1.000000 |
|              |---------|-------------------|-------------------|-------------------|
|              |     2   |          3.599720 |         15.483874 |          1.000000 |
|              |---------|-------------------|-------------------|-------------------|
|              |     2   |          1.335569 |          2.731025 |          1.000000 |
|              |---------|-------------------|-------------------|-------------------|
|              |     2   |          0.519498 |          0.523216 |          1.000000 |
|              |---------|-------------------|-------------------|-------------------|
|              |     2   |          0.199541 |          0.098054 |          1.000000 |
|              |---------|-------------------|-------------------|-------------------|
|              |     3   |          1.194866 |          2.197470 |          1.000000 |
|              |---------|-------------------|-------------------|-------------------|
|              |     3   |          0.415866 |          0.204456 |          1.000000 |
|--------------|---------|-------------------|-------------------|-------------------|
|   O (  2)    |         |                   |                   |                   |
|              |     0   |       1517.866751 |        173.314671 |          1.000000 |
|              |---------|-------------------|-------------------|-------------------|
|              |     0   |        489.679520 |         74.189774 |          1.000000 |
|              |---------|-------------------|-------------------|-------------------|
|              |     0   |        176.721187 |         34.544313 |          1.000000 |
|              |---------|-------------------|-------------------|-------------------|
|              |     0   |         63.792233 |         16.087403 |          1.000000 |
|              |---------|-------------------|-------------------|-------------------|
|              |     0   |         25.366499 |          8.055741 |          1.000000 |
|              |---------|-------------------|-------------------|-------------------|
|              |     0   |          9.913549 |          3.981823 |          1.000000 |
|              |---------|-------------------|-------------------|-------------------|
|              |     0   |          4.464531 |          2.188981 |          1.000000 |
|              |---------|-------------------|-------------------|-------------------|
|              |     0   |          1.801774 |          1.108372 |          1.000000 |
|              |---------|-------------------|-------------------|-------------------|
|              |     0   |          0.807897 |          0.607333 |          1.000000 |
|              |---------|-------------------|-------------------|-------------------|
|              |     0   |          0.338643 |          0.316386 |          1.000000 |
|              |---------|-------------------|-------------------|-------------------|
|              |     1   |        120.160309 |        567.076153 |          1.000000 |
|              |---------|-------------------|-------------------|-------------------|
|              |     1   |         34.409622 |        118.792760 |          1.000000 |
|              |---------|-------------------|-------------------|-------------------|
|              |     1   |         12.581149 |         33.774619 |          1.000000 |
|              |---------|-------------------|-------------------|-------------------|
|              |     1   |          5.066382 |         10.834592 |          1.000000 |
|              |---------|-------------------|-------------------|-------------------|
|              |     1   |          2.034693 |          3.463886 |          1.000000 |
|              |---------|-------------------|-------------------|-------------------|
|              |     1   |          0.860930 |          1.182088 |          1.000000 |
|              |---------|-------------------|-------------------|-------------------|
|              |     1   |          0.366814 |          0.406909 |          1.000000 |
|              |---------|-------------------|-------------------|-------------------|
|              |     2   |         19.043063 |        285.725404 |          1.000000 |
|              |---------|-------------------|-------------------|-------------------|
|              |     2   |          5.806038 |         35.743679 |          1.000000 |
|              |---------|-------------------|-------------------|-------------------|
|              |     2   |          2.189184 |          6.484903 |          1.000000 |
|              |---------|-------------------|-------------------|-------------------|
|              |     2   |          0.877946 |          1.310624 |          1.000000 |
|              |---------|-------------------|-------------------|-------------------|
|              |     2   |          0.356236 |          0.270366 |          1.000000 |
|              |---------|-------------------|-------------------|-------------------|
|              |     3   |          2.493915 |         11.506363 |          1.000000 |
|              |---------|-------------------|-------------------|-------------------|
|              |     3   |          0.824915 |          0.954718 |          1.000000 |
|--------------|---------|-------------------|-------------------|-------------------|
|   O (  3)    |         |                   |                   |                   |
|              |     0   |       1517.866751 |        173.314671 |          1.000000 |
|              |---------|-------------------|-------------------|-------------------|
|              |     0   |        489.679520 |         74.189774 |          1.000000 |
|              |---------|-------------------|-------------------|-------------------|
|              |     0   |        176.721187 |         34.544313 |          1.000000 |
|              |---------|-------------------|-------------------|-------------------|
|              |     0   |         63.792233 |         16.087403 |          1.000000 |
|              |---------|-------------------|-------------------|-------------------|
|              |     0   |         25.366499 |          8.055741 |          1.000000 |
|              |---------|-------------------|-------------------|-------------------|
|              |     0   |          9.913549 |          3.981823 |          1.000000 |
|              |---------|-------------------|-------------------|-------------------|
|              |     0   |          4.464531 |          2.188981 |          1.000000 |
|              |---------|-------------------|-------------------|-------------------|
|              |     0   |          1.801774 |          1.108372 |          1.000000 |
|              |---------|-------------------|-------------------|-------------------|
|              |     0   |          0.807897 |          0.607333 |          1.000000 |
|              |---------|-------------------|-------------------|-------------------|
|              |     0   |          0.338643 |          0.316386 |          1.000000 |
|              |---------|-------------------|-------------------|-------------------|
|              |     1   |        120.160309 |        567.076153 |          1.000000 |
|              |---------|-------------------|-------------------|-------------------|
|              |     1   |         34.409622 |        118.792760 |          1.000000 |
|              |---------|-------------------|-------------------|-------------------|
|              |     1   |         12.581149 |         33.774619 |          1.000000 |
|              |---------|-------------------|-------------------|-------------------|
|              |     1   |          5.066382 |         10.834592 |          1.000000 |
|              |---------|-------------------|-------------------|-------------------|
|              |     1   |          2.034693 |          3.463886 |          1.000000 |
|              |---------|-------------------|-------------------|-------------------|
|              |     1   |          0.860930 |          1.182088 |          1.000000 |
|              |---------|-------------------|-------------------|-------------------|
|              |     1   |          0.366814 |          0.406909 |          1.000000 |
|              |---------|-------------------|-------------------|-------------------|
|              |     2   |         19.043063 |        285.725404 |          1.000000 |
|              |---------|-------------------|-------------------|-------------------|
|              |     2   |          5.806038 |         35.743679 |          1.000000 |
|              |---------|-------------------|-------------------|-------------------|
|              |     2   |          2.189184 |          6.484903 |          1.000000 |
|              |---------|-------------------|-------------------|-------------------|
|              |     2   |          0.877946 |          1.310624 |          1.000000 |
|              |---------|-------------------|-------------------|-------------------|
|              |     2   |          0.356236 |          0.270366 |          1.000000 |
|              |---------|-------------------|-------------------|-------------------|
|              |     3   |          2.493915 |         11.506363 |          1.000000 |
|              |---------|-------------------|-------------------|-------------------|
|              |     3   |          0.824915 |          0.954718 |          1.000000 |
|--------------|---------|-------------------|-------------------|-------------------|
|   C (  4)    |         |                   |                   |                   |
|              |     0   |       1113.986772 |        137.426383 |          1.000000 |
|              |---------|-------------------|-------------------|-------------------|
|              |     0   |        369.162342 |         60.023752 |          1.000000 |
|              |---------|-------------------|-------------------|-------------------|
|              |     0   |        121.792752 |         26.129204 |          1.000000 |
|              |---------|-------------------|-------------------|-------------------|
|              |     0   |         48.127115 |         13.022743 |          1.000000 |
|              |---------|-------------------|-------------------|-------------------|
|              |     0   |         20.365074 |          6.832420 |          1.000000 |
|              |---------|-------------------|-------------------|-------------------|
|              |     0   |          8.088360 |          3.418263 |          1.000000 |
|              |---------|-------------------|-------------------|-------------------|
|              |     0   |          2.506866 |          1.419902 |          1.000000 |
|              |---------|-------------------|-------------------|-------------------|
|              |     0   |          1.243854 |          0.839435 |          1.000000 |
|              |---------|-------------------|-------------------|-------------------|
|              |     0   |          0.484499 |          0.413885 |          1.000000 |
|              |---------|-------------------|-------------------|-------------------|
|              |     0   |          0.191852 |          0.206602 |          1.000000 |
|              |---------|-------------------|-------------------|-------------------|
|              |     1   |        102.991762 |        467.673972 |          1.000000 |
|              |---------|-------------------|-------------------|-------------------|
|              |     1   |         28.132594 |         92.353277 |          1.000000 |
|              |---------|-------------------|-------------------|-------------------|
|              |     1   |          9.836432 |         24.830592 |          1.000000 |
|              |---------|-------------------|-------------------|-------------------|
|              |     1   |          3.349054 |          6.457923 |          1.000000 |
|              |---------|-------------------|-------------------|-------------------|
|              |     1   |          1.494762 |          2.355890 |          1.000000 |
|              |---------|-------------------|-------------------|-------------------|
|              |     1   |          0.576901 |          0.716666 |          1.000000 |
|              |---------|-------------------|-------------------|-------------------|
|              |     1   |          0.203201 |          0.194467 |          1.000000 |
|              |---------|-------------------|-------------------|-------------------|
|              |     2   |         10.594068 |        102.392773 |          1.000000 |
|              |---------|-------------------|-------------------|-------------------|
|              |     2   |          3.599720 |         15.483874 |          1.000000 |
|              |---------|-------------------|-------------------|-------------------|
|              |     2   |          1.335569 |          2.731025 |          1.000000 |
|              |---------|-------------------|-------------------|-------------------|
|              |     2   |          0.519498 |          0.523216 |          1.000000 |
|              |---------|-------------------|-------------------|-------------------|
|              |     2   |          0.199541 |          0.098054 |          1.000000 |
|              |---------|-------------------|-------------------|-------------------|
|              |     3   |          1.194866 |          2.197470 |          1.000000 |
|              |---------|-------------------|-------------------|-------------------|
|              |     3   |          0.415866 |          0.204456 |          1.000000 |
|--------------|---------|-------------------|-------------------|-------------------|
|   C (  5)    |         |                   |                   |                   |
|              |     0   |       1113.986772 |        137.426383 |          1.000000 |
|              |---------|-------------------|-------------------|-------------------|
|              |     0   |        369.162342 |         60.023752 |          1.000000 |
|              |---------|-------------------|-------------------|-------------------|
|              |     0   |        121.792752 |         26.129204 |          1.000000 |
|              |---------|-------------------|-------------------|-------------------|
|              |     0   |         48.127115 |         13.022743 |          1.000000 |
|              |---------|-------------------|-------------------|-------------------|
|              |     0   |         20.365074 |          6.832420 |          1.000000 |
|              |---------|-------------------|-------------------|-------------------|
|              |     0   |          8.088360 |          3.418263 |          1.000000 |
|              |---------|-------------------|-------------------|-------------------|
|              |     0   |          2.506866 |          1.419902 |          1.000000 |
|              |---------|-------------------|-------------------|-------------------|
|              |     0   |          1.243854 |          0.839435 |          1.000000 |
|              |---------|-------------------|-------------------|-------------------|
|              |     0   |          0.484499 |          0.413885 |          1.000000 |
|              |---------|-------------------|-------------------|-------------------|
|              |     0   |          0.191852 |          0.206602 |          1.000000 |
|              |---------|-------------------|-------------------|-------------------|
|              |     1   |        102.991762 |        467.673972 |          1.000000 |
|              |---------|-------------------|-------------------|-------------------|
|              |     1   |         28.132594 |         92.353277 |          1.000000 |
|              |---------|-------------------|-------------------|-------------------|
|              |     1   |          9.836432 |         24.830592 |          1.000000 |
|              |---------|-------------------|-------------------|-------------------|
|              |     1   |          3.349054 |          6.457923 |          1.000000 |
|              |---------|-------------------|-------------------|-------------------|
|              |     1   |          1.494762 |          2.355890 |          1.000000 |
|              |---------|-------------------|-------------------|-------------------|
|              |     1   |          0.576901 |          0.716666 |          1.000000 |
|              |---------|-------------------|-------------------|-------------------|
|              |     1   |          0.203201 |          0.194467 |          1.000000 |
|              |---------|-------------------|-------------------|-------------------|
|              |     2   |         10.594068 |        102.392773 |          1.000000 |
|              |---------|-------------------|-------------------|-------------------|
|              |     2   |          3.599720 |         15.483874 |          1.000000 |
|              |---------|-------------------|-------------------|-------------------|
|              |     2   |          1.335569 |          2.731025 |          1.000000 |
|              |---------|-------------------|-------------------|-------------------|
|              |     2   |          0.519498 |          0.523216 |          1.000000 |
|              |---------|-------------------|-------------------|-------------------|
|              |     2   |          0.199541 |          0.098054 |          1.000000 |
|              |---------|-------------------|-------------------|-------------------|
|              |     3   |          1.194866 |          2.197470 |          1.000000 |
|              |---------|-------------------|-------------------|-------------------|
|              |     3   |          0.415866 |          0.204456 |          1.000000 |
|--------------|---------|-------------------|-------------------|-------------------|
|   C (  6)    |         |                   |                   |                   |
|              |     0   |       1113.986772 |        137.426383 |          1.000000 |
|              |---------|-------------------|-------------------|-------------------|
|              |     0   |        369.162342 |         60.023752 |          1.000000 |
|              |---------|-------------------|-------------------|-------------------|
|              |     0   |        121.792752 |         26.129204 |          1.000000 |
|              |---------|-------------------|-------------------|-------------------|
|              |     0   |         48.127115 |         13.022743 |          1.000000 |
|              |---------|-------------------|-------------------|-------------------|
|              |     0   |         20.365074 |          6.832420 |          1.000000 |
|              |---------|-------------------|-------------------|-------------------|
|              |     0   |          8.088360 |          3.418263 |          1.000000 |
|              |---------|-------------------|-------------------|-------------------|
|              |     0   |          2.506866 |          1.419902 |          1.000000 |
|              |---------|-------------------|-------------------|-------------------|
|              |     0   |          1.243854 |          0.839435 |          1.000000 |
|              |---------|-------------------|-------------------|-------------------|
|              |     0   |          0.484499 |          0.413885 |          1.000000 |
|              |---------|-------------------|-------------------|-------------------|
|              |     0   |          0.191852 |          0.206602 |          1.000000 |
|              |---------|-------------------|-------------------|-------------------|
|              |     1   |        102.991762 |        467.673972 |          1.000000 |
|              |---------|-------------------|-------------------|-------------------|
|              |     1   |         28.132594 |         92.353277 |          1.000000 |
|              |---------|-------------------|-------------------|-------------------|
|              |     1   |          9.836432 |         24.830592 |          1.000000 |
|              |---------|-------------------|-------------------|-------------------|
|              |     1   |          3.349054 |          6.457923 |          1.000000 |
|              |---------|-------------------|-------------------|-------------------|
|              |     1   |          1.494762 |          2.355890 |          1.000000 |
|              |---------|-------------------|-------------------|-------------------|
|              |     1   |          0.576901 |          0.716666 |          1.000000 |
|              |---------|-------------------|-------------------|-------------------|
|              |     1   |          0.203201 |          0.194467 |          1.000000 |
|              |---------|-------------------|-------------------|-------------------|
|              |     2   |         10.594068 |        102.392773 |          1.000000 |
|              |---------|-------------------|-------------------|-------------------|
|              |     2   |          3.599720 |         15.483874 |          1.000000 |
|              |---------|-------------------|-------------------|-------------------|
|              |     2   |          1.335569 |          2.731025 |          1.000000 |
|              |---------|-------------------|-------------------|-------------------|
|              |     2   |          0.519498 |          0.523216 |          1.000000 |
|              |---------|-------------------|-------------------|-------------------|
|              |     2   |          0.199541 |          0.098054 |          1.000000 |
|              |---------|-------------------|-------------------|-------------------|
|              |     3   |          1.194866 |          2.197470 |          1.000000 |
|              |---------|-------------------|-------------------|-------------------|
|              |     3   |          0.415866 |          0.204456 |          1.000000 |
|--------------|---------|-------------------|-------------------|-------------------|
|   C (  7)    |         |                   |                   |                   |
|              |     0   |       1113.986772 |        137.426383 |          1.000000 |
|              |---------|-------------------|-------------------|-------------------|
|              |     0   |        369.162342 |         60.023752 |          1.000000 |
|              |---------|-------------------|-------------------|-------------------|
|              |     0   |        121.792752 |         26.129204 |          1.000000 |
|              |---------|-------------------|-------------------|-------------------|
|              |     0   |         48.127115 |         13.022743 |          1.000000 |
|              |---------|-------------------|-------------------|-------------------|
|              |     0   |         20.365074 |          6.832420 |          1.000000 |
|              |---------|-------------------|-------------------|-------------------|
|              |     0   |          8.088360 |          3.418263 |          1.000000 |
|              |---------|-------------------|-------------------|-------------------|
|              |     0   |          2.506866 |          1.419902 |          1.000000 |
|              |---------|-------------------|-------------------|-------------------|
|              |     0   |          1.243854 |          0.839435 |          1.000000 |
|              |---------|-------------------|-------------------|-------------------|
|              |     0   |          0.484499 |          0.413885 |          1.000000 |
|              |---------|-------------------|-------------------|-------------------|
|              |     0   |          0.191852 |          0.206602 |          1.000000 |
|              |---------|-------------------|-------------------|-------------------|
|              |     1   |        102.991762 |        467.673972 |          1.000000 |
|              |---------|-------------------|-------------------|-------------------|
|              |     1   |         28.132594 |         92.353277 |          1.000000 |
|              |---------|-------------------|-------------------|-------------------|
|              |     1   |          9.836432 |         24.830592 |          1.000000 |
|              |---------|-------------------|-------------------|-------------------|
|              |     1   |          3.349054 |          6.457923 |          1.000000 |
|              |---------|-------------------|-------------------|-------------------|
|              |     1   |          1.494762 |          2.355890 |          1.000000 |
|              |---------|-------------------|-------------------|-------------------|
|              |     1   |          0.576901 |          0.716666 |          1.000000 |
|              |---------|-------------------|-------------------|-------------------|
|              |     1   |          0.203201 |          0.194467 |          1.000000 |
|              |---------|-------------------|-------------------|-------------------|
|              |     2   |         10.594068 |        102.392773 |          1.000000 |
|              |---------|-------------------|-------------------|-------------------|
|              |     2   |          3.599720 |         15.483874 |          1.000000 |
|              |---------|-------------------|-------------------|-------------------|
|              |     2   |          1.335569 |          2.731025 |          1.000000 |
|              |---------|-------------------|-------------------|-------------------|
|              |     2   |          0.519498 |          0.523216 |          1.000000 |
|              |---------|-------------------|-------------------|-------------------|
|              |     2   |          0.199541 |          0.098054 |          1.000000 |
|              |---------|-------------------|-------------------|-------------------|
|              |     3   |          1.194866 |          2.197470 |          1.000000 |
|              |---------|-------------------|-------------------|-------------------|
|              |     3   |          0.415866 |          0.204456 |          1.000000 |
|--------------|---------|-------------------|-------------------|-------------------|
|   H (  8)    |         |                   |                   |                   |
|              |     0   |          9.530249 |          3.865790 |          1.000000 |
|              |---------|-------------------|-------------------|-------------------|
|              |     0   |          1.917451 |          1.161324 |          1.000000 |
|              |---------|-------------------|-------------------|-------------------|
|              |     0   |          0.684240 |          0.536187 |          1.000000 |
|              |---------|-------------------|-------------------|-------------------|
|              |     0   |          0.284133 |          0.277364 |          1.000000 |
|              |---------|-------------------|-------------------|-------------------|
|              |     1   |          2.913323 |          5.425327 |          1.000000 |
|              |---------|-------------------|-------------------|-------------------|
|              |     1   |          1.262121 |          1.906848 |          1.000000 |
|              |---------|-------------------|-------------------|-------------------|
|              |     1   |          0.501998 |          0.602306 |          1.000000 |
|              |---------|-------------------|-------------------|-------------------|
|              |     2   |          2.313533 |          7.143185 |          1.000000 |
|              |---------|-------------------|-------------------|-------------------|
|              |     2   |          0.712907 |          0.910369 |          1.000000 |
|--------------|---------|-------------------|-------------------|-------------------|
|   H (  9)    |         |                   |                   |                   |
|              |     0   |          9.530249 |          3.865790 |          1.000000 |
|              |---------|-------------------|-------------------|-------------------|
|              |     0   |          1.917451 |          1.161324 |          1.000000 |
|              |---------|-------------------|-------------------|-------------------|
|              |     0   |          0.684240 |          0.536187 |          1.000000 |
|              |---------|-------------------|-------------------|-------------------|
|              |     0   |          0.284133 |          0.277364 |          1.000000 |
|              |---------|-------------------|-------------------|-------------------|
|              |     1   |          2.913323 |          5.425327 |          1.000000 |
|              |---------|-------------------|-------------------|-------------------|
|              |     1   |          1.262121 |          1.906848 |          1.000000 |
|              |---------|-------------------|-------------------|-------------------|
|              |     1   |          0.501998 |          0.602306 |          1.000000 |
|              |---------|-------------------|-------------------|-------------------|
|              |     2   |          2.313533 |          7.143185 |          1.000000 |
|              |---------|-------------------|-------------------|-------------------|
|              |     2   |          0.712907 |          0.910369 |          1.000000 |
|--------------|---------|-------------------|-------------------|-------------------|
|   H ( 10)    |         |                   |                   |                   |
|              |     0   |          9.530249 |          3.865790 |          1.000000 |
|              |---------|-------------------|-------------------|-------------------|
|              |     0   |          1.917451 |          1.161324 |          1.000000 |
|              |---------|-------------------|-------------------|-------------------|
|              |     0   |          0.684240 |          0.536187 |          1.000000 |
|              |---------|-------------------|-------------------|-------------------|
|              |     0   |          0.284133 |          0.277364 |          1.000000 |
|              |---------|-------------------|-------------------|-------------------|
|              |     1   |          2.913323 |          5.425327 |          1.000000 |
|              |---------|-------------------|-------------------|-------------------|
|              |     1   |          1.262121 |          1.906848 |          1.000000 |
|              |---------|-------------------|-------------------|-------------------|
|              |     1   |          0.501998 |          0.602306 |          1.000000 |
|              |---------|-------------------|-------------------|-------------------|
|              |     2   |          2.313533 |          7.143185 |          1.000000 |
|              |---------|-------------------|-------------------|-------------------|
|              |     2   |          0.712907 |          0.910369 |          1.000000 |
|--------------|---------|-------------------|-------------------|-------------------|
|   H ( 11)    |         |                   |                   |                   |
|              |     0   |          9.530249 |          3.865790 |          1.000000 |
|              |---------|-------------------|-------------------|-------------------|
|              |     0   |          1.917451 |          1.161324 |          1.000000 |
|              |---------|-------------------|-------------------|-------------------|
|              |     0   |          0.684240 |          0.536187 |          1.000000 |
|              |---------|-------------------|-------------------|-------------------|
|              |     0   |          0.284133 |          0.277364 |          1.000000 |
|              |---------|-------------------|-------------------|-------------------|
|              |     1   |          2.913323 |          5.425327 |          1.000000 |
|              |---------|-------------------|-------------------|-------------------|
|              |     1   |          1.262121 |          1.906848 |          1.000000 |
|              |---------|-------------------|-------------------|-------------------|
|              |     1   |          0.501998 |          0.602306 |          1.000000 |
|              |---------|-------------------|-------------------|-------------------|
|              |     2   |          2.313533 |          7.143185 |          1.000000 |
|              |---------|-------------------|-------------------|-------------------|
|              |     2   |          0.712907 |          0.910369 |          1.000000 |
|______________|_________|___________________|___________________|___________________|



 Pseudopotential information:

 ________________________________________________________________ 





Calculation of 1-el matrices:
Time to step -    0.34203
Full time    -    0.34203



______________________Starting_CASSCF_calculations_____________________

Number of states                  4
State multiplicity                2 (doublet)

Active space:
Number of alpha electrons         7
Number of beta  electrons         6
Number of active orbitals         10

Number of core orbitals:          22

Preparation of virtual orbitals:  yes
State tracking:                   no 
State averaging:
Weights:	all equal to 1

SCF settings:
Energy convergence:               1.000000e-15
Orbital gradient convergence:     1.000000e-08
Rotation matrix convergence :     1.000000e-07
Maximum number of iterations:     50
Maximum SOSCF step          :     1.000000e-01

CI solver:                        determinant CI (aldet)
Davidson diagonalization settings:
Number of correlation vectors:    12
Number of basis functions:        300
Maximum number of iterations:     250
Energy convergence:               1.000000e-10
Residue convergence:              1.000000e-14
Orthogonality cut-off:            1.000000e-08
Energy denominator shift:         3.000000e-02
Sparsed multiplication:           no

_______________________________________________________________________




RI integrals calculation:
Time to step -    0.21328
Full time    -    0.55532


____________________Starting_Davidson_diagonalization__________________


Step 0
_________________________________________________
  n | E                 | dE         | norm(r)   |
____|___________________|____________|___________|
  0 |   -379.2746394905 | -3.793e+02 | 2.167e-02 |
  1 |   -379.1770200197 | -3.792e+02 | 3.150e-02 |
  2 |   -379.1419852415 | -3.791e+02 | 2.515e-02 |
  3 |   -379.1383611028 | -3.791e+02 | 2.484e-02 |
____|___________________|____________|___________|
number of corr vectors=301
0 roots converged at step 0


Step 1
_________________________________________________
  n | E                 | dE         | norm(r)   |
____|___________________|____________|___________|
  0 |   -379.2967207671 | -2.208e-02 | 1.546e-03 |
  1 |   -379.2122752124 | -3.526e-02 | 3.200e-03 |
  2 |   -379.1697001225 | -2.771e-02 | 2.600e-03 |
  3 |   -379.1642216709 | -2.586e-02 | 2.349e-03 |
____|___________________|____________|___________|
number of corr vectors=309
0 roots converged at step 1


Step 2
_________________________________________________
  n | E                 | dE         | norm(r)   |
____|___________________|____________|___________|
  0 |   -379.2977488310 | -1.028e-03 | 1.690e-04 |
  1 |   -379.2145479063 | -2.273e-03 | 4.526e-04 |
  2 |   -379.1716594824 | -1.959e-03 | 4.573e-04 |
  3 |   -379.1660239152 | -1.802e-03 | 3.613e-04 |
____|___________________|____________|___________|
number of corr vectors=313
0 roots converged at step 2


Step 3
_________________________________________________
  n | E                 | dE         | norm(r)   |
____|___________________|____________|___________|
  0 |   -379.2978335189 | -8.469e-05 | 3.005e-05 |
  1 |   -379.2147870184 | -2.391e-04 | 8.788e-05 |
  2 |   -379.1719419607 | -2.825e-04 | 1.242e-04 |
  3 |   -379.1662453649 | -2.214e-04 | 7.883e-05 |
____|___________________|____________|___________|
number of corr vectors=309
0 roots converged at step 3


Step 4
_________________________________________________
  n | E                 | dE         | norm(r)   |
____|___________________|____________|___________|
  0 |   -379.2978516171 | -1.810e-05 | 4.294e-06 |
  1 |   -379.2148496115 | -6.259e-05 | 1.268e-05 |
  2 |   -379.1720630773 | -1.211e-04 | 3.013e-05 |
  3 |   -379.1663082496 | -6.288e-05 | 9.116e-06 |
____|___________________|____________|___________|
number of corr vectors=313
0 roots converged at step 4


Step 5
_________________________________________________
  n | E                 | dE         | norm(r)   |
____|___________________|____________|___________|
  0 |   -379.2978532328 | -1.616e-06 | 6.284e-07 |
  1 |   -379.2148544008 | -4.789e-06 | 2.103e-06 |
  2 |   -379.1720817463 | -1.867e-05 | 1.038e-05 |
  3 |   -379.1663123609 | -4.111e-06 | 1.533e-06 |
____|___________________|____________|___________|
number of corr vectors=309
0 roots converged at step 5


Step 6
_________________________________________________
  n | E                 | dE         | norm(r)   |
____|___________________|____________|___________|
  0 |   -379.2978535831 | -3.503e-07 | 1.452e-07 |
  1 |   -379.2148556789 | -1.278e-06 | 5.678e-07 |
  2 |   -379.1720933187 | -1.157e-05 | 5.315e-06 |
  3 |   -379.1663133205 | -9.596e-07 | 4.358e-07 |
____|___________________|____________|___________|
number of corr vectors=313
0 roots converged at step 6


Step 7
_________________________________________________
  n | E                 | dE         | norm(r)   |
____|___________________|____________|___________|
  0 |   -379.2978536534 | -7.031e-08 | 3.300e-08 |
  1 |   -379.2148559662 | -2.873e-07 | 1.502e-07 |
  2 |   -379.1720964054 | -3.087e-06 | 1.445e-06 |
  3 |   -379.1663135183 | -1.978e-07 | 1.135e-07 |
____|___________________|____________|___________|
number of corr vectors=309
0 roots converged at step 7


Step 8
_________________________________________________
  n | E                 | dE         | norm(r)   |
____|___________________|____________|___________|
  0 |   -379.2978536725 | -1.913e-08 | 1.043e-08 |
  1 |   -379.2148560574 | -9.118e-08 | 5.983e-08 |
  2 |   -379.1720978397 | -1.434e-06 | 9.251e-07 |
  3 |   -379.1663135888 | -7.043e-08 | 3.795e-08 |
____|___________________|____________|___________|
number of corr vectors=313
0 roots converged at step 8


Step 9
_________________________________________________
  n | E                 | dE         | norm(r)   |
____|___________________|____________|___________|
  0 |   -379.2978536767 | -4.193e-09 | 1.818e-09 |
  1 |   -379.2148560816 | -2.421e-08 | 1.152e-08 |
  2 |   -379.1720983764 | -5.367e-07 | 3.635e-07 |
  3 |   -379.1663136070 | -1.824e-08 | 9.232e-09 |
____|___________________|____________|___________|
number of corr vectors=309
0 roots converged at step 9


Step 10
_________________________________________________
  n | E                 | dE         | norm(r)   |
____|___________________|____________|___________|
  0 |   -379.2978536778 | -1.074e-09 | 5.593e-10 |
  1 |   -379.2148560888 | -7.219e-09 | 4.185e-09 |
  2 |   -379.1720987264 | -3.500e-07 | 2.617e-07 |
  3 |   -379.1663136125 | -5.534e-09 | 3.672e-09 |
____|___________________|____________|___________|
number of corr vectors=313
0 roots converged at step 10


Step 11
_________________________________________________
  n | E                 | dE         | norm(r)   |
____|___________________|____________|___________|
  0 |   -379.2978536781 | -2.817e-10 | 1.331e-10 |
  1 |   -379.2148560910 | -2.190e-09 | 1.105e-09 |
  2 |   -379.1720988672 | -1.408e-07 | 7.898e-08 |
  3 |   -379.1663136144 | -1.818e-09 | 1.067e-09 |
____|___________________|____________|___________|
number of corr vectors=309
0 roots converged at step 11


Step 12
_________________________________________________
  n | E                 | dE         | norm(r)   |
____|___________________|____________|___________|
  0 |   -379.2978536781 | -7.310e-11 | 5.059e-11 |
  1 |   -379.2148560918 | -7.234e-10 | 5.179e-10 |
  2 |   -379.1720989354 | -6.822e-08 | 5.591e-08 |
  3 |   -379.1663136151 | -6.875e-10 | 4.403e-10 |
____|___________________|____________|___________|
number of corr vectors=313
1 roots converged at step 12


Step 13
_________________________________________________
  n | E                 | dE         | norm(r)   |
____|___________________|____________|___________|
  0 |   -379.2978536781 | -2.558e-12 | 5.059e-11 |
  1 |   -379.2148560920 | -2.102e-10 | 9.995e-11 |
  2 |   -379.1720989673 | -3.189e-08 | 2.071e-08 |
  3 |   -379.1663136153 | -2.177e-10 | 1.082e-10 |
____|___________________|____________|___________|
number of corr vectors=308
1 roots converged at step 13


Step 14
_________________________________________________
  n | E                 | dE         | norm(r)   |
____|___________________|____________|___________|
  0 |   -379.2978536781 | -2.217e-12 | 5.059e-11 |
  1 |   -379.2148560920 | -6.514e-11 | 3.862e-11 |
  2 |   -379.1720989875 | -2.018e-08 | 1.748e-08 |
  3 |   -379.1663136153 | -6.423e-11 | 4.734e-11 |
____|___________________|____________|___________|
number of corr vectors=311
3 roots converged at step 14


Step 15
_________________________________________________
  n | E                 | dE         | norm(r)   |
____|___________________|____________|___________|
  0 |   -379.2978536781 |  1.705e-12 | 5.059e-11 |
  1 |   -379.2148560920 | -4.945e-12 | 3.862e-11 |
  2 |   -379.1720990040 | -1.649e-08 | 2.283e-09 |
  3 |   -379.1663136153 | -7.958e-13 | 4.734e-11 |
____|___________________|____________|___________|
number of corr vectors=312
3 roots converged at step 15


Step 16
_________________________________________________
  n | E                 | dE         | norm(r)   |
____|___________________|____________|___________|
  0 |   -379.2978536781 | -1.023e-12 | 5.059e-11 |
  1 |   -379.2148560920 |  3.979e-12 | 3.862e-11 |
  2 |   -379.1720990054 | -1.439e-09 | 1.453e-10 |
  3 |   -379.1663136153 |  2.274e-13 | 4.734e-11 |
____|___________________|____________|___________|
number of corr vectors=313
3 roots converged at step 16


Step 17
_________________________________________________
  n | E                 | dE         | norm(r)   |
____|___________________|____________|___________|
  0 |   -379.2978536781 | -3.979e-13 | 5.059e-11 |
  1 |   -379.2148560920 | -7.958e-13 | 3.862e-11 |
  2 |   -379.1720990055 | -5.940e-11 | 2.456e-11 |
  3 |   -379.1663136153 |  1.307e-12 | 4.734e-11 |
____|___________________|____________|___________|
number of corr vectors=306
4 roots converged at step 17


CAS_CI WaveFunctions:

State 0  E  =    -379.2978536781 S^2 = 0.75:
 9.5037429476e-01  | 1111111000 | 1111110000
 1.2051813792e-01  | 1111101100 | 1111100100
-8.0683398385e-02  | 1111101100 | 1111011000
-7.8541678322e-02  | 1111110010 | 1111011000
 6.9261758590e-02  | 1111100110 | 1111110000
-6.2987816436e-02  | 1111110100 | 1111100010
-5.9535908667e-02  | 1111011010 | 1111110000
-5.6316757272e-02  | 1111011100 | 1111101000
 5.4310686144e-02  | 1111111000 | 1011111000
 5.3057728366e-02  | 1111011100 | 1111010100
State 1  E  =    -379.2148560920 S^2 = 0.75:
 9.2758070516e-01  | 1111110100 | 1111110000
-1.5473612620e-01  | 1111011100 | 1111011000
-1.1021423813e-01  | 1111111000 | 1111100010
 9.5150957762e-02  | 1111011100 | 1111100100
 8.1427413281e-02  | 1111110100 | 1111010010
 7.1913406945e-02  | 1111101010 | 1111110000
-7.1606679137e-02  | 1111101100 | 1111101000
 6.9545090924e-02  | 1111101100 | 1111010100
 6.8327488427e-02  | 1111110001 | 1111100010
-6.2584281461e-02  | 1011111100 | 1011111000
State 2  E  =    -379.1720990055 S^2 = 0.75:
-7.3582145002e-01  | 1111111000 | 1111011000
 4.4934885555e-01  | 1111110010 | 1111110000
 2.6636869517e-01  | 1111110100 | 1111101000
 2.1520179966e-01  | 1111101100 | 1111110000
 1.5238733355e-01  | 1111110100 | 1111010100
 1.0108766721e-01  | 1111110010 | 1011111000
 9.5279695094e-02  | 1111101100 | 1111001100
 8.1473805981e-02  | 1111110001 | 1111100100
-7.6856735589e-02  | 1111101010 | 1111101000
 6.9203079393e-02  | 1111110010 | 1111010010
State 3  E  =    -379.1663136153 S^2 = 0.75:
-8.3167261411e-01  | 1111111000 | 1111101000
 2.6831409863e-01  | 1111110100 | 1111011000
 2.3796598010e-01  | 1111110100 | 1111100100
 1.8455453869e-01  | 1111011100 | 1111110000
 1.7798510890e-01  | 1111110001 | 1111101000
-1.2733608002e-01  | 1111110100 | 0111111000
-9.6588611944e-02  | 0111111100 | 1111110000
 9.4671086845e-02  | 1111101001 | 1111110000
 8.3759559934e-02  | 1111111000 | 1111010100
 8.3314022053e-02  | 1111111000 | 1111100001


Davidson diagonalization:
Time to step -    0.80608
Full time    -    1.36140
_______________________________________________________________________
Primary CI and calculation canonical orbitals:
Time to step -    0.18231
Full time    -    1.54371


CAS_SCF density averaging:
__________________________________________
 State| E                 | S^2  | weight |
______|___________________|______|________|
    0 |   -379.2978536782 | 0.75 | 1.00   |
    1 |   -379.2148560921 | 0.75 | 1.00   |
    2 |   -379.1720990055 | 0.75 | 1.00   |
    3 |   -379.1663136154 | 0.75 | 1.00   |
______|___________________|______|________|

Start CAS_SCF iterations
_________________________________________________________________________________
  N | E                 | dE         | LAG.ASYM. | ROT.STEP  | N_dav | sweep_dE  |
____|___________________|____________|___________|___________|_______|___________|
  0 |   -379.2127805978 | -3.792e+02 | 9.118e-02 | 1.000e+00 |  17   | 0.000e+00 |
 SOSCF is scaling rotation angle matrix Xmax=2.99608e-01                         |
  1 |   -379.2312499125 | -1.847e-02 | 6.206e-02 | 1.000e-01 |  17   | 0.000e+00 |
 SOSCF is scaling rotation angle matrix Xmax=6.46690e-01                         |
  2 |   -379.2410165477 | -9.767e-03 | 5.939e-02 | 1.000e-01 |  44   | 0.000e+00 |
 SOSCF is scaling rotation angle matrix Xmax=2.22262e+02                         |
  3 |   -379.2485992001 | -7.583e-03 | 4.752e-02 | 1.000e-01 |  16   | 0.000e+00 |
 SOSCF is scaling rotation angle matrix Xmax=1.50911e-01                         |
  4 |   -379.2594270174 | -1.083e-02 | 3.646e-02 | 1.000e-01 |  19   | 0.000e+00 |
  5 |   -379.2621156454 | -2.689e-03 | 2.868e-02 | 7.613e-02 |  21   | 0.000e+00 |
  6 |   -379.2622344777 | -1.188e-04 | 2.639e-02 | 2.283e-02 |  14   | 0.000e+00 |
  7 |   -379.2621646530 |  6.982e-05 | 2.826e-02 | 5.581e-03 |  12   | 0.000e+00 |
  8 |   -379.2625063836 | -3.417e-04 | 2.373e-02 | 1.563e-02 |  14   | 0.000e+00 |
  9 |   -379.2628347134 | -3.283e-04 | 2.106e-02 | 7.938e-03 |  15   | 0.000e+00 |
 10 |   -379.2637443342 | -9.096e-04 | 1.334e-02 | 2.740e-02 |  16   | 0.000e+00 |
 11 |   -379.2646571825 | -9.128e-04 | 7.381e-03 | 3.648e-02 |  17   | 0.000e+00 |
 12 |   -379.2652069149 | -5.497e-04 | 5.807e-03 | 3.745e-02 |  14   | 0.000e+00 |
 13 |   -379.2653213126 | -1.144e-04 | 1.650e-03 | 1.540e-02 |  13   | 0.000e+00 |
 14 |   -379.2653305204 | -9.208e-06 | 2.855e-04 | 4.693e-03 |   8   | 0.000e+00 |
 15 |   -379.2653312208 | -7.004e-07 | 1.705e-04 | 1.528e-03 |   9   | 0.000e+00 |
 16 |   -379.2653314532 | -2.325e-07 | 7.765e-05 | 1.273e-03 |   9   | 0.000e+00 |
 17 |   -379.2653314872 | -3.397e-08 | 2.946e-05 | 4.005e-04 |   6   | 0.000e+00 |
 18 |   -379.2653314948 | -7.630e-09 | 1.433e-05 | 1.699e-04 |   3   | 0.000e+00 |
 19 |   -379.2653314969 | -2.042e-09 | 9.576e-06 | 9.289e-05 |   1   | 0.000e+00 |
 20 |   -379.2653314972 | -3.273e-10 | 3.192e-06 | 2.904e-05 |   1   | 0.000e+00 |
 21 |   -379.2653314974 | -2.043e-10 | 1.836e-06 | 8.899e-06 |   1   | 0.000e+00 |
 22 |   -379.2653314973 |  5.650e-11 | 7.562e-07 | 6.743e-06 |   1   | 0.000e+00 |
 23 |   -379.2653314973 |  3.979e-12 | 2.130e-07 | 2.175e-06 |   1   | 0.000e+00 |
 24 |   -379.2653314973 | -2.842e-13 | 2.297e-07 | 2.271e-06 |   1   | 0.000e+00 |
 25 |   -379.2653314974 | -3.689e-11 | 1.650e-07 | 8.093e-07 |   1   | 0.000e+00 |
 26 |   -379.2653314975 | -1.208e-10 | 1.627e-07 | 8.407e-07 |   1   | 0.000e+00 |
 27 |   -379.2653314974 |  1.079e-10 | 1.390e-07 | 1.326e-06 |   1   | 0.000e+00 |
 28 |   -379.2653314974 |  2.581e-11 | 7.524e-08 | 3.065e-07 |   1   | 0.000e+00 |
 29 |   -379.2653314974 | -2.763e-11 | 1.206e-07 | 7.882e-07 |   1   | 0.000e+00 |
 30 |   -379.2653314973 |  5.485e-11 | 6.117e-08 | 4.833e-07 |   1   | 0.000e+00 |
 31 |   -379.2653314974 | -3.558e-11 | 5.759e-08 | 2.218e-07 |   1   | 0.000e+00 |
 32 |   -379.2653314974 | -1.063e-11 | 2.790e-07 | 2.110e-06 |   1   | 0.000e+00 |
 33 |   -379.2653314974 | -3.524e-11 | 5.333e-08 | 1.716e-06 |   1   | 0.000e+00 |
 34 |   -379.2653314974 |  6.065e-11 | 1.428e-08 | 3.500e-07 |   1   | 0.000e+00 |
____|___________________|____________|___________|___________|_______|___________|

Rotation matrix converged after 34 iterations

CAS_SCF iterations:
Time to step -   25.15858
Full time    -   26.70229
Preparation of canonical orbitals:
Time to step -    0.29077
Full time    -   26.99306
CAS_SCF WaveFunctions:

State 0  E  =    -379.3381699320 S^2 = 0.75:
 9.0546150294e-01  | 1111111000 | 1111110000
 1.6590564601e-01  | 1111111000 | 1011111000
-1.2856795692e-01  | 1111111000 | 1111010010
 1.2680857290e-01  | 1111101100 | 1111100100
-9.1129883266e-02  | 1111110010 | 1111011000
-8.1504077736e-02  | 1111111000 | 0111110010
-7.4857420327e-02  | 1111101100 | 1111011000
 6.2499089118e-02  | 1011111010 | 1011110010
-6.2038844298e-02  | 1111111000 | 1101110010
 5.9489217745e-02  | 1111100110 | 1111110000
State 1  E  =    -379.2547648663 S^2 = 0.75:
-8.9934138466e-01  | 1111110100 | 1111110000
 1.5721160795e-01  | 1111011100 | 1111011000
-9.6945546948e-02  | 1011111100 | 1111110000
-8.9533771523e-02  | 1111011100 | 1111100100
 8.7700599821e-02  | 1111111000 | 1111100010
 6.8385639052e-02  | 1111101100 | 1111101000
-6.7784941064e-02  | 1111101100 | 1111010100
 6.6826615632e-02  | 1111011100 | 1101111000
 6.4753935684e-02  | 1011111100 | 1011111000
-6.3901665167e-02  | 1111010110 | 1111110000
State 2  E  =    -379.2355275021 S^2 = 0.75:
-8.6094871003e-01  | 1111111000 | 1110111000
-2.2177056233e-01  | 1111110010 | 1101111000
-2.1379728967e-01  | 1111111000 | 1101110010
 1.1376590856e-01  | 1111110010 | 1111011000
 1.1131630624e-01  | 1111101100 | 1110101100
 1.0643689069e-01  | 1111110100 | 1110110100
 1.0552101859e-01  | 1111111000 | 1111010010
-7.3636116215e-02  | 1111101100 | 1101111000
-7.3441684291e-02  | 1011111010 | 1101111000
 6.7086250251e-02  | 1111111000 | 1001111010
State 3  E  =    -379.2328636892 S^2 = 0.75:
-6.6962925893e-01  | 1111111000 | 1101111000
 5.2754710593e-01  | 1111111000 | 1111011000
-2.5051987028e-01  | 1111110010 | 1110111000
-2.3997889304e-01  | 1111111000 | 1110110010
-9.6112875302e-02  | 1111110010 | 1111110000
 8.5482879533e-02  | 1111101100 | 1101101100
-8.0552019122e-02  | 1011111010 | 1110111000
-8.0432295095e-02  | 1111110100 | 1111010100
 7.7163189977e-02  | 1111111000 | 1010111010
-7.6797988157e-02  | 1111101100 | 1110111000


CAS_SCF density averaging:
__________________________________________
 State| E                 | S^2  | weight |
______|___________________|______|________|
    0 |   -379.3381699320 | 0.75 | 1.00   |
    1 |   -379.2547648663 | 0.75 | 1.00   |
    2 |   -379.2355275021 | 0.75 | 1.00   |
    3 |   -379.2328636892 | 0.75 | 1.00   |
______|___________________|______|________|


CAS_SCF Energy summary:
E[  0] = -379.3381699320
E[  1] = -379.2547648663 | 2.2696 eV
E[  2] = -379.2355275021 | 2.7930 eV
E[  3] = -379.2328636892 | 2.8655 eV


CAS_SCF Dipole moment:

d[  0,  0] = { 4.315580e-09,-3.458824e-11, 4.056722e-11} |d| = 4.315910e-09
d[  0,  1] = { 1.394150e-10,-1.227158e+00,-1.104884e-10} |d| = 1.227158e+00
d[  0,  2] = { 2.479137e-08, 2.019738e-12, 2.536254e-11} |d| = 2.479138e-08
d[  0,  3] = {-3.208235e-01, 1.615642e-11,-7.058537e-12} |d| = 3.208235e-01

d[  1,  0] = { 1.394147e-10,-1.227158e+00,-1.104883e-10} |d| = 1.227158e+00
d[  1,  1] = { 8.417236e-10, 3.558053e-12, 7.255900e-11} |d| = 8.448527e-10
d[  1,  2] = { 5.240062e-11,-5.919962e-02, 3.720093e-09} |d| = 5.919962e-02
d[  1,  3] = {-4.103230e-11, 5.512924e-09,-4.498032e-02} |d| = 4.498032e-02

d[  2,  0] = { 2.479137e-08, 2.019744e-12, 2.536256e-11} |d| = 2.479138e-08
d[  2,  1] = { 5.240064e-11,-5.919962e-02, 3.720093e-09} |d| = 5.919962e-02
d[  2,  2] = { 4.700091e-07,-4.997225e-11, 1.856984e-10} |d| = 4.700092e-07
d[  2,  3] = { 1.971539e+00,-1.625749e-10,-4.727465e-11} |d| = 1.971539e+00

d[  3,  0] = {-3.208235e-01, 1.615635e-11,-7.058587e-12} |d| = 3.208235e-01
d[  3,  1] = {-4.103230e-11, 5.512924e-09,-4.498032e-02} |d| = 4.498032e-02
d[  3,  2] = { 1.971539e+00,-1.625749e-10,-4.727466e-11} |d| = 1.971539e+00
d[  3,  3] = {-4.180961e-07, 4.412702e-11, 4.665646e-11} |d| = 4.180961e-07




Writing CAS_SCF canonical orbitals:
visualization file: pBQ_CAS.out
data file         : pBQ_CAS.orb

Writing CAS_SCF natural orbitals:
visualization file: pBQ_CAS_NatOrb.out
data file         : pBQ_CAS_NatOrb.orb

_______________________________________________________________________


CAS_SCF:
Time to step -    0.07161
Full time    -   27.06467



_____________________Starting_DSRG_PT2_calculation_____________________

Number of states                  4
State multiplicity                2

Active space:
Number of alpha electrons         7
Number of beta  electrons         6
Number of active orbitals         10

Flow parameter s                  0.5
CCVV source                       normal
State averaging (sa)              on (ensemble reference)
Reference relaxation              once
_______________________________________________________________________




____________________Starting_Davidson_diagonalization__________________


Step 0
_________________________________________________
  n | E                 | dE         | norm(r)   |
____|___________________|____________|___________|
  0 |   -379.2979384276 | -3.793e+02 | 4.041e-02 |
  1 |   -379.1815752716 | -3.792e+02 | 4.786e-02 |
  2 |   -379.1799107043 | -3.792e+02 | 4.701e-02 |
  3 |   -379.1792281700 | -3.792e+02 | 6.119e-02 |
____|___________________|____________|___________|
number of corr vectors=302
0 roots converged at step 0


Step 1
_________________________________________________
  n | E                 | dE         | norm(r)   |
____|___________________|____________|___________|
  0 |   -379.3353386217 | -3.740e-02 | 4.336e-03 |
  1 |   -379.2472834812 | -6.571e-02 | 1.026e-02 |
  2 |   -379.2285500165 | -4.864e-02 | 9.111e-03 |
  3 |   -379.2265922387 | -4.736e-02 | 8.322e-03 |
____|___________________|____________|___________|
number of corr vectors=310
0 roots converged at step 1


Step 2
_________________________________________________
  n | E                 | dE         | norm(r)   |
____|___________________|____________|___________|
  0 |   -379.3378025971 | -2.464e-03 | 6.909e-04 |
  1 |   -379.2535895122 | -6.306e-03 | 1.966e-03 |
  2 |   -379.2342543825 | -5.704e-03 | 2.095e-03 |
  3 |   -379.2317658133 | -5.174e-03 | 1.709e-03 |
____|___________________|____________|___________|
number of corr vectors=314
0 roots converged at step 2


Step 3
_________________________________________________
  n | E                 | dE         | norm(r)   |
____|___________________|____________|___________|
  0 |   -379.3380827696 | -2.802e-04 | 1.479e-04 |
  1 |   -379.2544801744 | -8.907e-04 | 4.347e-04 |
  2 |   -379.2351200399 | -8.657e-04 | 5.580e-04 |
  3 |   -379.2324990095 | -7.332e-04 | 4.692e-04 |
____|___________________|____________|___________|
number of corr vectors=310
0 roots converged at step 3


Step 4
_________________________________________________
  n | E                 | dE         | norm(r)   |
____|___________________|____________|___________|
  0 |   -379.3381580100 | -7.524e-05 | 2.862e-05 |
  1 |   -379.2547313896 | -2.512e-04 | 7.977e-05 |
  2 |   -379.2354651737 | -3.451e-04 | 1.072e-04 |
  3 |   -379.2327746598 | -2.757e-04 | 1.221e-04 |
____|___________________|____________|___________|
number of corr vectors=314
0 roots converged at step 4


Step 5
_________________________________________________
  n | E                 | dE         | norm(r)   |
____|___________________|____________|___________|
  0 |   -379.3381667821 | -8.772e-06 | 4.511e-06 |
  1 |   -379.2547548768 | -2.349e-05 | 1.355e-05 |
  2 |   -379.2355044192 | -3.925e-05 | 2.479e-05 |
  3 |   -379.2328172220 | -4.256e-05 | 3.008e-05 |
____|___________________|____________|___________|
number of corr vectors=310
0 roots converged at step 5


Step 6
_________________________________________________
  n | E                 | dE         | norm(r)   |
____|___________________|____________|___________|
  0 |   -379.3381691202 | -2.338e-06 | 1.343e-06 |
  1 |   -379.2547622875 | -7.411e-06 | 4.058e-06 |
  2 |   -379.2355210449 | -1.663e-05 | 9.845e-06 |
  3 |   -379.2328399345 | -2.271e-05 | 2.135e-05 |
____|___________________|____________|___________|
number of corr vectors=314
0 roots converged at step 6


Step 7
_________________________________________________
  n | E                 | dE         | norm(r)   |
____|___________________|____________|___________|
  0 |   -379.3381696719 | -5.516e-07 | 3.157e-07 |
  1 |   -379.2547639839 | -1.696e-06 | 1.147e-06 |
  2 |   -379.2355249910 | -3.946e-06 | 2.128e-06 |
  3 |   -379.2328487460 | -8.812e-06 | 6.519e-06 |
____|___________________|____________|___________|
number of corr vectors=310
0 roots converged at step 7


Step 8
_________________________________________________
  n | E                 | dE         | norm(r)   |
____|___________________|____________|___________|
  0 |   -379.3381698543 | -1.824e-07 | 1.501e-07 |
  1 |   -379.2547645751 | -5.912e-07 | 5.207e-07 |
  2 |   -379.2355265965 | -1.605e-06 | 1.313e-06 |
  3 |   -379.2328548108 | -6.065e-06 | 8.954e-06 |
____|___________________|____________|___________|
number of corr vectors=314
0 roots converged at step 8


Step 9
_________________________________________________
  n | E                 | dE         | norm(r)   |
____|___________________|____________|___________|
  0 |   -379.3381699048 | -5.053e-08 | 2.899e-08 |
  1 |   -379.2547647584 | -1.832e-07 | 1.265e-07 |
  2 |   -379.2355271138 | -5.173e-07 | 3.190e-07 |
  3 |   -379.2328581038 | -3.293e-06 | 2.316e-06 |
____|___________________|____________|___________|
number of corr vectors=310
0 roots converged at step 9


Step 10
_________________________________________________
  n | E                 | dE         | norm(r)   |
____|___________________|____________|___________|
  0 |   -379.3381699227 | -1.786e-08 | 1.369e-08 |
  1 |   -379.2547648270 | -6.865e-08 | 5.256e-08 |
  2 |   -379.2355273513 | -2.375e-07 | 2.166e-07 |
  3 |   -379.2328601741 | -2.070e-06 | 2.981e-06 |
____|___________________|____________|___________|
number of corr vectors=314
0 roots converged at step 10


Step 11
_________________________________________________
  n | E                 | dE         | norm(r)   |
____|___________________|____________|___________|
  0 |   -379.3381699286 | -5.902e-09 | 3.510e-09 |
  1 |   -379.2547648513 | -2.425e-08 | 1.630e-08 |
  2 |   -379.2355274365 | -8.518e-08 | 5.059e-08 |
  3 |   -379.2328614200 | -1.246e-06 | 9.341e-07 |
____|___________________|____________|___________|
number of corr vectors=310
0 roots converged at step 11


Step 12
_________________________________________________
  n | E                 | dE         | norm(r)   |
____|___________________|____________|___________|
  0 |   -379.3381699308 | -2.199e-09 | 2.209e-09 |
  1 |   -379.2547648606 | -9.320e-09 | 9.477e-09 |
  2 |   -379.2355274739 | -3.742e-08 | 3.799e-08 |
  3 |   -379.2328622815 | -8.615e-07 | 1.381e-06 |
____|___________________|____________|___________|
number of corr vectors=314
0 roots converged at step 12


Step 13
_________________________________________________
  n | E                 | dE         | norm(r)   |
____|___________________|____________|___________|
  0 |   -379.3381699315 | -7.670e-10 | 4.763e-10 |
  1 |   -379.2547648640 | -3.452e-09 | 2.360e-09 |
  2 |   -379.2355274890 | -1.513e-08 | 9.987e-09 |
  3 |   -379.2328627983 | -5.168e-07 | 3.736e-07 |
____|___________________|____________|___________|
number of corr vectors=310
0 roots converged at step 13


Step 14
_________________________________________________
  n | E                 | dE         | norm(r)   |
____|___________________|____________|___________|
  0 |   -379.3381699318 | -2.973e-10 | 2.512e-10 |
  1 |   -379.2547648654 | -1.371e-09 | 1.139e-09 |
  2 |   -379.2355274964 | -7.389e-09 | 7.799e-09 |
  3 |   -379.2328631214 | -3.231e-07 | 4.710e-07 |
____|___________________|____________|___________|
number of corr vectors=314
0 roots converged at step 14


Step 15
_________________________________________________
  n | E                 | dE         | norm(r)   |
____|___________________|____________|___________|
  0 |   -379.3381699319 | -1.042e-10 | 6.788e-11 |
  1 |   -379.2547648659 | -5.255e-10 | 3.589e-10 |
  2 |   -379.2355274995 | -3.079e-09 | 1.961e-09 |
  3 |   -379.2328633216 | -2.002e-07 | 1.543e-07 |
____|___________________|____________|___________|
number of corr vectors=310
0 roots converged at step 15


Step 16
_________________________________________________
  n | E                 | dE         | norm(r)   |
____|___________________|____________|___________|
  0 |   -379.3381699320 | -4.604e-11 | 4.402e-11 |
  1 |   -379.2547648661 | -2.111e-10 | 2.293e-10 |
  2 |   -379.2355275009 | -1.415e-09 | 1.563e-09 |
  3 |   -379.2328634591 | -1.375e-07 | 2.220e-07 |
____|___________________|____________|___________|
number of corr vectors=314
1 roots converged at step 16


Step 17
_________________________________________________
  n | E                 | dE         | norm(r)   |
____|___________________|____________|___________|
  0 |   -379.3381699320 | -7.958e-12 | 2.504e-11 |
  1 |   -379.2547648662 | -8.617e-11 | 5.713e-11 |
  2 |   -379.2355275015 | -6.269e-10 | 4.285e-10 |
  3 |   -379.2328635432 | -8.410e-08 | 6.227e-08 |
____|___________________|____________|___________|
number of corr vectors=309
2 roots converged at step 17


Step 18
_________________________________________________
  n | E                 | dE         | norm(r)   |
____|___________________|____________|___________|
  0 |   -379.3381699320 |  0.000e+00 | 2.538e-11 |
  1 |   -379.2547648662 |  2.160e-12 | 5.713e-11 |
  2 |   -379.2355275018 | -3.118e-10 | 3.467e-10 |
  3 |   -379.2328635956 | -5.238e-08 | 7.659e-08 |
____|___________________|____________|___________|
number of corr vectors=311
2 roots converged at step 18


Step 19
_________________________________________________
  n | E                 | dE         | norm(r)   |
____|___________________|____________|___________|
  0 |   -379.3381699320 | -7.446e-12 | 2.026e-11 |
  1 |   -379.2547648662 |  0.000e+00 | 5.713e-11 |
  2 |   -379.2355275021 | -2.477e-10 | 2.582e-11 |
  3 |   -379.2328636842 | -8.860e-08 | 1.290e-08 |
____|___________________|____________|___________|
number of corr vectors=313
2 roots converged at step 19


Step 20
_________________________________________________
  n | E                 | dE         | norm(r)   |
____|___________________|____________|___________|
  0 |   -379.3381699320 |  2.217e-12 | 2.038e-11 |
  1 |   -379.2547648662 | -2.046e-12 | 5.713e-11 |
  2 |   -379.2355275021 | -1.444e-11 | 2.413e-12 |
  3 |   -379.2328636887 | -4.561e-09 | 5.818e-10 |
____|___________________|____________|___________|
number of corr vectors=308
3 roots converged at step 20


Step 21
_________________________________________________
  n | E                 | dE         | norm(r)   |
____|___________________|____________|___________|
  0 |   -379.3381699320 |  1.990e-12 | 2.038e-11 |
  1 |   -379.2547648662 |  1.819e-12 | 5.713e-11 |
  2 |   -379.2355275021 |  2.842e-13 | 2.413e-12 |
  3 |   -379.2328636890 | -2.565e-10 | 9.763e-11 |
____|___________________|____________|___________|
number of corr vectors=309
3 roots converged at step 21


Step 22
_________________________________________________
  n | E                 | dE         | norm(r)   |
____|___________________|____________|___________|
  0 |   -379.3381699320 | -2.103e-12 | 2.038e-11 |
  1 |   -379.2547648662 |  6.253e-13 | 5.713e-11 |
  2 |   -379.2355275021 |  4.889e-12 | 2.413e-12 |
  3 |   -379.2328636891 | -5.269e-11 | 7.160e-11 |
____|___________________|____________|___________|
number of corr vectors=310
4 roots converged at step 22


CAS_CI WaveFunctions:

State 0  E  =    -379.3381699320 S^2 = 0.75:
 9.0546153768e-01  | 1111111000 | 1111110000
 1.6590548096e-01  | 1111111000 | 1011111000
-1.2856800379e-01  | 1111111000 | 1111010010
 1.2680875404e-01  | 1111101100 | 1111100100
-9.1129853475e-02  | 1111110010 | 1111011000
-8.1504042002e-02  | 1111111000 | 0111110010
-7.4857353999e-02  | 1111101100 | 1111011000
 6.2499129649e-02  | 1011111010 | 1011110010
-6.2038807535e-02  | 1111111000 | 1101110010
 5.9489218093e-02  | 1111100110 | 1111110000
State 1  E  =    -379.2547648662 S^2 = 0.75:
 8.9934110877e-01  | 1111110100 | 1111110000
-1.5721476149e-01  | 1111011100 | 1111011000
 9.6946251686e-02  | 1011111100 | 1111110000
 8.9533620294e-02  | 1111011100 | 1111100100
-8.7699982479e-02  | 1111111000 | 1111100010
-6.8384769625e-02  | 1111101100 | 1111101000
 6.7785091653e-02  | 1111101100 | 1111010100
-6.6826770099e-02  | 1111011100 | 1101111000
-6.4750142362e-02  | 1011111100 | 1011111000
 6.3901479247e-02  | 1111010110 | 1111110000
State 2  E  =    -379.2355275021 S^2 = 0.75:
 8.6094873343e-01  | 1111111000 | 1110111000
 2.2177049780e-01  | 1111110010 | 1101111000
 2.1379724602e-01  | 1111111000 | 1101110010
-1.1376590935e-01  | 1111110010 | 1111011000
-1.1131618706e-01  | 1111101100 | 1110101100
-1.0643709361e-01  | 1111110100 | 1110110100
-1.0552095442e-01  | 1111111000 | 1111010010
 7.3636189558e-02  | 1111101100 | 1101111000
 7.3441596643e-02  | 1011111010 | 1101111000
-6.7086175349e-02  | 1111111000 | 1001111010
State 3  E  =    -379.2328636891 S^2 = 0.75:
-6.6959757330e-01  | 1111111000 | 1101111000
 5.2758309691e-01  | 1111111000 | 1111011000
-2.5051633513e-01  | 1111110010 | 1110111000
-2.3997595864e-01  | 1111111000 | 1110110010
-9.6132986334e-02  | 1111110010 | 1111110000
 8.5478329498e-02  | 1111101100 | 1101101100
-8.0550766741e-02  | 1011111010 | 1110111000
-8.0441327236e-02  | 1111110100 | 1111010100
 7.7162669764e-02  | 1111111000 | 1010111010
-7.6796501516e-02  | 1111101100 | 1110111000


Davidson diagonalization:
Time to step -    1.22633
Full time    -   28.29100
_______________________________________________________________________

DSRG-PT2 semicanonicalization: max |off-diagonal| Fock (C/A/V) = 3.214e-13
DSRG-PT2 RI orbital transformation:
Time to step -    0.15623
Full time    -   28.44723


=================== DSRG-PT2 energy summary (SA ensemble) ===================

  Flow parameter s                   =  0.500000
  Reference energy E0                = -379.265331497312
  CAS ensemble energy (SA average)   = -379.265331497340

  Correlation energy breakdown:
    [Fr, T1]                         = -0.009223089827
    [Fr, T2]                         =  0.009660569352
    [Vr, T1]                         =  0.008184257865
    [Vr, T2] L1                      = -1.216478223673
    [Vr, T2] L2                      =  0.110781577218
    [Vr, T2] L3                      =  0.007238638023
      DF CCVV                        = -0.417666867231
      DF CAVV                        = -0.313790220725
      DF CCAV                        = -0.033423006717

  Correlation energy E(2)            = -1.089836271041
  Total DSRG-PT2 energy              = -380.355167768353
============================================================================



____________________Starting_Davidson_diagonalization__________________


Step 0
_________________________________________________
  n | E                 | dE         | norm(r)   |
____|___________________|____________|___________|
  0 |   -380.4057956502 | -3.804e+02 | 1.321e-02 |
  1 |   -380.3210730054 | -3.803e+02 | 1.605e-02 |
  2 |   -380.3182698014 | -3.803e+02 | 1.916e-02 |
  3 |   -380.3176823809 | -3.803e+02 | 1.608e-02 |
____|___________________|____________|___________|
number of corr vectors=301
0 roots converged at step 0


Step 1
_________________________________________________
  n | E                 | dE         | norm(r)   |
____|___________________|____________|___________|
  0 |   -380.4214421288 | -1.565e-02 | 7.573e-04 |
  1 |   -380.3444370865 | -2.336e-02 | 1.739e-03 |
  2 |   -380.3410746528 | -2.280e-02 | 1.663e-03 |
  3 |   -380.3381870303 | -2.050e-02 | 1.434e-03 |
____|___________________|____________|___________|
number of corr vectors=309
0 roots converged at step 1


Step 2
_________________________________________________
  n | E                 | dE         | norm(r)   |
____|___________________|____________|___________|
  0 |   -380.4220361773 | -5.940e-04 | 6.440e-05 |
  1 |   -380.3457890196 | -1.352e-03 | 2.255e-04 |
  2 |   -380.3424353243 | -1.361e-03 | 2.344e-04 |
  3 |   -380.3393954839 | -1.208e-03 | 1.607e-04 |
____|___________________|____________|___________|
number of corr vectors=313
0 roots converged at step 2


Step 3
_________________________________________________
  n | E                 | dE         | norm(r)   |
____|___________________|____________|___________|
  0 |   -380.4220728991 | -3.672e-05 | 1.032e-05 |
  1 |   -380.3459246559 | -1.356e-04 | 3.864e-05 |
  2 |   -380.3425745022 | -1.392e-04 | 4.570e-05 |
  3 |   -380.3394988937 | -1.034e-04 | 2.748e-05 |
____|___________________|____________|___________|
number of corr vectors=309
0 roots converged at step 3


Step 4
_________________________________________________
  n | E                 | dE         | norm(r)   |
____|___________________|____________|___________|
  0 |   -380.4220794208 | -6.522e-06 | 1.467e-06 |
  1 |   -380.3459516794 | -2.702e-05 | 5.791e-06 |
  2 |   -380.3426109546 | -3.645e-05 | 6.012e-06 |
  3 |   -380.3395212122 | -2.232e-05 | 3.885e-06 |
____|___________________|____________|___________|
number of corr vectors=313
0 roots converged at step 4


Step 5
_________________________________________________
  n | E                 | dE         | norm(r)   |
____|___________________|____________|___________|
  0 |   -380.4220801071 | -6.863e-07 | 2.031e-07 |
  1 |   -380.3459541841 | -2.505e-06 | 7.554e-07 |
  2 |   -380.3426141980 | -3.243e-06 | 1.168e-06 |
  3 |   -380.3395231575 | -1.945e-06 | 6.288e-07 |
____|___________________|____________|___________|
number of corr vectors=309
0 roots converged at step 5


Step 6
_________________________________________________
  n | E                 | dE         | norm(r)   |
____|___________________|____________|___________|
  0 |   -380.4220802365 | -1.294e-07 | 3.611e-08 |
  1 |   -380.3459547347 | -5.506e-07 | 1.616e-07 |
  2 |   -380.3426152728 | -1.075e-06 | 3.190e-07 |
  3 |   -380.3395237055 | -5.480e-07 | 1.512e-07 |
____|___________________|____________|___________|
number of corr vectors=313
0 roots converged at step 6


Step 7
_________________________________________________
  n | E                 | dE         | norm(r)   |
____|___________________|____________|___________|
  0 |   -380.4220802576 | -2.112e-08 | 6.556e-09 |
  1 |   -380.3459548306 | -9.585e-08 | 3.225e-08 |
  2 |   -380.3426154625 | -1.897e-07 | 5.512e-08 |
  3 |   -380.3395237970 | -9.156e-08 | 2.874e-08 |
____|___________________|____________|___________|
number of corr vectors=309
0 roots converged at step 7


Step 8
_________________________________________________
  n | E                 | dE         | norm(r)   |
____|___________________|____________|___________|
  0 |   -380.4220802621 | -4.488e-09 | 1.670e-09 |
  1 |   -380.3459548531 | -2.254e-08 | 1.031e-08 |
  2 |   -380.3426155213 | -5.878e-08 | 2.520e-08 |
  3 |   -380.3395238200 | -2.297e-08 | 1.075e-08 |
____|___________________|____________|___________|
number of corr vectors=313
0 roots converged at step 8


Step 9
_________________________________________________
  n | E                 | dE         | norm(r)   |
____|___________________|____________|___________|
  0 |   -380.4220802629 | -8.084e-10 | 2.588e-10 |
  1 |   -380.3459548579 | -4.823e-09 | 1.710e-09 |
  2 |   -380.3426155357 | -1.438e-08 | 4.756e-09 |
  3 |   -380.3395238261 | -6.054e-09 | 2.328e-09 |
____|___________________|____________|___________|
number of corr vectors=309
0 roots converged at step 9


Step 10
_________________________________________________
  n | E                 | dE         | norm(r)   |
____|___________________|____________|___________|
  0 |   -380.4220802631 | -1.891e-10 | 6.364e-11 |
  1 |   -380.3459548592 | -1.253e-09 | 4.454e-10 |
  2 |   -380.3426155406 | -4.924e-09 | 2.149e-09 |
  3 |   -380.3395238280 | -1.992e-09 | 8.209e-10 |
____|___________________|____________|___________|
number of corr vectors=313
0 roots converged at step 10


Step 11
_________________________________________________
  n | E                 | dE         | norm(r)   |
____|___________________|____________|___________|
  0 |   -380.4220802632 | -4.252e-11 | 1.227e-11 |
  1 |   -380.3459548595 | -2.901e-10 | 9.611e-11 |
  2 |   -380.3426155419 | -1.263e-09 | 3.950e-10 |
  3 |   -380.3395238285 | -4.987e-10 | 1.645e-10 |
____|___________________|____________|___________|
number of corr vectors=309
1 roots converged at step 11


Step 12
_________________________________________________
  n | E                 | dE         | norm(r)   |
____|___________________|____________|___________|
  0 |   -380.4220802632 |  1.137e-13 | 1.211e-11 |
  1 |   -380.3459548596 | -7.498e-11 | 3.640e-11 |
  2 |   -380.3426155423 | -3.957e-10 | 1.973e-10 |
  3 |   -380.3395238287 | -1.401e-10 | 7.328e-11 |
____|___________________|____________|___________|
number of corr vectors=312
2 roots converged at step 12


Step 13
_________________________________________________
  n | E                 | dE         | norm(r)   |
____|___________________|____________|___________|
  0 |   -380.4220802632 |  5.059e-12 | 1.194e-11 |
  1 |   -380.3459548595 |  4.320e-12 | 3.640e-11 |
  2 |   -380.3426155424 | -1.131e-10 | 4.019e-11 |
  3 |   -380.3395238287 | -4.269e-11 | 1.633e-11 |
____|___________________|____________|___________|
number of corr vectors=307
3 roots converged at step 13


Step 14
_________________________________________________
  n | E                 | dE         | norm(r)   |
____|___________________|____________|___________|
  0 |   -380.4220802632 | -4.547e-12 | 1.190e-11 |
  1 |   -380.3459548596 | -1.535e-12 | 3.640e-11 |
  2 |   -380.3426155424 | -3.854e-11 | 1.944e-11 |
  3 |   -380.3395238287 | -1.819e-12 | 1.633e-11 |
____|___________________|____________|___________|
number of corr vectors=308
4 roots converged at step 14


CAS_CI WaveFunctions:

State 0  E  =    -380.4220802632 S^2 = 0.75:
 9.4373628102e-01  | 1111111000 | 1111110000
 1.4310488934e-01  | 1111111000 | 1011111000
-9.8959914583e-02  | 1111111000 | 1111010010
 9.8124714781e-02  | 1111101100 | 1111100100
-8.6196065642e-02  | 1111110010 | 1111011000
-6.4486563051e-02  | 1111101100 | 1111011000
-6.3814723925e-02  | 1111111000 | 0111110010
 5.5118084469e-02  | 1111100110 | 1111110000
-4.6816479897e-02  | 1111110100 | 1111100010
 4.6752596291e-02  | 1111111000 | 1110111000
State 1  E  =    -380.3459548596 S^2 = 0.75:
 9.3362290417e-01  | 1111110100 | 1111110000
-1.4873849558e-01  | 1111011100 | 1111011000
 1.0499662220e-01  | 1011111100 | 1111110000
-8.0008971408e-02  | 1111111000 | 1111100010
 7.4458853793e-02  | 1111011100 | 1111100100
 5.8926825963e-02  | 1111110100 | 1011111000
 5.7348017938e-02  | 1111110001 | 1111100010
 5.4100662052e-02  | 1111101010 | 1111110000
-5.1785150406e-02  | 1111110100 | 0111110010
-5.1632034824e-02  | 1111011100 | 1101111000
State 2  E  =    -380.3426155424 S^2 = 0.75:
-9.0747551387e-01  | 1111111000 | 1110111000
-1.9307130975e-01  | 1111110010 | 1101111000
-1.8058535940e-01  | 1111111000 | 1101110010
 1.0368125729e-01  | 1111110100 | 1110110100
 9.6452116421e-02  | 1111110010 | 1111011000
 8.6981090343e-02  | 1111101100 | 1110101100
 8.5223172783e-02  | 1111111000 | 1111010010
-7.3365520063e-02  | 1111101100 | 1101111000
-6.3891627021e-02  | 1111111000 | 1101101100
-5.4638836013e-02  | 1011111010 | 1101111000
State 3  E  =    -380.3395238287 S^2 = 0.75:
 7.4672261869e-01  | 1111111000 | 1101111000
-5.0567396883e-01  | 1111111000 | 1111011000
 2.2370315354e-01  | 1111110010 | 1110111000
 2.0459929694e-01  | 1111111000 | 1110110010
-8.0702869013e-02  | 1111110100 | 1101110100
 7.8873209668e-02  | 1111110010 | 1111110000
 7.8276006244e-02  | 1111101100 | 1110111000
 7.3193844376e-02  | 1111111000 | 1110101100
-7.1023079675e-02  | 1111101100 | 1101101100
 6.4518048168e-02  | 1111110100 | 1111010100


Davidson diagonalization:
Time to step -   34.04549
Full time    -   62.49271
_______________________________________________________________________

===================== DSRG-PT2 relaxation (relax = once) =====================

  root  0 : E(dressed) = -380.422080263163   bare root =  0   |overlap| = 0.991845
  root  1 : E(dressed) = -380.345954859550   bare root =  1   |overlap| = 0.991613
  root  2 : E(dressed) = -380.342615542431   bare root =  2   |overlap| = 0.991624
  root  3 : E(dressed) = -380.339523828729   bare root =  3   |overlap| = 0.988899

  Relaxed SA average                 = -380.362543623468
============================================================================

DSRG-PT2:
Time to step -    0.00010
Full time    -   62.49282


Calculation finished at: 00:35 (EEST), 05 August 2026 (Wednesday).
