
NonOrtogonal quantum chemistry and Perturbation Theory
                  NOPT version 3.4


sQM - standart QM module.

Compilation options:
1) linear algebra package - OpenBLAS
2) non-parallel BLAS matrix multiplication in the OMP parallel cycles

selected command  line options:
-i           4ene_DSRG_aldet.inp	 input file

Calculation started at: 21:40 (EEST), 04 August 2026 (Tuesday).

_______________________________________________________________________

Input file:

   0: $PAR NUM_THREADS=16 N_MOL=1 RHF=0 CAS=1 DSRG=1 D5=1 RI=1 NAME=4ene $PAREND
   1: $MOL
   2: _CHARGE=0;
   3: _BASIS=cc-pvdz;
   4: _RI_BASIS=cc-pvdz-jkfit;
   5: _UNITS= ang;
   6: _xyz
   7: 18
   8: 4ene 
   9: C   4.33581459  -0.21013946   0.00000000
  10: C  -4.33581459   0.21013946   0.00000000
  11: C   3.13707423   0.41982979   0.00000000
  12: C  -3.13707423  -0.41982979   0.00000000
  13: C   1.84790846  -0.28094470   0.00000000
  14: C  -1.84790846   0.28094470   0.00000000
  15: C   0.64299768   0.34910409   0.00000000
  16: C  -0.64299768  -0.34910409   0.00000000
  17: H   4.40307799  -1.30401673   0.00000000
  18: H  -4.40307799   1.30401673   0.00000000
  19: H   5.27492320   0.35051356   0.00000000
  20: H  -5.27492320  -0.35051356   0.00000000
  21: H   3.10371272   1.51717565   0.00000000
  22: H  -3.10371272  -1.51717565   0.00000000
  23: H   1.87744497  -1.37938629   0.00000000
  24: H  -1.87744497   1.37938629   0.00000000
  25: H   0.61477995   1.44763979   0.00000000
  26: H  -0.61477995  -1.44763979   0.00000000
  27: $END
  28: $act_space n_alp=4 n_bet=4 n_val=8 mult=1 p_n=10 reorder=1 orbitals=26,27,28,29,30,31,37,39; $end
  29: _MO INP=4ene_RHF.orb
  30: $CAS n_s=6 w_state=all_1; cisolver=aldet maxit=50 dE=1e-15 grad=1e-8 $END
  31: $dav dr=1E-14 de=1E-10 $end 
  32: $dsrg sa=1 s=0.5 $end
_______________________________________________________________________



_____________________________Input_summary_____________________________


Number of threads:  16

Job name: 4ene

Methods:
Restricted Hartree-Fock                          -     no 
Complete Active Space SCF                        -     yes
eXtended MultiConfiguration QuasiDegenerate PT   -     no 
Complete Degenerate Active Space PT              -     no 
Second order Moller-Plesset PT                   -     no 
State-specific DSRG-PT2                          -     yes
Settings:
D5                                               -     yes
Resolution of Identity                           -     yes
Spin-orbit                                       -     no 
Symmetry point group                             -     no(C1)
Printing:
dipole moment                                    -     yes
electron dispersion                              -     no 
quadrupole moment                                -     no 
Mulliken charges                                 -     no 
_______________________________________________________________________


Reading molecule:
-----------------------------------------------------------------------

WARNING: read_cl is blocked in the 3.0 version

                      units    = ang
                      charge   = 0
                      basis    = cc-pvdz (library)
                      RI basis = cc-pvdz-jkfit (library)
                      included   4ene_RHF.orb (orbitals)
WARNING:              Orbitals are reordered
                      Active space orbitals: 26 27 28 29 30 31 37 39
_______________________________________________________________________

Molecule structure (a.u.):
 ________________________________________________________________________________________
| Atom |    C    |     X     |     Y     |     Z     |   n_ecp   |     q     |    type   |
| _____|_________|___________|___________|___________|___________|___________|___________|
|  C   |     6   |     8.194 |    -0.397 |     0.000 |           |           |    real   |
|  C   |     6   |    -8.194 |     0.397 |     0.000 |           |           |    real   |
|  C   |     6   |     5.928 |     0.793 |     0.000 |           |           |    real   |
|  C   |     6   |    -5.928 |    -0.793 |     0.000 |           |           |    real   |
|  C   |     6   |     3.492 |    -0.531 |     0.000 |           |           |    real   |
|  C   |     6   |    -3.492 |     0.531 |     0.000 |           |           |    real   |
|  C   |     6   |     1.215 |     0.660 |     0.000 |           |           |    real   |
|  C   |     6   |    -1.215 |    -0.660 |     0.000 |           |           |    real   |
|  H   |     1   |     8.321 |    -2.464 |     0.000 |           |           |    real   |
|  H   |     1   |    -8.321 |     2.464 |     0.000 |           |           |    real   |
|  H   |     1   |     9.968 |     0.662 |     0.000 |           |           |    real   |
|  H   |     1   |    -9.968 |    -0.662 |     0.000 |           |           |    real   |
|  H   |     1   |     5.865 |     2.867 |     0.000 |           |           |    real   |
|  H   |     1   |    -5.865 |    -2.867 |     0.000 |           |           |    real   |
|  H   |     1   |     3.548 |    -2.607 |     0.000 |           |           |    real   |
|  H   |     1   |    -3.548 |     2.607 |     0.000 |           |           |    real   |
|  H   |     1   |     1.162 |     2.736 |     0.000 |           |           |    real   |
|  H   |     1   |    -1.162 |    -2.736 |     0.000 |           |           |    real   |
| _____|_________|___________|___________|___________|___________|___________|___________|

Molecule contains 58 electrons

C - nuclear charge (a.u.)
q - additional (partial) charge (a.u.)
n_ecp - number of electrons frozen by ECP
X,Y,Z - cartesian coordinates (Bohr)



 Basis set information:

 ____________________________________________________________________________________
|     Atom     |    L    |       alpha       |         c         |       c(lib)      |
|______________|_________|___________________|___________________|___________________|
|   C (  0)    |         |                   |                   |                   |
|              |     0   |       6665.000000 |          0.363584 |          0.000692 |
|              |         |       1000.000000 |          0.674986 |          0.005329 |
|              |         |        228.000000 |          1.131620 |          0.027077 |
|              |         |         64.710000 |          1.653009 |          0.101718 |
|              |         |         21.060000 |          1.923821 |          0.274740 |
|              |         |          7.495000 |          1.447278 |          0.448564 |
|              |         |          2.797000 |          0.439163 |          0.285074 |
|              |         |          0.521500 |          0.006646 |          0.015204 |
|              |---------|-------------------|-------------------|-------------------|
|              |     0   |       6665.000000 |         -0.154180 |         -0.000146 |
|              |         |       1000.000000 |         -0.293785 |         -0.001154 |
|              |         |        228.000000 |         -0.480896 |         -0.005725 |
|              |         |         64.710000 |         -0.761434 |         -0.023312 |
|              |         |         21.060000 |         -0.900104 |         -0.063955 |
|              |         |          7.495000 |         -0.972611 |         -0.149981 |
|              |         |          2.797000 |         -0.394042 |         -0.127262 |
|              |         |          0.521500 |          0.478394 |          0.544529 |
|              |---------|-------------------|-------------------|-------------------|
|              |     0   |          0.159600 |          0.179964 |          1.000000 |
|              |---------|-------------------|-------------------|-------------------|
|              |     1   |          9.439000 |          1.343737 |          0.038109 |
|              |         |          2.002000 |          1.063168 |          0.209480 |
|              |         |          0.545600 |          0.508232 |          0.508557 |
|              |---------|-------------------|-------------------|-------------------|
|              |     1   |          0.151700 |          0.134950 |          1.000000 |
|              |---------|-------------------|-------------------|-------------------|
|              |     2   |          0.550000 |          0.578155 |          1.000000 |
|--------------|---------|-------------------|-------------------|-------------------|
|   C (  1)    |         |                   |                   |                   |
|              |     0   |       6665.000000 |          0.363584 |          0.000692 |
|              |         |       1000.000000 |          0.674986 |          0.005329 |
|              |         |        228.000000 |          1.131620 |          0.027077 |
|              |         |         64.710000 |          1.653009 |          0.101718 |
|              |         |         21.060000 |          1.923821 |          0.274740 |
|              |         |          7.495000 |          1.447278 |          0.448564 |
|              |         |          2.797000 |          0.439163 |          0.285074 |
|              |         |          0.521500 |          0.006646 |          0.015204 |
|              |---------|-------------------|-------------------|-------------------|
|              |     0   |       6665.000000 |         -0.154180 |         -0.000146 |
|              |         |       1000.000000 |         -0.293785 |         -0.001154 |
|              |         |        228.000000 |         -0.480896 |         -0.005725 |
|              |         |         64.710000 |         -0.761434 |         -0.023312 |
|              |         |         21.060000 |         -0.900104 |         -0.063955 |
|              |         |          7.495000 |         -0.972611 |         -0.149981 |
|              |         |          2.797000 |         -0.394042 |         -0.127262 |
|              |         |          0.521500 |          0.478394 |          0.544529 |
|              |---------|-------------------|-------------------|-------------------|
|              |     0   |          0.159600 |          0.179964 |          1.000000 |
|              |---------|-------------------|-------------------|-------------------|
|              |     1   |          9.439000 |          1.343737 |          0.038109 |
|              |         |          2.002000 |          1.063168 |          0.209480 |
|              |         |          0.545600 |          0.508232 |          0.508557 |
|              |---------|-------------------|-------------------|-------------------|
|              |     1   |          0.151700 |          0.134950 |          1.000000 |
|              |---------|-------------------|-------------------|-------------------|
|              |     2   |          0.550000 |          0.578155 |          1.000000 |
|--------------|---------|-------------------|-------------------|-------------------|
|   C (  2)    |         |                   |                   |                   |
|              |     0   |       6665.000000 |          0.363584 |          0.000692 |
|              |         |       1000.000000 |          0.674986 |          0.005329 |
|              |         |        228.000000 |          1.131620 |          0.027077 |
|              |         |         64.710000 |          1.653009 |          0.101718 |
|              |         |         21.060000 |          1.923821 |          0.274740 |
|              |         |          7.495000 |          1.447278 |          0.448564 |
|              |         |          2.797000 |          0.439163 |          0.285074 |
|              |         |          0.521500 |          0.006646 |          0.015204 |
|              |---------|-------------------|-------------------|-------------------|
|              |     0   |       6665.000000 |         -0.154180 |         -0.000146 |
|              |         |       1000.000000 |         -0.293785 |         -0.001154 |
|              |         |        228.000000 |         -0.480896 |         -0.005725 |
|              |         |         64.710000 |         -0.761434 |         -0.023312 |
|              |         |         21.060000 |         -0.900104 |         -0.063955 |
|              |         |          7.495000 |         -0.972611 |         -0.149981 |
|              |         |          2.797000 |         -0.394042 |         -0.127262 |
|              |         |          0.521500 |          0.478394 |          0.544529 |
|              |---------|-------------------|-------------------|-------------------|
|              |     0   |          0.159600 |          0.179964 |          1.000000 |
|              |---------|-------------------|-------------------|-------------------|
|              |     1   |          9.439000 |          1.343737 |          0.038109 |
|              |         |          2.002000 |          1.063168 |          0.209480 |
|              |         |          0.545600 |          0.508232 |          0.508557 |
|              |---------|-------------------|-------------------|-------------------|
|              |     1   |          0.151700 |          0.134950 |          1.000000 |
|              |---------|-------------------|-------------------|-------------------|
|              |     2   |          0.550000 |          0.578155 |          1.000000 |
|--------------|---------|-------------------|-------------------|-------------------|
|   C (  3)    |         |                   |                   |                   |
|              |     0   |       6665.000000 |          0.363584 |          0.000692 |
|              |         |       1000.000000 |          0.674986 |          0.005329 |
|              |         |        228.000000 |          1.131620 |          0.027077 |
|              |         |         64.710000 |          1.653009 |          0.101718 |
|              |         |         21.060000 |          1.923821 |          0.274740 |
|              |         |          7.495000 |          1.447278 |          0.448564 |
|              |         |          2.797000 |          0.439163 |          0.285074 |
|              |         |          0.521500 |          0.006646 |          0.015204 |
|              |---------|-------------------|-------------------|-------------------|
|              |     0   |       6665.000000 |         -0.154180 |         -0.000146 |
|              |         |       1000.000000 |         -0.293785 |         -0.001154 |
|              |         |        228.000000 |         -0.480896 |         -0.005725 |
|              |         |         64.710000 |         -0.761434 |         -0.023312 |
|              |         |         21.060000 |         -0.900104 |         -0.063955 |
|              |         |          7.495000 |         -0.972611 |         -0.149981 |
|              |         |          2.797000 |         -0.394042 |         -0.127262 |
|              |         |          0.521500 |          0.478394 |          0.544529 |
|              |---------|-------------------|-------------------|-------------------|
|              |     0   |          0.159600 |          0.179964 |          1.000000 |
|              |---------|-------------------|-------------------|-------------------|
|              |     1   |          9.439000 |          1.343737 |          0.038109 |
|              |         |          2.002000 |          1.063168 |          0.209480 |
|              |         |          0.545600 |          0.508232 |          0.508557 |
|              |---------|-------------------|-------------------|-------------------|
|              |     1   |          0.151700 |          0.134950 |          1.000000 |
|              |---------|-------------------|-------------------|-------------------|
|              |     2   |          0.550000 |          0.578155 |          1.000000 |
|--------------|---------|-------------------|-------------------|-------------------|
|   C (  4)    |         |                   |                   |                   |
|              |     0   |       6665.000000 |          0.363584 |          0.000692 |
|              |         |       1000.000000 |          0.674986 |          0.005329 |
|              |         |        228.000000 |          1.131620 |          0.027077 |
|              |         |         64.710000 |          1.653009 |          0.101718 |
|              |         |         21.060000 |          1.923821 |          0.274740 |
|              |         |          7.495000 |          1.447278 |          0.448564 |
|              |         |          2.797000 |          0.439163 |          0.285074 |
|              |         |          0.521500 |          0.006646 |          0.015204 |
|              |---------|-------------------|-------------------|-------------------|
|              |     0   |       6665.000000 |         -0.154180 |         -0.000146 |
|              |         |       1000.000000 |         -0.293785 |         -0.001154 |
|              |         |        228.000000 |         -0.480896 |         -0.005725 |
|              |         |         64.710000 |         -0.761434 |         -0.023312 |
|              |         |         21.060000 |         -0.900104 |         -0.063955 |
|              |         |          7.495000 |         -0.972611 |         -0.149981 |
|              |         |          2.797000 |         -0.394042 |         -0.127262 |
|              |         |          0.521500 |          0.478394 |          0.544529 |
|              |---------|-------------------|-------------------|-------------------|
|              |     0   |          0.159600 |          0.179964 |          1.000000 |
|              |---------|-------------------|-------------------|-------------------|
|              |     1   |          9.439000 |          1.343737 |          0.038109 |
|              |         |          2.002000 |          1.063168 |          0.209480 |
|              |         |          0.545600 |          0.508232 |          0.508557 |
|              |---------|-------------------|-------------------|-------------------|
|              |     1   |          0.151700 |          0.134950 |          1.000000 |
|              |---------|-------------------|-------------------|-------------------|
|              |     2   |          0.550000 |          0.578155 |          1.000000 |
|--------------|---------|-------------------|-------------------|-------------------|
|   C (  5)    |         |                   |                   |                   |
|              |     0   |       6665.000000 |          0.363584 |          0.000692 |
|              |         |       1000.000000 |          0.674986 |          0.005329 |
|              |         |        228.000000 |          1.131620 |          0.027077 |
|              |         |         64.710000 |          1.653009 |          0.101718 |
|              |         |         21.060000 |          1.923821 |          0.274740 |
|              |         |          7.495000 |          1.447278 |          0.448564 |
|              |         |          2.797000 |          0.439163 |          0.285074 |
|              |         |          0.521500 |          0.006646 |          0.015204 |
|              |---------|-------------------|-------------------|-------------------|
|              |     0   |       6665.000000 |         -0.154180 |         -0.000146 |
|              |         |       1000.000000 |         -0.293785 |         -0.001154 |
|              |         |        228.000000 |         -0.480896 |         -0.005725 |
|              |         |         64.710000 |         -0.761434 |         -0.023312 |
|              |         |         21.060000 |         -0.900104 |         -0.063955 |
|              |         |          7.495000 |         -0.972611 |         -0.149981 |
|              |         |          2.797000 |         -0.394042 |         -0.127262 |
|              |         |          0.521500 |          0.478394 |          0.544529 |
|              |---------|-------------------|-------------------|-------------------|
|              |     0   |          0.159600 |          0.179964 |          1.000000 |
|              |---------|-------------------|-------------------|-------------------|
|              |     1   |          9.439000 |          1.343737 |          0.038109 |
|              |         |          2.002000 |          1.063168 |          0.209480 |
|              |         |          0.545600 |          0.508232 |          0.508557 |
|              |---------|-------------------|-------------------|-------------------|
|              |     1   |          0.151700 |          0.134950 |          1.000000 |
|              |---------|-------------------|-------------------|-------------------|
|              |     2   |          0.550000 |          0.578155 |          1.000000 |
|--------------|---------|-------------------|-------------------|-------------------|
|   C (  6)    |         |                   |                   |                   |
|              |     0   |       6665.000000 |          0.363584 |          0.000692 |
|              |         |       1000.000000 |          0.674986 |          0.005329 |
|              |         |        228.000000 |          1.131620 |          0.027077 |
|              |         |         64.710000 |          1.653009 |          0.101718 |
|              |         |         21.060000 |          1.923821 |          0.274740 |
|              |         |          7.495000 |          1.447278 |          0.448564 |
|              |         |          2.797000 |          0.439163 |          0.285074 |
|              |         |          0.521500 |          0.006646 |          0.015204 |
|              |---------|-------------------|-------------------|-------------------|
|              |     0   |       6665.000000 |         -0.154180 |         -0.000146 |
|              |         |       1000.000000 |         -0.293785 |         -0.001154 |
|              |         |        228.000000 |         -0.480896 |         -0.005725 |
|              |         |         64.710000 |         -0.761434 |         -0.023312 |
|              |         |         21.060000 |         -0.900104 |         -0.063955 |
|              |         |          7.495000 |         -0.972611 |         -0.149981 |
|              |         |          2.797000 |         -0.394042 |         -0.127262 |
|              |         |          0.521500 |          0.478394 |          0.544529 |
|              |---------|-------------------|-------------------|-------------------|
|              |     0   |          0.159600 |          0.179964 |          1.000000 |
|              |---------|-------------------|-------------------|-------------------|
|              |     1   |          9.439000 |          1.343737 |          0.038109 |
|              |         |          2.002000 |          1.063168 |          0.209480 |
|              |         |          0.545600 |          0.508232 |          0.508557 |
|              |---------|-------------------|-------------------|-------------------|
|              |     1   |          0.151700 |          0.134950 |          1.000000 |
|              |---------|-------------------|-------------------|-------------------|
|              |     2   |          0.550000 |          0.578155 |          1.000000 |
|--------------|---------|-------------------|-------------------|-------------------|
|   C (  7)    |         |                   |                   |                   |
|              |     0   |       6665.000000 |          0.363584 |          0.000692 |
|              |         |       1000.000000 |          0.674986 |          0.005329 |
|              |         |        228.000000 |          1.131620 |          0.027077 |
|              |         |         64.710000 |          1.653009 |          0.101718 |
|              |         |         21.060000 |          1.923821 |          0.274740 |
|              |         |          7.495000 |          1.447278 |          0.448564 |
|              |         |          2.797000 |          0.439163 |          0.285074 |
|              |         |          0.521500 |          0.006646 |          0.015204 |
|              |---------|-------------------|-------------------|-------------------|
|              |     0   |       6665.000000 |         -0.154180 |         -0.000146 |
|              |         |       1000.000000 |         -0.293785 |         -0.001154 |
|              |         |        228.000000 |         -0.480896 |         -0.005725 |
|              |         |         64.710000 |         -0.761434 |         -0.023312 |
|              |         |         21.060000 |         -0.900104 |         -0.063955 |
|              |         |          7.495000 |         -0.972611 |         -0.149981 |
|              |         |          2.797000 |         -0.394042 |         -0.127262 |
|              |         |          0.521500 |          0.478394 |          0.544529 |
|              |---------|-------------------|-------------------|-------------------|
|              |     0   |          0.159600 |          0.179964 |          1.000000 |
|              |---------|-------------------|-------------------|-------------------|
|              |     1   |          9.439000 |          1.343737 |          0.038109 |
|              |         |          2.002000 |          1.063168 |          0.209480 |
|              |         |          0.545600 |          0.508232 |          0.508557 |
|              |---------|-------------------|-------------------|-------------------|
|              |     1   |          0.151700 |          0.134950 |          1.000000 |
|              |---------|-------------------|-------------------|-------------------|
|              |     2   |          0.550000 |          0.578155 |          1.000000 |
|--------------|---------|-------------------|-------------------|-------------------|
|   H (  8)    |         |                   |                   |                   |
|              |     0   |         13.010000 |          0.163548 |          0.019685 |
|              |         |          1.962000 |          0.277418 |          0.137977 |
|              |         |          0.444600 |          0.315749 |          0.478148 |
|              |---------|-------------------|-------------------|-------------------|
|              |     0   |          0.122000 |          0.147123 |          1.000000 |
|              |---------|-------------------|-------------------|-------------------|
|              |     1   |          0.727000 |          0.956881 |          1.000000 |
|--------------|---------|-------------------|-------------------|-------------------|
|   H (  9)    |         |                   |                   |                   |
|              |     0   |         13.010000 |          0.163548 |          0.019685 |
|              |         |          1.962000 |          0.277418 |          0.137977 |
|              |         |          0.444600 |          0.315749 |          0.478148 |
|              |---------|-------------------|-------------------|-------------------|
|              |     0   |          0.122000 |          0.147123 |          1.000000 |
|              |---------|-------------------|-------------------|-------------------|
|              |     1   |          0.727000 |          0.956881 |          1.000000 |
|--------------|---------|-------------------|-------------------|-------------------|
|   H ( 10)    |         |                   |                   |                   |
|              |     0   |         13.010000 |          0.163548 |          0.019685 |
|              |         |          1.962000 |          0.277418 |          0.137977 |
|              |         |          0.444600 |          0.315749 |          0.478148 |
|              |---------|-------------------|-------------------|-------------------|
|              |     0   |          0.122000 |          0.147123 |          1.000000 |
|              |---------|-------------------|-------------------|-------------------|
|              |     1   |          0.727000 |          0.956881 |          1.000000 |
|--------------|---------|-------------------|-------------------|-------------------|
|   H ( 11)    |         |                   |                   |                   |
|              |     0   |         13.010000 |          0.163548 |          0.019685 |
|              |         |          1.962000 |          0.277418 |          0.137977 |
|              |         |          0.444600 |          0.315749 |          0.478148 |
|              |---------|-------------------|-------------------|-------------------|
|              |     0   |          0.122000 |          0.147123 |          1.000000 |
|              |---------|-------------------|-------------------|-------------------|
|              |     1   |          0.727000 |          0.956881 |          1.000000 |
|--------------|---------|-------------------|-------------------|-------------------|
|   H ( 12)    |         |                   |                   |                   |
|              |     0   |         13.010000 |          0.163548 |          0.019685 |
|              |         |          1.962000 |          0.277418 |          0.137977 |
|              |         |          0.444600 |          0.315749 |          0.478148 |
|              |---------|-------------------|-------------------|-------------------|
|              |     0   |          0.122000 |          0.147123 |          1.000000 |
|              |---------|-------------------|-------------------|-------------------|
|              |     1   |          0.727000 |          0.956881 |          1.000000 |
|--------------|---------|-------------------|-------------------|-------------------|
|   H ( 13)    |         |                   |                   |                   |
|              |     0   |         13.010000 |          0.163548 |          0.019685 |
|              |         |          1.962000 |          0.277418 |          0.137977 |
|              |         |          0.444600 |          0.315749 |          0.478148 |
|              |---------|-------------------|-------------------|-------------------|
|              |     0   |          0.122000 |          0.147123 |          1.000000 |
|              |---------|-------------------|-------------------|-------------------|
|              |     1   |          0.727000 |          0.956881 |          1.000000 |
|--------------|---------|-------------------|-------------------|-------------------|
|   H ( 14)    |         |                   |                   |                   |
|              |     0   |         13.010000 |          0.163548 |          0.019685 |
|              |         |          1.962000 |          0.277418 |          0.137977 |
|              |         |          0.444600 |          0.315749 |          0.478148 |
|              |---------|-------------------|-------------------|-------------------|
|              |     0   |          0.122000 |          0.147123 |          1.000000 |
|              |---------|-------------------|-------------------|-------------------|
|              |     1   |          0.727000 |          0.956881 |          1.000000 |
|--------------|---------|-------------------|-------------------|-------------------|
|   H ( 15)    |         |                   |                   |                   |
|              |     0   |         13.010000 |          0.163548 |          0.019685 |
|              |         |          1.962000 |          0.277418 |          0.137977 |
|              |         |          0.444600 |          0.315749 |          0.478148 |
|              |---------|-------------------|-------------------|-------------------|
|              |     0   |          0.122000 |          0.147123 |          1.000000 |
|              |---------|-------------------|-------------------|-------------------|
|              |     1   |          0.727000 |          0.956881 |          1.000000 |
|--------------|---------|-------------------|-------------------|-------------------|
|   H ( 16)    |         |                   |                   |                   |
|              |     0   |         13.010000 |          0.163548 |          0.019685 |
|              |         |          1.962000 |          0.277418 |          0.137977 |
|              |         |          0.444600 |          0.315749 |          0.478148 |
|              |---------|-------------------|-------------------|-------------------|
|              |     0   |          0.122000 |          0.147123 |          1.000000 |
|              |---------|-------------------|-------------------|-------------------|
|              |     1   |          0.727000 |          0.956881 |          1.000000 |
|--------------|---------|-------------------|-------------------|-------------------|
|   H ( 17)    |         |                   |                   |                   |
|              |     0   |         13.010000 |          0.163548 |          0.019685 |
|              |         |          1.962000 |          0.277418 |          0.137977 |
|              |         |          0.444600 |          0.315749 |          0.478148 |
|              |---------|-------------------|-------------------|-------------------|
|              |     0   |          0.122000 |          0.147123 |          1.000000 |
|              |---------|-------------------|-------------------|-------------------|
|              |     1   |          0.727000 |          0.956881 |          1.000000 |
|______________|_________|___________________|___________________|___________________|



 RI basis set information:

 ____________________________________________________________________________________
|     Atom     |    L    |       alpha       |         c         |       c(lib)      |
|______________|_________|___________________|___________________|___________________|
|   C (  0)    |         |                   |                   |                   |
|              |     0   |       1113.986772 |        137.426383 |          1.000000 |
|              |---------|-------------------|-------------------|-------------------|
|              |     0   |        369.162342 |         60.023752 |          1.000000 |
|              |---------|-------------------|-------------------|-------------------|
|              |     0   |        121.792752 |         26.129204 |          1.000000 |
|              |---------|-------------------|-------------------|-------------------|
|              |     0   |         48.127115 |         13.022743 |          1.000000 |
|              |---------|-------------------|-------------------|-------------------|
|              |     0   |         20.365074 |          6.832420 |          1.000000 |
|              |---------|-------------------|-------------------|-------------------|
|              |     0   |          8.088360 |          3.418263 |          1.000000 |
|              |---------|-------------------|-------------------|-------------------|
|              |     0   |          2.506866 |          1.419902 |          1.000000 |
|              |---------|-------------------|-------------------|-------------------|
|              |     0   |          1.243854 |          0.839435 |          1.000000 |
|              |---------|-------------------|-------------------|-------------------|
|              |     0   |          0.484499 |          0.413885 |          1.000000 |
|              |---------|-------------------|-------------------|-------------------|
|              |     0   |          0.191852 |          0.206602 |          1.000000 |
|              |---------|-------------------|-------------------|-------------------|
|              |     1   |        102.991762 |        467.673972 |          1.000000 |
|              |---------|-------------------|-------------------|-------------------|
|              |     1   |         28.132594 |         92.353277 |          1.000000 |
|              |---------|-------------------|-------------------|-------------------|
|              |     1   |          9.836432 |         24.830592 |          1.000000 |
|              |---------|-------------------|-------------------|-------------------|
|              |     1   |          3.349054 |          6.457923 |          1.000000 |
|              |---------|-------------------|-------------------|-------------------|
|              |     1   |          1.494762 |          2.355890 |          1.000000 |
|              |---------|-------------------|-------------------|-------------------|
|              |     1   |          0.576901 |          0.716666 |          1.000000 |
|              |---------|-------------------|-------------------|-------------------|
|              |     1   |          0.203201 |          0.194467 |          1.000000 |
|              |---------|-------------------|-------------------|-------------------|
|              |     2   |         10.594068 |        102.392773 |          1.000000 |
|              |---------|-------------------|-------------------|-------------------|
|              |     2   |          3.599720 |         15.483874 |          1.000000 |
|              |---------|-------------------|-------------------|-------------------|
|              |     2   |          1.335569 |          2.731025 |          1.000000 |
|              |---------|-------------------|-------------------|-------------------|
|              |     2   |          0.519498 |          0.523216 |          1.000000 |
|              |---------|-------------------|-------------------|-------------------|
|              |     2   |          0.199541 |          0.098054 |          1.000000 |
|              |---------|-------------------|-------------------|-------------------|
|              |     3   |          1.194866 |          2.197470 |          1.000000 |
|              |---------|-------------------|-------------------|-------------------|
|              |     3   |          0.415866 |          0.204456 |          1.000000 |
|--------------|---------|-------------------|-------------------|-------------------|
|   C (  1)    |         |                   |                   |                   |
|              |     0   |       1113.986772 |        137.426383 |          1.000000 |
|              |---------|-------------------|-------------------|-------------------|
|              |     0   |        369.162342 |         60.023752 |          1.000000 |
|              |---------|-------------------|-------------------|-------------------|
|              |     0   |        121.792752 |         26.129204 |          1.000000 |
|              |---------|-------------------|-------------------|-------------------|
|              |     0   |         48.127115 |         13.022743 |          1.000000 |
|              |---------|-------------------|-------------------|-------------------|
|              |     0   |         20.365074 |          6.832420 |          1.000000 |
|              |---------|-------------------|-------------------|-------------------|
|              |     0   |          8.088360 |          3.418263 |          1.000000 |
|              |---------|-------------------|-------------------|-------------------|
|              |     0   |          2.506866 |          1.419902 |          1.000000 |
|              |---------|-------------------|-------------------|-------------------|
|              |     0   |          1.243854 |          0.839435 |          1.000000 |
|              |---------|-------------------|-------------------|-------------------|
|              |     0   |          0.484499 |          0.413885 |          1.000000 |
|              |---------|-------------------|-------------------|-------------------|
|              |     0   |          0.191852 |          0.206602 |          1.000000 |
|              |---------|-------------------|-------------------|-------------------|
|              |     1   |        102.991762 |        467.673972 |          1.000000 |
|              |---------|-------------------|-------------------|-------------------|
|              |     1   |         28.132594 |         92.353277 |          1.000000 |
|              |---------|-------------------|-------------------|-------------------|
|              |     1   |          9.836432 |         24.830592 |          1.000000 |
|              |---------|-------------------|-------------------|-------------------|
|              |     1   |          3.349054 |          6.457923 |          1.000000 |
|              |---------|-------------------|-------------------|-------------------|
|              |     1   |          1.494762 |          2.355890 |          1.000000 |
|              |---------|-------------------|-------------------|-------------------|
|              |     1   |          0.576901 |          0.716666 |          1.000000 |
|              |---------|-------------------|-------------------|-------------------|
|              |     1   |          0.203201 |          0.194467 |          1.000000 |
|              |---------|-------------------|-------------------|-------------------|
|              |     2   |         10.594068 |        102.392773 |          1.000000 |
|              |---------|-------------------|-------------------|-------------------|
|              |     2   |          3.599720 |         15.483874 |          1.000000 |
|              |---------|-------------------|-------------------|-------------------|
|              |     2   |          1.335569 |          2.731025 |          1.000000 |
|              |---------|-------------------|-------------------|-------------------|
|              |     2   |          0.519498 |          0.523216 |          1.000000 |
|              |---------|-------------------|-------------------|-------------------|
|              |     2   |          0.199541 |          0.098054 |          1.000000 |
|              |---------|-------------------|-------------------|-------------------|
|              |     3   |          1.194866 |          2.197470 |          1.000000 |
|              |---------|-------------------|-------------------|-------------------|
|              |     3   |          0.415866 |          0.204456 |          1.000000 |
|--------------|---------|-------------------|-------------------|-------------------|
|   C (  2)    |         |                   |                   |                   |
|              |     0   |       1113.986772 |        137.426383 |          1.000000 |
|              |---------|-------------------|-------------------|-------------------|
|              |     0   |        369.162342 |         60.023752 |          1.000000 |
|              |---------|-------------------|-------------------|-------------------|
|              |     0   |        121.792752 |         26.129204 |          1.000000 |
|              |---------|-------------------|-------------------|-------------------|
|              |     0   |         48.127115 |         13.022743 |          1.000000 |
|              |---------|-------------------|-------------------|-------------------|
|              |     0   |         20.365074 |          6.832420 |          1.000000 |
|              |---------|-------------------|-------------------|-------------------|
|              |     0   |          8.088360 |          3.418263 |          1.000000 |
|              |---------|-------------------|-------------------|-------------------|
|              |     0   |          2.506866 |          1.419902 |          1.000000 |
|              |---------|-------------------|-------------------|-------------------|
|              |     0   |          1.243854 |          0.839435 |          1.000000 |
|              |---------|-------------------|-------------------|-------------------|
|              |     0   |          0.484499 |          0.413885 |          1.000000 |
|              |---------|-------------------|-------------------|-------------------|
|              |     0   |          0.191852 |          0.206602 |          1.000000 |
|              |---------|-------------------|-------------------|-------------------|
|              |     1   |        102.991762 |        467.673972 |          1.000000 |
|              |---------|-------------------|-------------------|-------------------|
|              |     1   |         28.132594 |         92.353277 |          1.000000 |
|              |---------|-------------------|-------------------|-------------------|
|              |     1   |          9.836432 |         24.830592 |          1.000000 |
|              |---------|-------------------|-------------------|-------------------|
|              |     1   |          3.349054 |          6.457923 |          1.000000 |
|              |---------|-------------------|-------------------|-------------------|
|              |     1   |          1.494762 |          2.355890 |          1.000000 |
|              |---------|-------------------|-------------------|-------------------|
|              |     1   |          0.576901 |          0.716666 |          1.000000 |
|              |---------|-------------------|-------------------|-------------------|
|              |     1   |          0.203201 |          0.194467 |          1.000000 |
|              |---------|-------------------|-------------------|-------------------|
|              |     2   |         10.594068 |        102.392773 |          1.000000 |
|              |---------|-------------------|-------------------|-------------------|
|              |     2   |          3.599720 |         15.483874 |          1.000000 |
|              |---------|-------------------|-------------------|-------------------|
|              |     2   |          1.335569 |          2.731025 |          1.000000 |
|              |---------|-------------------|-------------------|-------------------|
|              |     2   |          0.519498 |          0.523216 |          1.000000 |
|              |---------|-------------------|-------------------|-------------------|
|              |     2   |          0.199541 |          0.098054 |          1.000000 |
|              |---------|-------------------|-------------------|-------------------|
|              |     3   |          1.194866 |          2.197470 |          1.000000 |
|              |---------|-------------------|-------------------|-------------------|
|              |     3   |          0.415866 |          0.204456 |          1.000000 |
|--------------|---------|-------------------|-------------------|-------------------|
|   C (  3)    |         |                   |                   |                   |
|              |     0   |       1113.986772 |        137.426383 |          1.000000 |
|              |---------|-------------------|-------------------|-------------------|
|              |     0   |        369.162342 |         60.023752 |          1.000000 |
|              |---------|-------------------|-------------------|-------------------|
|              |     0   |        121.792752 |         26.129204 |          1.000000 |
|              |---------|-------------------|-------------------|-------------------|
|              |     0   |         48.127115 |         13.022743 |          1.000000 |
|              |---------|-------------------|-------------------|-------------------|
|              |     0   |         20.365074 |          6.832420 |          1.000000 |
|              |---------|-------------------|-------------------|-------------------|
|              |     0   |          8.088360 |          3.418263 |          1.000000 |
|              |---------|-------------------|-------------------|-------------------|
|              |     0   |          2.506866 |          1.419902 |          1.000000 |
|              |---------|-------------------|-------------------|-------------------|
|              |     0   |          1.243854 |          0.839435 |          1.000000 |
|              |---------|-------------------|-------------------|-------------------|
|              |     0   |          0.484499 |          0.413885 |          1.000000 |
|              |---------|-------------------|-------------------|-------------------|
|              |     0   |          0.191852 |          0.206602 |          1.000000 |
|              |---------|-------------------|-------------------|-------------------|
|              |     1   |        102.991762 |        467.673972 |          1.000000 |
|              |---------|-------------------|-------------------|-------------------|
|              |     1   |         28.132594 |         92.353277 |          1.000000 |
|              |---------|-------------------|-------------------|-------------------|
|              |     1   |          9.836432 |         24.830592 |          1.000000 |
|              |---------|-------------------|-------------------|-------------------|
|              |     1   |          3.349054 |          6.457923 |          1.000000 |
|              |---------|-------------------|-------------------|-------------------|
|              |     1   |          1.494762 |          2.355890 |          1.000000 |
|              |---------|-------------------|-------------------|-------------------|
|              |     1   |          0.576901 |          0.716666 |          1.000000 |
|              |---------|-------------------|-------------------|-------------------|
|              |     1   |          0.203201 |          0.194467 |          1.000000 |
|              |---------|-------------------|-------------------|-------------------|
|              |     2   |         10.594068 |        102.392773 |          1.000000 |
|              |---------|-------------------|-------------------|-------------------|
|              |     2   |          3.599720 |         15.483874 |          1.000000 |
|              |---------|-------------------|-------------------|-------------------|
|              |     2   |          1.335569 |          2.731025 |          1.000000 |
|              |---------|-------------------|-------------------|-------------------|
|              |     2   |          0.519498 |          0.523216 |          1.000000 |
|              |---------|-------------------|-------------------|-------------------|
|              |     2   |          0.199541 |          0.098054 |          1.000000 |
|              |---------|-------------------|-------------------|-------------------|
|              |     3   |          1.194866 |          2.197470 |          1.000000 |
|              |---------|-------------------|-------------------|-------------------|
|              |     3   |          0.415866 |          0.204456 |          1.000000 |
|--------------|---------|-------------------|-------------------|-------------------|
|   C (  4)    |         |                   |                   |                   |
|              |     0   |       1113.986772 |        137.426383 |          1.000000 |
|              |---------|-------------------|-------------------|-------------------|
|              |     0   |        369.162342 |         60.023752 |          1.000000 |
|              |---------|-------------------|-------------------|-------------------|
|              |     0   |        121.792752 |         26.129204 |          1.000000 |
|              |---------|-------------------|-------------------|-------------------|
|              |     0   |         48.127115 |         13.022743 |          1.000000 |
|              |---------|-------------------|-------------------|-------------------|
|              |     0   |         20.365074 |          6.832420 |          1.000000 |
|              |---------|-------------------|-------------------|-------------------|
|              |     0   |          8.088360 |          3.418263 |          1.000000 |
|              |---------|-------------------|-------------------|-------------------|
|              |     0   |          2.506866 |          1.419902 |          1.000000 |
|              |---------|-------------------|-------------------|-------------------|
|              |     0   |          1.243854 |          0.839435 |          1.000000 |
|              |---------|-------------------|-------------------|-------------------|
|              |     0   |          0.484499 |          0.413885 |          1.000000 |
|              |---------|-------------------|-------------------|-------------------|
|              |     0   |          0.191852 |          0.206602 |          1.000000 |
|              |---------|-------------------|-------------------|-------------------|
|              |     1   |        102.991762 |        467.673972 |          1.000000 |
|              |---------|-------------------|-------------------|-------------------|
|              |     1   |         28.132594 |         92.353277 |          1.000000 |
|              |---------|-------------------|-------------------|-------------------|
|              |     1   |          9.836432 |         24.830592 |          1.000000 |
|              |---------|-------------------|-------------------|-------------------|
|              |     1   |          3.349054 |          6.457923 |          1.000000 |
|              |---------|-------------------|-------------------|-------------------|
|              |     1   |          1.494762 |          2.355890 |          1.000000 |
|              |---------|-------------------|-------------------|-------------------|
|              |     1   |          0.576901 |          0.716666 |          1.000000 |
|              |---------|-------------------|-------------------|-------------------|
|              |     1   |          0.203201 |          0.194467 |          1.000000 |
|              |---------|-------------------|-------------------|-------------------|
|              |     2   |         10.594068 |        102.392773 |          1.000000 |
|              |---------|-------------------|-------------------|-------------------|
|              |     2   |          3.599720 |         15.483874 |          1.000000 |
|              |---------|-------------------|-------------------|-------------------|
|              |     2   |          1.335569 |          2.731025 |          1.000000 |
|              |---------|-------------------|-------------------|-------------------|
|              |     2   |          0.519498 |          0.523216 |          1.000000 |
|              |---------|-------------------|-------------------|-------------------|
|              |     2   |          0.199541 |          0.098054 |          1.000000 |
|              |---------|-------------------|-------------------|-------------------|
|              |     3   |          1.194866 |          2.197470 |          1.000000 |
|              |---------|-------------------|-------------------|-------------------|
|              |     3   |          0.415866 |          0.204456 |          1.000000 |
|--------------|---------|-------------------|-------------------|-------------------|
|   C (  5)    |         |                   |                   |                   |
|              |     0   |       1113.986772 |        137.426383 |          1.000000 |
|              |---------|-------------------|-------------------|-------------------|
|              |     0   |        369.162342 |         60.023752 |          1.000000 |
|              |---------|-------------------|-------------------|-------------------|
|              |     0   |        121.792752 |         26.129204 |          1.000000 |
|              |---------|-------------------|-------------------|-------------------|
|              |     0   |         48.127115 |         13.022743 |          1.000000 |
|              |---------|-------------------|-------------------|-------------------|
|              |     0   |         20.365074 |          6.832420 |          1.000000 |
|              |---------|-------------------|-------------------|-------------------|
|              |     0   |          8.088360 |          3.418263 |          1.000000 |
|              |---------|-------------------|-------------------|-------------------|
|              |     0   |          2.506866 |          1.419902 |          1.000000 |
|              |---------|-------------------|-------------------|-------------------|
|              |     0   |          1.243854 |          0.839435 |          1.000000 |
|              |---------|-------------------|-------------------|-------------------|
|              |     0   |          0.484499 |          0.413885 |          1.000000 |
|              |---------|-------------------|-------------------|-------------------|
|              |     0   |          0.191852 |          0.206602 |          1.000000 |
|              |---------|-------------------|-------------------|-------------------|
|              |     1   |        102.991762 |        467.673972 |          1.000000 |
|              |---------|-------------------|-------------------|-------------------|
|              |     1   |         28.132594 |         92.353277 |          1.000000 |
|              |---------|-------------------|-------------------|-------------------|
|              |     1   |          9.836432 |         24.830592 |          1.000000 |
|              |---------|-------------------|-------------------|-------------------|
|              |     1   |          3.349054 |          6.457923 |          1.000000 |
|              |---------|-------------------|-------------------|-------------------|
|              |     1   |          1.494762 |          2.355890 |          1.000000 |
|              |---------|-------------------|-------------------|-------------------|
|              |     1   |          0.576901 |          0.716666 |          1.000000 |
|              |---------|-------------------|-------------------|-------------------|
|              |     1   |          0.203201 |          0.194467 |          1.000000 |
|              |---------|-------------------|-------------------|-------------------|
|              |     2   |         10.594068 |        102.392773 |          1.000000 |
|              |---------|-------------------|-------------------|-------------------|
|              |     2   |          3.599720 |         15.483874 |          1.000000 |
|              |---------|-------------------|-------------------|-------------------|
|              |     2   |          1.335569 |          2.731025 |          1.000000 |
|              |---------|-------------------|-------------------|-------------------|
|              |     2   |          0.519498 |          0.523216 |          1.000000 |
|              |---------|-------------------|-------------------|-------------------|
|              |     2   |          0.199541 |          0.098054 |          1.000000 |
|              |---------|-------------------|-------------------|-------------------|
|              |     3   |          1.194866 |          2.197470 |          1.000000 |
|              |---------|-------------------|-------------------|-------------------|
|              |     3   |          0.415866 |          0.204456 |          1.000000 |
|--------------|---------|-------------------|-------------------|-------------------|
|   C (  6)    |         |                   |                   |                   |
|              |     0   |       1113.986772 |        137.426383 |          1.000000 |
|              |---------|-------------------|-------------------|-------------------|
|              |     0   |        369.162342 |         60.023752 |          1.000000 |
|              |---------|-------------------|-------------------|-------------------|
|              |     0   |        121.792752 |         26.129204 |          1.000000 |
|              |---------|-------------------|-------------------|-------------------|
|              |     0   |         48.127115 |         13.022743 |          1.000000 |
|              |---------|-------------------|-------------------|-------------------|
|              |     0   |         20.365074 |          6.832420 |          1.000000 |
|              |---------|-------------------|-------------------|-------------------|
|              |     0   |          8.088360 |          3.418263 |          1.000000 |
|              |---------|-------------------|-------------------|-------------------|
|              |     0   |          2.506866 |          1.419902 |          1.000000 |
|              |---------|-------------------|-------------------|-------------------|
|              |     0   |          1.243854 |          0.839435 |          1.000000 |
|              |---------|-------------------|-------------------|-------------------|
|              |     0   |          0.484499 |          0.413885 |          1.000000 |
|              |---------|-------------------|-------------------|-------------------|
|              |     0   |          0.191852 |          0.206602 |          1.000000 |
|              |---------|-------------------|-------------------|-------------------|
|              |     1   |        102.991762 |        467.673972 |          1.000000 |
|              |---------|-------------------|-------------------|-------------------|
|              |     1   |         28.132594 |         92.353277 |          1.000000 |
|              |---------|-------------------|-------------------|-------------------|
|              |     1   |          9.836432 |         24.830592 |          1.000000 |
|              |---------|-------------------|-------------------|-------------------|
|              |     1   |          3.349054 |          6.457923 |          1.000000 |
|              |---------|-------------------|-------------------|-------------------|
|              |     1   |          1.494762 |          2.355890 |          1.000000 |
|              |---------|-------------------|-------------------|-------------------|
|              |     1   |          0.576901 |          0.716666 |          1.000000 |
|              |---------|-------------------|-------------------|-------------------|
|              |     1   |          0.203201 |          0.194467 |          1.000000 |
|              |---------|-------------------|-------------------|-------------------|
|              |     2   |         10.594068 |        102.392773 |          1.000000 |
|              |---------|-------------------|-------------------|-------------------|
|              |     2   |          3.599720 |         15.483874 |          1.000000 |
|              |---------|-------------------|-------------------|-------------------|
|              |     2   |          1.335569 |          2.731025 |          1.000000 |
|              |---------|-------------------|-------------------|-------------------|
|              |     2   |          0.519498 |          0.523216 |          1.000000 |
|              |---------|-------------------|-------------------|-------------------|
|              |     2   |          0.199541 |          0.098054 |          1.000000 |
|              |---------|-------------------|-------------------|-------------------|
|              |     3   |          1.194866 |          2.197470 |          1.000000 |
|              |---------|-------------------|-------------------|-------------------|
|              |     3   |          0.415866 |          0.204456 |          1.000000 |
|--------------|---------|-------------------|-------------------|-------------------|
|   C (  7)    |         |                   |                   |                   |
|              |     0   |       1113.986772 |        137.426383 |          1.000000 |
|              |---------|-------------------|-------------------|-------------------|
|              |     0   |        369.162342 |         60.023752 |          1.000000 |
|              |---------|-------------------|-------------------|-------------------|
|              |     0   |        121.792752 |         26.129204 |          1.000000 |
|              |---------|-------------------|-------------------|-------------------|
|              |     0   |         48.127115 |         13.022743 |          1.000000 |
|              |---------|-------------------|-------------------|-------------------|
|              |     0   |         20.365074 |          6.832420 |          1.000000 |
|              |---------|-------------------|-------------------|-------------------|
|              |     0   |          8.088360 |          3.418263 |          1.000000 |
|              |---------|-------------------|-------------------|-------------------|
|              |     0   |          2.506866 |          1.419902 |          1.000000 |
|              |---------|-------------------|-------------------|-------------------|
|              |     0   |          1.243854 |          0.839435 |          1.000000 |
|              |---------|-------------------|-------------------|-------------------|
|              |     0   |          0.484499 |          0.413885 |          1.000000 |
|              |---------|-------------------|-------------------|-------------------|
|              |     0   |          0.191852 |          0.206602 |          1.000000 |
|              |---------|-------------------|-------------------|-------------------|
|              |     1   |        102.991762 |        467.673972 |          1.000000 |
|              |---------|-------------------|-------------------|-------------------|
|              |     1   |         28.132594 |         92.353277 |          1.000000 |
|              |---------|-------------------|-------------------|-------------------|
|              |     1   |          9.836432 |         24.830592 |          1.000000 |
|              |---------|-------------------|-------------------|-------------------|
|              |     1   |          3.349054 |          6.457923 |          1.000000 |
|              |---------|-------------------|-------------------|-------------------|
|              |     1   |          1.494762 |          2.355890 |          1.000000 |
|              |---------|-------------------|-------------------|-------------------|
|              |     1   |          0.576901 |          0.716666 |          1.000000 |
|              |---------|-------------------|-------------------|-------------------|
|              |     1   |          0.203201 |          0.194467 |          1.000000 |
|              |---------|-------------------|-------------------|-------------------|
|              |     2   |         10.594068 |        102.392773 |          1.000000 |
|              |---------|-------------------|-------------------|-------------------|
|              |     2   |          3.599720 |         15.483874 |          1.000000 |
|              |---------|-------------------|-------------------|-------------------|
|              |     2   |          1.335569 |          2.731025 |          1.000000 |
|              |---------|-------------------|-------------------|-------------------|
|              |     2   |          0.519498 |          0.523216 |          1.000000 |
|              |---------|-------------------|-------------------|-------------------|
|              |     2   |          0.199541 |          0.098054 |          1.000000 |
|              |---------|-------------------|-------------------|-------------------|
|              |     3   |          1.194866 |          2.197470 |          1.000000 |
|              |---------|-------------------|-------------------|-------------------|
|              |     3   |          0.415866 |          0.204456 |          1.000000 |
|--------------|---------|-------------------|-------------------|-------------------|
|   H (  8)    |         |                   |                   |                   |
|              |     0   |          9.530249 |          3.865790 |          1.000000 |
|              |---------|-------------------|-------------------|-------------------|
|              |     0   |          1.917451 |          1.161324 |          1.000000 |
|              |---------|-------------------|-------------------|-------------------|
|              |     0   |          0.684240 |          0.536187 |          1.000000 |
|              |---------|-------------------|-------------------|-------------------|
|              |     0   |          0.284133 |          0.277364 |          1.000000 |
|              |---------|-------------------|-------------------|-------------------|
|              |     1   |          2.913323 |          5.425327 |          1.000000 |
|              |---------|-------------------|-------------------|-------------------|
|              |     1   |          1.262121 |          1.906848 |          1.000000 |
|              |---------|-------------------|-------------------|-------------------|
|              |     1   |          0.501998 |          0.602306 |          1.000000 |
|              |---------|-------------------|-------------------|-------------------|
|              |     2   |          2.313533 |          7.143185 |          1.000000 |
|              |---------|-------------------|-------------------|-------------------|
|              |     2   |          0.712907 |          0.910369 |          1.000000 |
|--------------|---------|-------------------|-------------------|-------------------|
|   H (  9)    |         |                   |                   |                   |
|              |     0   |          9.530249 |          3.865790 |          1.000000 |
|              |---------|-------------------|-------------------|-------------------|
|              |     0   |          1.917451 |          1.161324 |          1.000000 |
|              |---------|-------------------|-------------------|-------------------|
|              |     0   |          0.684240 |          0.536187 |          1.000000 |
|              |---------|-------------------|-------------------|-------------------|
|              |     0   |          0.284133 |          0.277364 |          1.000000 |
|              |---------|-------------------|-------------------|-------------------|
|              |     1   |          2.913323 |          5.425327 |          1.000000 |
|              |---------|-------------------|-------------------|-------------------|
|              |     1   |          1.262121 |          1.906848 |          1.000000 |
|              |---------|-------------------|-------------------|-------------------|
|              |     1   |          0.501998 |          0.602306 |          1.000000 |
|              |---------|-------------------|-------------------|-------------------|
|              |     2   |          2.313533 |          7.143185 |          1.000000 |
|              |---------|-------------------|-------------------|-------------------|
|              |     2   |          0.712907 |          0.910369 |          1.000000 |
|--------------|---------|-------------------|-------------------|-------------------|
|   H ( 10)    |         |                   |                   |                   |
|              |     0   |          9.530249 |          3.865790 |          1.000000 |
|              |---------|-------------------|-------------------|-------------------|
|              |     0   |          1.917451 |          1.161324 |          1.000000 |
|              |---------|-------------------|-------------------|-------------------|
|              |     0   |          0.684240 |          0.536187 |          1.000000 |
|              |---------|-------------------|-------------------|-------------------|
|              |     0   |          0.284133 |          0.277364 |          1.000000 |
|              |---------|-------------------|-------------------|-------------------|
|              |     1   |          2.913323 |          5.425327 |          1.000000 |
|              |---------|-------------------|-------------------|-------------------|
|              |     1   |          1.262121 |          1.906848 |          1.000000 |
|              |---------|-------------------|-------------------|-------------------|
|              |     1   |          0.501998 |          0.602306 |          1.000000 |
|              |---------|-------------------|-------------------|-------------------|
|              |     2   |          2.313533 |          7.143185 |          1.000000 |
|              |---------|-------------------|-------------------|-------------------|
|              |     2   |          0.712907 |          0.910369 |          1.000000 |
|--------------|---------|-------------------|-------------------|-------------------|
|   H ( 11)    |         |                   |                   |                   |
|              |     0   |          9.530249 |          3.865790 |          1.000000 |
|              |---------|-------------------|-------------------|-------------------|
|              |     0   |          1.917451 |          1.161324 |          1.000000 |
|              |---------|-------------------|-------------------|-------------------|
|              |     0   |          0.684240 |          0.536187 |          1.000000 |
|              |---------|-------------------|-------------------|-------------------|
|              |     0   |          0.284133 |          0.277364 |          1.000000 |
|              |---------|-------------------|-------------------|-------------------|
|              |     1   |          2.913323 |          5.425327 |          1.000000 |
|              |---------|-------------------|-------------------|-------------------|
|              |     1   |          1.262121 |          1.906848 |          1.000000 |
|              |---------|-------------------|-------------------|-------------------|
|              |     1   |          0.501998 |          0.602306 |          1.000000 |
|              |---------|-------------------|-------------------|-------------------|
|              |     2   |          2.313533 |          7.143185 |          1.000000 |
|              |---------|-------------------|-------------------|-------------------|
|              |     2   |          0.712907 |          0.910369 |          1.000000 |
|--------------|---------|-------------------|-------------------|-------------------|
|   H ( 12)    |         |                   |                   |                   |
|              |     0   |          9.530249 |          3.865790 |          1.000000 |
|              |---------|-------------------|-------------------|-------------------|
|              |     0   |          1.917451 |          1.161324 |          1.000000 |
|              |---------|-------------------|-------------------|-------------------|
|              |     0   |          0.684240 |          0.536187 |          1.000000 |
|              |---------|-------------------|-------------------|-------------------|
|              |     0   |          0.284133 |          0.277364 |          1.000000 |
|              |---------|-------------------|-------------------|-------------------|
|              |     1   |          2.913323 |          5.425327 |          1.000000 |
|              |---------|-------------------|-------------------|-------------------|
|              |     1   |          1.262121 |          1.906848 |          1.000000 |
|              |---------|-------------------|-------------------|-------------------|
|              |     1   |          0.501998 |          0.602306 |          1.000000 |
|              |---------|-------------------|-------------------|-------------------|
|              |     2   |          2.313533 |          7.143185 |          1.000000 |
|              |---------|-------------------|-------------------|-------------------|
|              |     2   |          0.712907 |          0.910369 |          1.000000 |
|--------------|---------|-------------------|-------------------|-------------------|
|   H ( 13)    |         |                   |                   |                   |
|              |     0   |          9.530249 |          3.865790 |          1.000000 |
|              |---------|-------------------|-------------------|-------------------|
|              |     0   |          1.917451 |          1.161324 |          1.000000 |
|              |---------|-------------------|-------------------|-------------------|
|              |     0   |          0.684240 |          0.536187 |          1.000000 |
|              |---------|-------------------|-------------------|-------------------|
|              |     0   |          0.284133 |          0.277364 |          1.000000 |
|              |---------|-------------------|-------------------|-------------------|
|              |     1   |          2.913323 |          5.425327 |          1.000000 |
|              |---------|-------------------|-------------------|-------------------|
|              |     1   |          1.262121 |          1.906848 |          1.000000 |
|              |---------|-------------------|-------------------|-------------------|
|              |     1   |          0.501998 |          0.602306 |          1.000000 |
|              |---------|-------------------|-------------------|-------------------|
|              |     2   |          2.313533 |          7.143185 |          1.000000 |
|              |---------|-------------------|-------------------|-------------------|
|              |     2   |          0.712907 |          0.910369 |          1.000000 |
|--------------|---------|-------------------|-------------------|-------------------|
|   H ( 14)    |         |                   |                   |                   |
|              |     0   |          9.530249 |          3.865790 |          1.000000 |
|              |---------|-------------------|-------------------|-------------------|
|              |     0   |          1.917451 |          1.161324 |          1.000000 |
|              |---------|-------------------|-------------------|-------------------|
|              |     0   |          0.684240 |          0.536187 |          1.000000 |
|              |---------|-------------------|-------------------|-------------------|
|              |     0   |          0.284133 |          0.277364 |          1.000000 |
|              |---------|-------------------|-------------------|-------------------|
|              |     1   |          2.913323 |          5.425327 |          1.000000 |
|              |---------|-------------------|-------------------|-------------------|
|              |     1   |          1.262121 |          1.906848 |          1.000000 |
|              |---------|-------------------|-------------------|-------------------|
|              |     1   |          0.501998 |          0.602306 |          1.000000 |
|              |---------|-------------------|-------------------|-------------------|
|              |     2   |          2.313533 |          7.143185 |          1.000000 |
|              |---------|-------------------|-------------------|-------------------|
|              |     2   |          0.712907 |          0.910369 |          1.000000 |
|--------------|---------|-------------------|-------------------|-------------------|
|   H ( 15)    |         |                   |                   |                   |
|              |     0   |          9.530249 |          3.865790 |          1.000000 |
|              |---------|-------------------|-------------------|-------------------|
|              |     0   |          1.917451 |          1.161324 |          1.000000 |
|              |---------|-------------------|-------------------|-------------------|
|              |     0   |          0.684240 |          0.536187 |          1.000000 |
|              |---------|-------------------|-------------------|-------------------|
|              |     0   |          0.284133 |          0.277364 |          1.000000 |
|              |---------|-------------------|-------------------|-------------------|
|              |     1   |          2.913323 |          5.425327 |          1.000000 |
|              |---------|-------------------|-------------------|-------------------|
|              |     1   |          1.262121 |          1.906848 |          1.000000 |
|              |---------|-------------------|-------------------|-------------------|
|              |     1   |          0.501998 |          0.602306 |          1.000000 |
|              |---------|-------------------|-------------------|-------------------|
|              |     2   |          2.313533 |          7.143185 |          1.000000 |
|              |---------|-------------------|-------------------|-------------------|
|              |     2   |          0.712907 |          0.910369 |          1.000000 |
|--------------|---------|-------------------|-------------------|-------------------|
|   H ( 16)    |         |                   |                   |                   |
|              |     0   |          9.530249 |          3.865790 |          1.000000 |
|              |---------|-------------------|-------------------|-------------------|
|              |     0   |          1.917451 |          1.161324 |          1.000000 |
|              |---------|-------------------|-------------------|-------------------|
|              |     0   |          0.684240 |          0.536187 |          1.000000 |
|              |---------|-------------------|-------------------|-------------------|
|              |     0   |          0.284133 |          0.277364 |          1.000000 |
|              |---------|-------------------|-------------------|-------------------|
|              |     1   |          2.913323 |          5.425327 |          1.000000 |
|              |---------|-------------------|-------------------|-------------------|
|              |     1   |          1.262121 |          1.906848 |          1.000000 |
|              |---------|-------------------|-------------------|-------------------|
|              |     1   |          0.501998 |          0.602306 |          1.000000 |
|              |---------|-------------------|-------------------|-------------------|
|              |     2   |          2.313533 |          7.143185 |          1.000000 |
|              |---------|-------------------|-------------------|-------------------|
|              |     2   |          0.712907 |          0.910369 |          1.000000 |
|--------------|---------|-------------------|-------------------|-------------------|
|   H ( 17)    |         |                   |                   |                   |
|              |     0   |          9.530249 |          3.865790 |          1.000000 |
|              |---------|-------------------|-------------------|-------------------|
|              |     0   |          1.917451 |          1.161324 |          1.000000 |
|              |---------|-------------------|-------------------|-------------------|
|              |     0   |          0.684240 |          0.536187 |          1.000000 |
|              |---------|-------------------|-------------------|-------------------|
|              |     0   |          0.284133 |          0.277364 |          1.000000 |
|              |---------|-------------------|-------------------|-------------------|
|              |     1   |          2.913323 |          5.425327 |          1.000000 |
|              |---------|-------------------|-------------------|-------------------|
|              |     1   |          1.262121 |          1.906848 |          1.000000 |
|              |---------|-------------------|-------------------|-------------------|
|              |     1   |          0.501998 |          0.602306 |          1.000000 |
|              |---------|-------------------|-------------------|-------------------|
|              |     2   |          2.313533 |          7.143185 |          1.000000 |
|              |---------|-------------------|-------------------|-------------------|
|              |     2   |          0.712907 |          0.910369 |          1.000000 |
|______________|_________|___________________|___________________|___________________|



 Pseudopotential information:

 ________________________________________________________________ 





Calculation of 1-el matrices:
Time to step -    0.39568
Full time    -    0.39568



______________________Starting_CASSCF_calculations_____________________

Number of states                  6
State multiplicity                1 (singlet)

Active space:
Number of alpha electrons         4
Number of beta  electrons         4
Number of active orbitals         8

Number of core orbitals:          25

Preparation of virtual orbitals:  yes
State tracking:                   no 
State averaging:
Weights:	all equal to 1

SCF settings:
Energy convergence:               1.000000e-15
Orbital gradient convergence:     1.000000e-08
Rotation matrix convergence :     1.000000e-07
Maximum number of iterations:     50
Maximum SOSCF step          :     1.000000e-01

CI solver:                        determinant CI (aldet)
Davidson diagonalization settings:
Number of correlation vectors:    18
Number of basis functions:        300
Maximum number of iterations:     250
Energy convergence:               1.000000e-10
Residue convergence:              1.000000e-14
Orthogonality cut-off:            1.000000e-08
Energy denominator shift:         3.000000e-02
Sparsed multiplication:           no

_______________________________________________________________________




RI integrals calculation:
Time to step -    0.28531
Full time    -    0.68099


____________________Starting_Davidson_diagonalization__________________


Step 0
_________________________________________________
  n | E                 | dE         | norm(r)   |
____|___________________|____________|___________|
  0 |   -308.7890636521 | -3.088e+02 | 7.992e-03 |
  1 |   -308.5888491414 | -3.086e+02 | 1.660e-02 |
  2 |   -308.5578825895 | -3.086e+02 | 7.602e-03 |
  3 |   -308.5426387664 | -3.085e+02 | 1.873e-02 |
  4 |   -308.5200227428 | -3.085e+02 | 1.799e-02 |
  5 |   -308.4798346204 | -3.085e+02 | 1.898e-02 |
____|___________________|____________|___________|
number of corr vectors=303
0 roots converged at step 0
maximum deviation from symmetric form - 2.821831e-13


Step 1
_________________________________________________
  n | E                 | dE         | norm(r)   |
____|___________________|____________|___________|
  0 |   -308.7960825552 | -7.019e-03 | 6.332e-04 |
  1 |   -308.6086649200 | -1.982e-02 | 2.129e-03 |
  2 |   -308.5683078523 | -1.043e-02 | 2.051e-03 |
  3 |   -308.5641588875 | -2.152e-02 | 9.916e-04 |
  4 |   -308.5438831224 | -2.386e-02 | 2.450e-03 |
  5 |   -308.5068246744 | -2.699e-02 | 2.735e-03 |
____|___________________|____________|___________|
number of corr vectors=315
0 roots converged at step 1
maximum deviation from symmetric form - 9.452823e-13


Step 2
_________________________________________________
  n | E                 | dE         | norm(r)   |
____|___________________|____________|___________|
  0 |   -308.7964539354 | -3.714e-04 | 7.478e-05 |
  1 |   -308.6101503279 | -1.485e-03 | 3.258e-04 |
  2 |   -308.5700427198 | -1.735e-03 | 3.294e-04 |
  3 |   -308.5647822765 | -6.234e-04 | 1.517e-04 |
  4 |   -308.5458861053 | -2.003e-03 | 4.015e-04 |
  5 |   -308.5092212232 | -2.397e-03 | 4.772e-04 |
____|___________________|____________|___________|
number of corr vectors=321
0 roots converged at step 2
maximum deviation from symmetric form - 4.044527e-12


Step 3
_________________________________________________
  n | E                 | dE         | norm(r)   |
____|___________________|____________|___________|
  0 |   -308.7964863731 | -3.244e-05 | 1.234e-05 |
  1 |   -308.6103280010 | -1.777e-04 | 6.018e-05 |
  2 |   -308.5702251556 | -1.824e-04 | 5.893e-05 |
  3 |   -308.5648533093 | -7.103e-05 | 3.075e-05 |
  4 |   -308.5460944101 | -2.083e-04 | 9.472e-05 |
  5 |   -308.5095238787 | -3.027e-04 | 1.045e-04 |
____|___________________|____________|___________|
number of corr vectors=315
0 roots converged at step 3
maximum deviation from symmetric form - 2.028762e-11


Step 4
_________________________________________________
  n | E                 | dE         | norm(r)   |
____|___________________|____________|___________|
  0 |   -308.7964927618 | -6.389e-06 | 1.209e-06 |
  1 |   -308.6103704896 | -4.249e-05 | 2.630e-06 |
  2 |   -308.5702691022 | -4.395e-05 | 5.078e-06 |
  3 |   -308.5648739857 | -2.068e-05 | 2.631e-06 |
  4 |   -308.5461515351 | -5.713e-05 | 1.637e-05 |
  5 |   -308.5096151956 | -9.132e-05 | 1.442e-05 |
____|___________________|____________|___________|
number of corr vectors=321
0 roots converged at step 4
maximum deviation from symmetric form - 4.542219e-11


Step 5
_________________________________________________
  n | E                 | dE         | norm(r)   |
____|___________________|____________|___________|
  0 |   -308.7964932476 | -4.858e-07 | 1.440e-07 |
  1 |   -308.6103720657 | -1.576e-06 | 4.389e-07 |
  2 |   -308.5702719044 | -2.802e-06 | 6.072e-07 |
  3 |   -308.5648752904 | -1.305e-06 | 4.028e-07 |
  4 |   -308.5461591112 | -7.576e-06 | 2.552e-06 |
  5 |   -308.5096245503 | -9.355e-06 | 3.554e-06 |
____|___________________|____________|___________|
number of corr vectors=315
0 roots converged at step 5
maximum deviation from symmetric form - 1.308198e-10


Step 6
_________________________________________________
  n | E                 | dE         | norm(r)   |
____|___________________|____________|___________|
  0 |   -308.7964933262 | -7.857e-08 | 3.519e-08 |
  1 |   -308.6103724027 | -3.370e-07 | 9.824e-08 |
  2 |   -308.5702723780 | -4.735e-07 | 1.833e-07 |
  3 |   -308.5648755685 | -2.781e-07 | 9.376e-08 |
  4 |   -308.5461606177 | -1.507e-06 | 7.698e-07 |
  5 |   -308.5096284992 | -3.949e-06 | 1.381e-06 |
____|___________________|____________|___________|
number of corr vectors=321
0 roots converged at step 6
maximum deviation from symmetric form - 2.569429e-10


Step 7
_________________________________________________
  n | E                 | dE         | norm(r)   |
____|___________________|____________|___________|
  0 |   -308.7964933409 | -1.471e-08 | 5.973e-09 |
  1 |   -308.6103724579 | -5.517e-08 | 2.182e-08 |
  2 |   -308.5702724895 | -1.115e-07 | 4.288e-08 |
  3 |   -308.5648756116 | -4.314e-08 | 1.759e-08 |
  4 |   -308.5461609894 | -3.716e-07 | 1.760e-07 |
  5 |   -308.5096293432 | -8.440e-07 | 2.343e-07 |
____|___________________|____________|___________|
number of corr vectors=315
0 roots converged at step 7
maximum deviation from symmetric form - 5.181131e-10


Step 8
_________________________________________________
  n | E                 | dE         | norm(r)   |
____|___________________|____________|___________|
  0 |   -308.7964933447 | -3.819e-09 | 1.556e-09 |
  1 |   -308.6103724759 | -1.798e-08 | 5.931e-09 |
  2 |   -308.5702725328 | -4.330e-08 | 1.494e-08 |
  3 |   -308.5648756260 | -1.442e-08 | 4.555e-09 |
  4 |   -308.5461611142 | -1.248e-07 | 6.018e-08 |
  5 |   -308.5096295774 | -2.342e-07 | 1.039e-07 |
____|___________________|____________|___________|
number of corr vectors=321
0 roots converged at step 8
maximum deviation from symmetric form - 8.595646e-10


Step 9
_________________________________________________
  n | E                 | dE         | norm(r)   |
____|___________________|____________|___________|
  0 |   -308.7964933454 | -6.426e-10 | 2.018e-10 |
  1 |   -308.6103724794 | -3.527e-09 | 1.141e-09 |
  2 |   -308.5702725415 | -8.772e-09 | 2.063e-09 |
  3 |   -308.5648756286 | -2.536e-09 | 8.415e-10 |
  4 |   -308.5461611441 | -2.998e-08 | 1.094e-08 |
  5 |   -308.5096296474 | -7.003e-08 | 2.660e-08 |
____|___________________|____________|___________|
number of corr vectors=315
0 roots converged at step 9
maximum deviation from symmetric form - 2.883914e-09


Step 10
_________________________________________________
  n | E                 | dE         | norm(r)   |
____|___________________|____________|___________|
  0 |   -308.7964933455 | -1.294e-10 | 6.771e-11 |
  1 |   -308.6103724802 | -8.586e-10 | 4.323e-10 |
  2 |   -308.5702725434 | -1.832e-09 | 9.333e-10 |
  3 |   -308.5648756292 | -6.649e-10 | 3.327e-10 |
  4 |   -308.5461611523 | -8.137e-09 | 5.410e-09 |
  5 |   -308.5096296761 | -2.866e-08 | 1.222e-08 |
____|___________________|____________|___________|
number of corr vectors=321
0 roots converged at step 10
maximum deviation from symmetric form - 4.635869e-09


Step 11
_________________________________________________
  n | E                 | dE         | norm(r)   |
____|___________________|____________|___________|
  0 |   -308.7964933455 | -2.967e-11 | 1.268e-11 |
  1 |   -308.6103724805 | -2.314e-10 | 1.028e-10 |
  2 |   -308.5702725439 | -5.708e-10 | 2.144e-10 |
  3 |   -308.5648756294 | -1.803e-10 | 7.606e-11 |
  4 |   -308.5461611550 | -2.696e-09 | 1.335e-09 |
  5 |   -308.5096296835 | -7.464e-09 | 2.138e-09 |
____|___________________|____________|___________|
number of corr vectors=315
1 roots converged at step 11
maximum deviation from symmetric form - 8.062492e-09


Step 12
_________________________________________________
  n | E                 | dE         | norm(r)   |
____|___________________|____________|___________|
  0 |   -308.7964933455 | -2.285e-11 | 5.465e-12 |
  1 |   -308.6103724806 | -8.112e-11 | 3.707e-11 |
  2 |   -308.5702725442 | -2.206e-10 | 8.327e-11 |
  3 |   -308.5648756295 | -5.508e-11 | 2.802e-11 |
  4 |   -308.5461611561 | -1.145e-09 | 6.643e-10 |
  5 |   -308.5096296856 | -2.091e-09 | 9.862e-10 |
____|___________________|____________|___________|
number of corr vectors=320
3 roots converged at step 12
maximum deviation from symmetric form - 1.286025e-08


Step 13
_________________________________________________
  n | E                 | dE         | norm(r)   |
____|___________________|____________|___________|
  0 |   -308.7964933455 |  1.188e-11 | 3.011e-12 |
  1 |   -308.6103724806 | -1.739e-11 | 1.445e-11 |
  2 |   -308.5702725442 | -4.832e-11 | 1.197e-11 |
  3 |   -308.5648756295 | -4.945e-12 | 2.340e-11 |
  4 |   -308.5461611565 | -3.378e-10 | 1.479e-10 |
  5 |   -308.5096296863 | -6.771e-10 | 2.610e-10 |
____|___________________|____________|___________|
number of corr vectors=312
4 roots converged at step 13
maximum deviation from symmetric form - 1.286025e-08


Step 14
_________________________________________________
  n | E                 | dE         | norm(r)   |
____|___________________|____________|___________|
  0 |   -308.7964933455 |  2.672e-12 | 2.531e-12 |
  1 |   -308.6103724806 | -7.788e-12 | 8.040e-12 |
  2 |   -308.5702725442 | -3.411e-13 | 1.197e-11 |
  3 |   -308.5648756295 | -9.209e-12 | 2.340e-11 |
  4 |   -308.5461611566 | -1.144e-10 | 8.847e-11 |
  5 |   -308.5096296866 | -2.777e-10 | 1.245e-10 |
____|___________________|____________|___________|
number of corr vectors=314
4 roots converged at step 14
maximum deviation from symmetric form - 1.286025e-08


Step 15
_________________________________________________
  n | E                 | dE         | norm(r)   |
____|___________________|____________|___________|
  0 |   -308.7964933455 | -1.023e-11 | 2.426e-12 |
  1 |   -308.6103724806 | -4.945e-12 | 3.577e-12 |
  2 |   -308.5702725442 | -1.364e-12 | 1.197e-11 |
  3 |   -308.5648756295 | -2.103e-12 | 2.340e-11 |
  4 |   -308.5461611566 | -7.168e-11 | 7.559e-12 |
  5 |   -308.5096296867 | -1.047e-10 | 5.032e-12 |
____|___________________|____________|___________|
number of corr vectors=316
5 roots converged at step 15
maximum deviation from symmetric form - 2.436564e-08


Step 16
_________________________________________________
  n | E                 | dE         | norm(r)   |
____|___________________|____________|___________|
  0 |   -308.7964933455 |  1.143e-11 | 2.420e-12 |
  1 |   -308.6103724806 |  2.728e-12 | 3.533e-12 |
  2 |   -308.5702725442 |  1.251e-12 | 1.197e-11 |
  3 |   -308.5648756295 |  9.834e-12 | 2.340e-11 |
  4 |   -308.5461611566 |  1.137e-13 | 7.572e-12 |
  5 |   -308.5096296867 | -4.491e-12 | 2.084e-13 |
____|___________________|____________|___________|
number of corr vectors=317
6 roots converged at step 16


CAS_CI WaveFunctions:

State 0  E  =    -308.7964933455 S^2 = 0.00:
 9.2843091518e-01  | 11110000 | 11110000
-1.5255632058e-01  | 11101000 | 11101000
-8.2830121374e-02  | 11011000 | 11100100
-8.2830121374e-02  | 11100100 | 11011000
-7.1381997797e-02  | 11010100 | 11010100
-6.4180934612e-02  | 11011000 | 11011000
-6.1004975003e-02  | 11100010 | 10111000
-6.1004975003e-02  | 10111000 | 11100010
-5.6982620443e-02  | 11100100 | 11100100
 5.5239967714e-02  | 11100001 | 01111000
State 1  E  =    -308.6103724806 S^2 = 0.00:
 5.6059724305e-01  | 11101000 | 11101000
-2.8486835606e-01  | 11011000 | 11110000
-2.8486835606e-01  | 11110000 | 11011000
 2.5701008909e-01  | 11110000 | 11100100
 2.5701008909e-01  | 11100100 | 11110000
-1.6727541846e-01  | 11011000 | 11011000
-1.5729806556e-01  | 11110000 | 11001100
-1.5729806556e-01  | 11001100 | 11110000
 1.4309635952e-01  | 11011000 | 11100100
 1.4309635952e-01  | 11100100 | 11011000
State 2  E  =    -308.5702725442 S^2 = 0.00:
 3.0436259382e-01  | 11110000 | 10111000
 3.0436259382e-01  | 10111000 | 11110000
-2.6268441126e-01  | 11101000 | 11100100
-2.6268441126e-01  | 11100100 | 11101000
-2.6159733771e-01  | 11100010 | 11110000
-2.6159733771e-01  | 11110000 | 11100010
-2.4781966881e-01  | 11011000 | 11101000
-2.4781966881e-01  | 11101000 | 11011000
-1.9565892727e-01  | 11110000 | 11101000
-1.9565892727e-01  | 11101000 | 11110000
State 3  E  =    -308.5648756295 S^2 = 0.00:
 6.3940253403e-01  | 11101000 | 11110000
 6.3940253403e-01  | 11110000 | 11101000
-1.4906154378e-01  | 11011000 | 11101000
-1.4906154378e-01  | 11101000 | 11011000
-8.7858163850e-02  | 11100010 | 11110000
-8.7858163850e-02  | 11110000 | 11100010
 8.3898369111e-02  | 11110000 | 11010100
 8.3898369111e-02  | 11010100 | 11110000
 8.0379588586e-02  | 11110000 | 10111000
 8.0379588586e-02  | 10111000 | 11110000
State 4  E  =    -308.5461611566 S^2 = 0.00:
 3.3183063858e-01  | 11100001 | 11110000
 3.3183063858e-01  | 11110000 | 11100001
 3.2802302158e-01  | 11110000 | 01111000
 3.2802302158e-01  | 01111000 | 11110000
-1.9088039652e-01  | 11101000 | 10111000
-1.9088039652e-01  | 10111000 | 11101000
-1.7370933268e-01  | 11100010 | 11101000
-1.7370933268e-01  | 11101000 | 11100010
 1.4260290693e-01  | 11011000 | 01111000
 1.4260290693e-01  | 01111000 | 11011000
State 5  E  =    -308.5096296867 S^2 = 0.00:
 3.3599406936e-01  | 11011000 | 11011000
 2.9128980528e-01  | 11100100 | 11100100
-1.8534451458e-01  | 10110100 | 11110000
-1.8534451458e-01  | 11110000 | 10110100
-1.8529728161e-01  | 11101000 | 10111000
-1.8529728161e-01  | 10111000 | 11101000
 1.8162049877e-01  | 11010010 | 11110000
 1.8162049877e-01  | 11110000 | 11010010
-1.7063452144e-01  | 11101000 | 11100010
-1.7063452144e-01  | 11100010 | 11101000


Davidson diagonalization:
Time to step -    0.45117
Full time    -    1.13216
_______________________________________________________________________
Primary CI and calculation canonical orbitals:
Time to step -    0.23352
Full time    -    1.36568


CAS_SCF density averaging:
__________________________________________
 State| E                 | S^2  | weight |
______|___________________|______|________|
    0 |   -308.7964933456 | 0.00 | 1.00   |
    1 |   -308.6103724806 | 0.00 | 1.00   |
    2 |   -308.5702725442 | 0.00 | 1.00   |
    3 |   -308.5648756295 | 0.00 | 1.00   |
    4 |   -308.5461611567 | 0.00 | 1.00   |
    5 |   -308.5096296867 | 0.00 | 1.00   |
______|___________________|______|________|

Start CAS_SCF iterations
_________________________________________________________________________________
  N | E                 | dE         | LAG.ASYM. | ROT.STEP  | N_dav | sweep_dE  |
____|___________________|____________|___________|___________|_______|___________|
  0 |   -308.5996341405 | -3.086e+02 | 6.076e-02 | 1.000e+00 |  16   | 0.000e+00 |
 SOSCF is scaling rotation angle matrix Xmax=2.30784e-01                         |
  1 |   -308.6144343896 | -1.480e-02 | 4.573e-02 | 1.000e-01 |  10   | 0.000e+00 |
 SOSCF is scaling rotation angle matrix Xmax=3.63803e-01                         |
  2 |   -308.6241906920 | -9.756e-03 | 3.325e-02 | 1.000e-01 |  12   | 0.000e+00 |
 SOSCF is scaling rotation angle matrix Xmax=1.78660e-01                         |
  3 |   -308.6300601049 | -5.869e-03 | 1.359e-02 | 1.000e-01 |  12   | 0.000e+00 |
  4 |   -308.6311256069 | -1.066e-03 | 1.772e-03 | 5.990e-02 |  10   | 0.000e+00 |
  5 |   -308.6311317187 | -6.112e-06 | 5.653e-04 | 8.377e-04 |   6   | 0.000e+00 |
  6 |   -308.6311326391 | -9.204e-07 | 7.136e-05 | 5.168e-04 |   5   | 0.000e+00 |
  7 |   -308.6311326665 | -2.743e-08 | 4.226e-05 | 1.257e-04 |   2   | 0.000e+00 |
  8 |   -308.6311326708 | -4.317e-09 | 4.524e-06 | 6.395e-05 |   1   | 0.000e+00 |
  9 |   -308.6311326710 | -1.729e-10 | 1.377e-06 | 4.351e-06 |   1   | 0.000e+00 |
 10 |   -308.6311326709 |  9.999e-11 | 1.719e-07 | 1.786e-06 |   1   | 0.000e+00 |
 11 |   -308.6311326709 | -6.889e-11 | 6.048e-08 | 2.974e-07 |   1   | 0.000e+00 |
 12 |   -308.6311326710 | -4.820e-11 | 2.547e-08 | 1.430e-07 |   1   | 0.000e+00 |
 13 |   -308.6311326709 |  6.617e-11 | 1.602e-08 | 1.627e-07 |   1   | 0.000e+00 |
____|___________________|____________|___________|___________|_______|___________|

Rotation matrix converged after 13 iterations

CAS_SCF iterations:
Time to step -    6.07226
Full time    -    7.43794
Preparation of canonical orbitals:
Time to step -    0.33439
Full time    -    7.77233
CAS_SCF WaveFunctions:

State 0  E  =    -308.8246382125 S^2 = 0.00:
 8.8323662655e-01  | 11110000 | 11110000
-1.7193746546e-01  | 11101000 | 11101000
-1.0067164082e-01  | 11011000 | 11100100
-1.0067163964e-01  | 11100100 | 11011000
-8.2116040449e-02  | 11010100 | 11010100
 7.5611206660e-02  | 11110000 | 11100100
 7.5611200388e-02  | 11100100 | 11110000
-7.2813987588e-02  | 11011000 | 11110000
-7.2813980733e-02  | 11110000 | 11011000
-7.1249291741e-02  | 10111000 | 11100010
State 1  E  =    -308.6489980650 S^2 = 0.00:
 5.5768094332e-01  | 11101000 | 11101000
-3.0397901057e-01  | 11011000 | 11110000
-3.0397898269e-01  | 11110000 | 11011000
 2.6936133615e-01  | 11110000 | 11100100
 2.6936131055e-01  | 11100100 | 11110000
-1.2974671068e-01  | 11011000 | 11011000
-1.1782788532e-01  | 11001100 | 11110000
-1.1782788530e-01  | 11110000 | 11001100
-1.1152079147e-01  | 11100100 | 11100100
 1.0412458897e-01  | 11100100 | 11011000
State 2  E  =    -308.6079503872 S^2 = 0.00:
 3.2679068114e-01  | 11110000 | 10111000
 3.2679068113e-01  | 10111000 | 11110000
-2.7631001544e-01  | 11101000 | 11011000
-2.7631001542e-01  | 11011000 | 11101000
-2.6252124197e-01  | 11100010 | 11110000
-2.6252124195e-01  | 11110000 | 11100010
-2.5204809631e-01  | 11100100 | 11101000
-2.5204809629e-01  | 11101000 | 11100100
-1.1185586173e-01  | 11101000 | 01111000
-1.1185586173e-01  | 01111000 | 11101000
State 3  E  =    -308.5815547399 S^2 = 0.00:
-3.5184874536e-01  | 01111000 | 11110000
-3.5184870190e-01  | 11110000 | 01111000
-2.7396617848e-01  | 11110000 | 11100001
-2.7396613659e-01  | 11100001 | 11110000
 2.0804376958e-01  | 11101000 | 10111000
 2.0804369361e-01  | 10111000 | 11101000
 1.7779558232e-01  | 11100010 | 11101000
 1.7779551687e-01  | 11101000 | 11100010
 1.4960020617e-01  | 11011000 | 11100100
 1.4960011610e-01  | 11100100 | 11011000
State 4  E  =    -308.5735885532 S^2 = 0.00:
-6.4402827837e-01  | 11110000 | 11101000
-6.4402827808e-01  | 11101000 | 11110000
 1.3679946353e-01  | 11101000 | 11011000
 1.3679946349e-01  | 11011000 | 11101000
-1.2140788561e-01  | 11101000 | 11100100
-1.2140788558e-01  | 11100100 | 11101000
-6.6578659270e-02  | 11110000 | 11010100
-6.6578658789e-02  | 11010100 | 11110000
 5.7129551978e-02  | 11010100 | 11001100
 5.7129551908e-02  | 11001100 | 11010100
State 5  E  =    -308.5500660678 S^2 = 0.00:
-3.4345563798e-01  | 11011000 | 11011000
-2.8510486972e-01  | 11100100 | 11100100
 1.9233684552e-01  | 10110100 | 11110000
 1.9233557321e-01  | 11110000 | 10110100
 1.8187371347e-01  | 11101000 | 10111000
 1.8187312341e-01  | 10111000 | 11101000
-1.7405114815e-01  | 11110000 | 11010010
-1.7404998811e-01  | 11010010 | 11110000
 1.6840741354e-01  | 11010100 | 11010100
 1.5447306676e-01  | 11100010 | 11101000


CAS_SCF density averaging:
__________________________________________
 State| E                 | S^2  | weight |
______|___________________|______|________|
    0 |   -308.8246382125 | 0.00 | 1.00   |
    1 |   -308.6489980650 | 0.00 | 1.00   |
    2 |   -308.6079503872 | 0.00 | 1.00   |
    3 |   -308.5815547399 | 0.00 | 1.00   |
    4 |   -308.5735885532 | 0.00 | 1.00   |
    5 |   -308.5500660678 | 0.00 | 1.00   |
______|___________________|______|________|


CAS_SCF Energy summary:
E[  0] = -308.8246382125
E[  1] = -308.6489980650 | 4.7794 eV
E[  2] = -308.6079503872 | 5.8964 eV
E[  3] = -308.5815547399 | 6.6146 eV
E[  4] = -308.5735885532 | 6.8314 eV
E[  5] = -308.5500660678 | 7.4715 eV


CAS_SCF Dipole moment:

d[  0,  0] = { 4.076166e-11, 3.590165e-11,-5.735644e-14} |d| = 5.431800e-11
d[  0,  1] = {-3.208764e-11,-4.336711e-12,-1.612503e-15} |d| = 3.237937e-11
d[  0,  2] = {-5.073996e-03,-2.050550e-03, 2.260845e-15} |d| = 5.472677e-03
d[  0,  3] = { 1.206657e-10,-1.748766e-11, 2.511899e-15} |d| = 1.219264e-10
d[  0,  4] = { 3.259689e+00,-5.209618e-01, 5.842185e-15} |d| = 3.301057e+00
d[  0,  5] = {-3.951710e-11, 1.019131e-11, 5.750712e-16} |d| = 4.081009e-11

d[  1,  0] = {-3.208802e-11,-4.336757e-12,-1.612503e-15} |d| = 3.237976e-11
d[  1,  1] = { 8.350933e-11, 5.115472e-11,-5.300937e-14} |d| = 9.793169e-11
d[  1,  2] = { 1.589093e-01, 1.449663e-02,-1.173763e-15} |d| = 1.595692e-01
d[  1,  3] = {-1.321463e-11,-1.286611e-11,-3.146767e-16} |d| = 1.844351e-11
d[  1,  4] = {-6.956561e-01,-3.481667e-01, 8.830769e-16} |d| = 7.779186e-01
d[  1,  5] = { 2.171137e-11, 4.396990e-12,-9.587376e-16} |d| = 2.215213e-11

d[  2,  0] = {-5.073996e-03,-2.050550e-03, 2.260845e-15} |d| = 5.472677e-03
d[  2,  1] = { 1.589093e-01, 1.449663e-02,-1.173763e-15} |d| = 1.595692e-01
d[  2,  2] = { 6.877259e-11, 4.377011e-11,-5.270945e-14} |d| = 8.151990e-11
d[  2,  3] = { 1.656675e-01, 1.976260e-02,-2.374886e-15} |d| = 1.668421e-01
d[  2,  4] = {-7.249639e-12,-3.303002e-12,-1.406692e-15} |d| = 7.966623e-12
d[  2,  5] = {-5.258825e-02, 1.081130e-02, 3.387433e-15} |d| = 5.368806e-02

d[  3,  0] = { 1.206657e-10,-1.748769e-11, 2.511899e-15} |d| = 1.219263e-10
d[  3,  1] = {-1.321458e-11,-1.286611e-11,-3.146767e-16} |d| = 1.844348e-11
d[  3,  2] = { 1.656675e-01, 1.976260e-02,-2.374886e-15} |d| = 1.668421e-01
d[  3,  3] = { 3.768986e-11, 3.829744e-11,-5.284412e-14} |d| = 5.373288e-11
d[  3,  4] = {-5.833489e-02,-3.888906e-02,-1.580711e-15} |d| = 7.010933e-02
d[  3,  5] = { 2.377219e-11, 1.114105e-11, 1.514450e-15} |d| = 2.625338e-11

d[  4,  0] = { 3.259689e+00,-5.209618e-01, 5.842185e-15} |d| = 3.301057e+00
d[  4,  1] = {-6.956561e-01,-3.481667e-01, 8.830769e-16} |d| = 7.779186e-01
d[  4,  2] = {-7.249499e-12,-3.303006e-12,-1.406692e-15} |d| = 7.966498e-12
d[  4,  3] = {-5.833489e-02,-3.888906e-02,-1.580711e-15} |d| = 7.010933e-02
d[  4,  4] = { 3.260507e-10, 3.136113e-11,-5.522229e-14} |d| = 3.275555e-10
d[  4,  5] = { 3.826059e-01, 1.831888e-01,-3.077381e-16} |d| = 4.241997e-01

d[  5,  0] = {-3.951712e-11, 1.019133e-11, 5.750712e-16} |d| = 4.081012e-11
d[  5,  1] = { 2.171169e-11, 4.397004e-12,-9.587376e-16} |d| = 2.215245e-11
d[  5,  2] = {-5.258825e-02, 1.081130e-02, 3.387433e-15} |d| = 5.368806e-02
d[  5,  3] = { 2.377225e-11, 1.114105e-11, 1.514450e-15} |d| = 2.625344e-11
d[  5,  4] = { 3.826059e-01, 1.831888e-01,-3.077381e-16} |d| = 4.241997e-01
d[  5,  5] = { 4.132363e-11, 3.191089e-11,-5.466618e-14} |d| = 5.221063e-11




Writing CAS_SCF canonical orbitals:
visualization file: 4ene_CAS.out
data file         : 4ene_CAS.orb

Writing CAS_SCF natural orbitals:
visualization file: 4ene_CAS_NatOrb.out
data file         : 4ene_CAS_NatOrb.orb

_______________________________________________________________________


CAS_SCF:
Time to step -    0.03704
Full time    -    7.80937



_____________________Starting_DSRG_PT2_calculation_____________________

Number of states                  6
State multiplicity                1

Active space:
Number of alpha electrons         4
Number of beta  electrons         4
Number of active orbitals         8

Flow parameter s                  0.5
CCVV source                       normal
State averaging (sa)              on (ensemble reference)
Reference relaxation              once
_______________________________________________________________________




____________________Starting_Davidson_diagonalization__________________


Step 0
_________________________________________________
  n | E                 | dE         | norm(r)   |
____|___________________|____________|___________|
  0 |   -308.8090799956 | -3.088e+02 | 1.682e-02 |
  1 |   -308.6146473270 | -3.086e+02 | 2.808e-02 |
  2 |   -308.5652016099 | -3.086e+02 | 3.036e-02 |
  3 |   -308.5585763295 | -3.086e+02 | 1.479e-02 |
  4 |   -308.5360824818 | -3.085e+02 | 3.220e-02 |
  5 |   -308.5038763930 | -3.085e+02 | 3.112e-02 |
____|___________________|____________|___________|
number of corr vectors=301
0 roots converged at step 0
maximum deviation from symmetric form - 2.738737e-13


Step 1
_________________________________________________
  n | E                 | dE         | norm(r)   |
____|___________________|____________|___________|
  0 |   -308.8233915984 | -1.431e-02 | 2.003e-03 |
  1 |   -308.6457129131 | -3.107e-02 | 4.201e-03 |
  2 |   -308.6036390543 | -3.844e-02 | 4.832e-03 |
  3 |   -308.5762449766 | -1.767e-02 | 5.801e-03 |
  4 |   -308.5725854604 | -3.650e-02 | 1.464e-03 |
  5 |   -308.5448206625 | -4.094e-02 | 5.614e-03 |
____|___________________|____________|___________|
number of corr vectors=313
0 roots converged at step 1
maximum deviation from symmetric form - 1.024833e-12


Step 2
_________________________________________________
  n | E                 | dE         | norm(r)   |
____|___________________|____________|___________|
  0 |   -308.8245108395 | -1.119e-03 | 2.433e-04 |
  1 |   -308.6485082707 | -2.795e-03 | 8.080e-04 |
  2 |   -308.6073638493 | -3.725e-03 | 8.888e-04 |
  3 |   -308.5808774626 | -4.632e-03 | 9.800e-04 |
  4 |   -308.5734183515 | -8.329e-04 | 3.152e-04 |
  5 |   -308.5492774188 | -4.457e-03 | 1.092e-03 |
____|___________________|____________|___________|
number of corr vectors=319
0 roots converged at step 2
maximum deviation from symmetric form - 2.011042e-12


Step 3
_________________________________________________
  n | E                 | dE         | norm(r)   |
____|___________________|____________|___________|
  0 |   -308.8246155924 | -1.048e-04 | 4.329e-05 |
  1 |   -308.6488783720 | -3.701e-04 | 1.799e-04 |
  2 |   -308.6078153397 | -4.515e-04 | 1.771e-04 |
  3 |   -308.5814105054 | -5.330e-04 | 1.991e-04 |
  4 |   -308.5735411743 | -1.228e-04 | 6.993e-05 |
  5 |   -308.5498620626 | -5.846e-04 | 2.549e-04 |
____|___________________|____________|___________|
number of corr vectors=313
0 roots converged at step 3
maximum deviation from symmetric form - 8.841681e-12


Step 4
_________________________________________________
  n | E                 | dE         | norm(r)   |
____|___________________|____________|___________|
  0 |   -308.8246365307 | -2.094e-05 | 3.721e-06 |
  1 |   -308.6489861191 | -1.077e-04 | 2.440e-05 |
  2 |   -308.6079380977 | -1.228e-04 | 1.767e-05 |
  3 |   -308.5815432141 | -1.327e-04 | 1.802e-05 |
  4 |   -308.5735847714 | -4.360e-05 | 6.957e-06 |
  5 |   -308.5500345390 | -1.725e-04 | 4.107e-05 |
____|___________________|____________|___________|
number of corr vectors=319
0 roots converged at step 4
maximum deviation from symmetric form - 5.564403e-11


Step 5
_________________________________________________
  n | E                 | dE         | norm(r)   |
____|___________________|____________|___________|
  0 |   -308.8246379061 | -1.375e-06 | 4.848e-07 |
  1 |   -308.6489955784 | -9.459e-06 | 3.287e-06 |
  2 |   -308.6079472913 | -9.194e-06 | 2.556e-06 |
  3 |   -308.5815520042 | -8.790e-06 | 2.656e-06 |
  4 |   -308.5735877144 | -2.943e-06 | 1.050e-06 |
  5 |   -308.5500546707 | -2.013e-05 | 7.940e-06 |
____|___________________|____________|___________|
number of corr vectors=313
0 roots converged at step 5
maximum deviation from symmetric form - 8.688789e-11


Step 6
_________________________________________________
  n | E                 | dE         | norm(r)   |
____|___________________|____________|___________|
  0 |   -308.8246381589 | -2.529e-07 | 9.854e-08 |
  1 |   -308.6489974442 | -1.866e-06 | 9.632e-07 |
  2 |   -308.6079493834 | -2.092e-06 | 1.097e-06 |
  3 |   -308.5815540604 | -2.056e-06 | 7.471e-07 |
  4 |   -308.5735883895 | -6.751e-07 | 2.827e-07 |
  5 |   -308.5500617517 | -7.081e-06 | 4.796e-06 |
____|___________________|____________|___________|
number of corr vectors=319
0 roots converged at step 6
maximum deviation from symmetric form - 2.090234e-10


Step 7
_________________________________________________
  n | E                 | dE         | norm(r)   |
____|___________________|____________|___________|
  0 |   -308.8246381994 | -4.044e-08 | 1.840e-08 |
  1 |   -308.6489978714 | -4.272e-07 | 2.145e-07 |
  2 |   -308.6079499940 | -6.106e-07 | 2.737e-07 |
  3 |   -308.5815545062 | -4.458e-07 | 1.909e-07 |
  4 |   -308.5735884981 | -1.086e-07 | 5.375e-08 |
  5 |   -308.5500641681 | -2.416e-06 | 1.184e-06 |
____|___________________|____________|___________|
number of corr vectors=313
0 roots converged at step 7
maximum deviation from symmetric form - 2.995361e-10


Step 8
_________________________________________________
  n | E                 | dE         | norm(r)   |
____|___________________|____________|___________|
  0 |   -308.8246382101 | -1.069e-08 | 4.698e-09 |
  1 |   -308.6489980156 | -1.442e-07 | 7.880e-08 |
  2 |   -308.6079502829 | -2.890e-07 | 1.382e-07 |
  3 |   -308.5815546794 | -1.732e-07 | 7.645e-08 |
  4 |   -308.5735885399 | -4.182e-08 | 1.772e-08 |
  5 |   -308.5500653586 | -1.191e-06 | 8.433e-07 |
____|___________________|____________|___________|
number of corr vectors=319
0 roots converged at step 8
maximum deviation from symmetric form - 9.615322e-10


Step 9
_________________________________________________
  n | E                 | dE         | norm(r)   |
____|___________________|____________|___________|
  0 |   -308.8246382119 | -1.845e-09 | 7.540e-10 |
  1 |   -308.6489980493 | -3.365e-08 | 1.471e-08 |
  2 |   -308.6079503580 | -7.507e-08 | 2.064e-08 |
  3 |   -308.5815547207 | -4.132e-08 | 1.565e-08 |
  4 |   -308.5735885486 | -8.755e-09 | 3.748e-09 |
  5 |   -308.5500657837 | -4.251e-07 | 1.779e-07 |
____|___________________|____________|___________|
number of corr vectors=313
0 roots converged at step 9
maximum deviation from symmetric form - 1.403520e-09


Step 10
_________________________________________________
  n | E                 | dE         | norm(r)   |
____|___________________|____________|___________|
  0 |   -308.8246382123 | -4.381e-10 | 2.557e-10 |
  1 |   -308.6489980597 | -1.040e-08 | 7.507e-09 |
  2 |   -308.6079503759 | -1.793e-08 | 1.199e-08 |
  3 |   -308.5815547339 | -1.320e-08 | 6.618e-09 |
  4 |   -308.5735885515 | -2.927e-09 | 2.311e-09 |
  5 |   -308.5500659438 | -1.601e-07 | 1.333e-07 |
____|___________________|____________|___________|
number of corr vectors=319
0 roots converged at step 10
maximum deviation from symmetric form - 3.519149e-09


Step 11
_________________________________________________
  n | E                 | dE         | norm(r)   |
____|___________________|____________|___________|
  0 |   -308.8246382125 | -1.079e-10 | 5.170e-11 |
  1 |   -308.6489980630 | -3.369e-09 | 1.732e-09 |
  2 |   -308.6079503827 | -6.771e-09 | 3.143e-09 |
  3 |   -308.5815547378 | -3.959e-09 | 1.679e-09 |
  4 |   -308.5735885525 | -9.312e-10 | 5.323e-10 |
  5 |   -308.5500660109 | -6.705e-08 | 3.481e-08 |
____|___________________|____________|___________|
number of corr vectors=313
0 roots converged at step 11
maximum deviation from symmetric form - 3.519149e-09


Step 12
_________________________________________________
  n | E                 | dE         | norm(r)   |
____|___________________|____________|___________|
  0 |   -308.8246382125 | -2.700e-11 | 1.874e-11 |
  1 |   -308.6489980644 | -1.311e-09 | 9.604e-10 |
  2 |   -308.6079503860 | -3.242e-09 | 1.606e-09 |
  3 |   -308.5815547393 | -1.461e-09 | 7.847e-10 |
  4 |   -308.5735885530 | -4.784e-10 | 3.114e-10 |
  5 |   -308.5500660451 | -3.423e-08 | 2.634e-08 |
____|___________________|____________|___________|
number of corr vectors=319
1 roots converged at step 12
maximum deviation from symmetric form - 3.659684e-09


Step 13
_________________________________________________
  n | E                 | dE         | norm(r)   |
____|___________________|____________|___________|
  0 |   -308.8246382125 | -1.620e-11 | 5.624e-12 |
  1 |   -308.6489980648 | -4.072e-10 | 2.001e-10 |
  2 |   -308.6079503868 | -8.878e-10 | 2.525e-10 |
  3 |   -308.5815547397 | -4.281e-10 | 1.672e-10 |
  4 |   -308.5735885531 | -1.662e-10 | 7.596e-11 |
  5 |   -308.5500660584 | -1.327e-08 | 6.008e-09 |
____|___________________|____________|___________|
number of corr vectors=312
1 roots converged at step 13
maximum deviation from symmetric form - 1.020433e-08


Step 14
_________________________________________________
  n | E                 | dE         | norm(r)   |
____|___________________|____________|___________|
  0 |   -308.8246382125 |  1.012e-11 | 4.920e-12 |
  1 |   -308.6489980649 | -1.340e-10 | 1.069e-10 |
  2 |   -308.6079503871 | -2.159e-10 | 1.461e-10 |
  3 |   -308.5815547399 | -1.380e-10 | 7.375e-11 |
  4 |   -308.5735885532 | -6.253e-11 | 5.994e-11 |
  5 |   -308.5500660635 | -5.105e-09 | 4.527e-09 |
____|___________________|____________|___________|
number of corr vectors=317
2 roots converged at step 14
maximum deviation from symmetric form - 1.374738e-08


Step 15
_________________________________________________
  n | E                 | dE         | norm(r)   |
____|___________________|____________|___________|
  0 |   -308.8246382125 | -4.263e-12 | 4.135e-12 |
  1 |   -308.6489980649 | -5.014e-11 | 2.853e-11 |
  2 |   -308.6079503871 | -8.578e-11 | 3.959e-11 |
  3 |   -308.5815547399 | -4.331e-11 | 1.920e-11 |
  4 |   -308.5735885532 | -6.935e-12 | 5.611e-11 |
  5 |   -308.5500660658 | -2.266e-09 | 1.298e-09 |
____|___________________|____________|___________|
number of corr vectors=311
5 roots converged at step 15
maximum deviation from symmetric form - 1.374738e-08


Step 16
_________________________________________________
  n | E                 | dE         | norm(r)   |
____|___________________|____________|___________|
  0 |   -308.8246382125 | -3.297e-12 | 3.950e-12 |
  1 |   -308.6489980650 | -1.825e-11 | 1.588e-11 |
  2 |   -308.6079503871 |  1.876e-12 | 3.959e-11 |
  3 |   -308.5815547399 | -1.307e-12 | 1.910e-11 |
  4 |   -308.5735885532 |  4.491e-12 | 5.611e-11 |
  5 |   -308.5500660669 | -1.186e-09 | 1.004e-09 |
____|___________________|____________|___________|
number of corr vectors=312
5 roots converged at step 16
maximum deviation from symmetric form - 1.374738e-08


Step 17
_________________________________________________
  n | E                 | dE         | norm(r)   |
____|___________________|____________|___________|
  0 |   -308.8246382125 |  3.183e-12 | 3.847e-12 |
  1 |   -308.6489980650 | -4.604e-12 | 9.473e-12 |
  2 |   -308.6079503871 | -8.527e-13 | 3.959e-11 |
  3 |   -308.5815547399 |  2.274e-13 | 1.914e-11 |
  4 |   -308.5735885532 |  0.000e+00 | 5.611e-11 |
  5 |   -308.5500660677 | -7.993e-10 | 1.238e-10 |
____|___________________|____________|___________|
number of corr vectors=313
5 roots converged at step 17
maximum deviation from symmetric form - 4.117502e-08


Step 18
_________________________________________________
  n | E                 | dE         | norm(r)   |
____|___________________|____________|___________|
  0 |   -308.8246382125 | -6.935e-12 | 3.847e-12 |
  1 |   -308.6489980650 | -1.535e-12 | 6.664e-12 |
  2 |   -308.6079503871 | -9.663e-13 | 3.959e-11 |
  3 |   -308.5815547399 | -3.411e-13 | 1.860e-11 |
  4 |   -308.5735885532 | -3.752e-12 | 5.611e-11 |
  5 |   -308.5500660678 | -5.616e-11 | 4.445e-12 |
____|___________________|____________|___________|
number of corr vectors=314
6 roots converged at step 18


CAS_CI WaveFunctions:

State 0  E  =    -308.8246382125 S^2 = 0.00:
-8.8323662604e-01  | 11110000 | 11110000
 1.7193745618e-01  | 11101000 | 11101000
 1.0067163619e-01  | 11100100 | 11011000
 1.0067163619e-01  | 11011000 | 11100100
 8.2116031217e-02  | 11010100 | 11010100
-7.5611194189e-02  | 11110000 | 11100100
-7.5611194189e-02  | 11100100 | 11110000
 7.2813986612e-02  | 11011000 | 11110000
 7.2813986612e-02  | 11110000 | 11011000
 7.1249287464e-02  | 11100010 | 10111000
State 1  E  =    -308.6489980650 S^2 = 0.00:
-5.5768094680e-01  | 11101000 | 11101000
 3.0397897503e-01  | 11110000 | 11011000
 3.0397897503e-01  | 11011000 | 11110000
-2.6936127527e-01  | 11100100 | 11110000
-2.6936127527e-01  | 11110000 | 11100100
 1.2974668012e-01  | 11011000 | 11011000
 1.1782788502e-01  | 11001100 | 11110000
 1.1782788502e-01  | 11110000 | 11001100
 1.1152077114e-01  | 11100100 | 11100100
-1.0412461261e-01  | 11011000 | 11100100
State 2  E  =    -308.6079503871 S^2 = 0.00:
 3.2679031124e-01  | 10111000 | 11110000
 3.2679031124e-01  | 11110000 | 10111000
-2.7630988902e-01  | 11011000 | 11101000
-2.7630988902e-01  | 11101000 | 11011000
-2.6252096308e-01  | 11110000 | 11100010
-2.6252096308e-01  | 11100010 | 11110000
-2.5204793229e-01  | 11101000 | 11100100
-2.5204793229e-01  | 11100100 | 11101000
-1.1185813908e-01  | 01111000 | 11101000
-1.1185813908e-01  | 11101000 | 01111000
State 3  E  =    -308.5815547399 S^2 = 0.00:
 3.5184870595e-01  | 11110000 | 01111000
 3.5184870595e-01  | 01111000 | 11110000
 2.7396609856e-01  | 11110000 | 11100001
 2.7396609856e-01  | 11100001 | 11110000
-2.0804375295e-01  | 11101000 | 10111000
-2.0804375295e-01  | 10111000 | 11101000
-1.7779555821e-01  | 11100010 | 11101000
-1.7779555821e-01  | 11101000 | 11100010
-1.4960015290e-01  | 11011000 | 11100100
-1.4960015290e-01  | 11100100 | 11011000
State 4  E  =    -308.5735885532 S^2 = 0.00:
-6.4402828365e-01  | 11101000 | 11110000
-6.4402828365e-01  | 11110000 | 11101000
 1.3679940653e-01  | 11011000 | 11101000
 1.3679940653e-01  | 11101000 | 11011000
-1.2140793834e-01  | 11101000 | 11100100
-1.2140793834e-01  | 11100100 | 11101000
-6.6578628899e-02  | 11010100 | 11110000
-6.6578628899e-02  | 11110000 | 11010100
 5.7129574996e-02  | 11001100 | 11010100
 5.7129574996e-02  | 11010100 | 11001100
State 5  E  =    -308.5500660678 S^2 = 0.00:
 3.4345566156e-01  | 11011000 | 11011000
 2.8510489708e-01  | 11100100 | 11100100
-1.9233618683e-01  | 11110000 | 10110100
-1.9233618683e-01  | 10110100 | 11110000
-1.8187345936e-01  | 10111000 | 11101000
-1.8187345936e-01  | 11101000 | 10111000
 1.7405057648e-01  | 11010010 | 11110000
 1.7405057648e-01  | 11110000 | 11010010
-1.6840742019e-01  | 11010100 | 11010100
-1.5447285135e-01  | 11101000 | 11100010


Davidson diagonalization:
Time to step -    0.95615
Full time    -    8.76552
_______________________________________________________________________

DSRG-PT2 semicanonicalization: max |off-diagonal| Fock (C/A/V) = 3.599e-13
DSRG-PT2 RI orbital transformation:
Time to step -    0.17624
Full time    -    8.94176


=================== DSRG-PT2 energy summary (SA ensemble) ===================

  Flow parameter s                   =  0.500000
  Reference energy E0                = -308.631132670849
  CAS ensemble energy (SA average)   = -308.631132670920

  Correlation energy breakdown:
    [Fr, T1]                         = -0.008477430134
    [Fr, T2]                         =  0.009432578232
    [Vr, T1]                         =  0.008144284121
    [Vr, T2] L1                      = -1.124592306263
    [Vr, T2] L2                      =  0.118828347521
    [Vr, T2] L3                      =  0.000457220956
      DF CCVV                        = -0.569005757950
      DF CAVV                        = -0.215695824124
      DF CCAV                        = -0.034991170448

  Correlation energy E(2)            = -0.996207305568
  Total DSRG-PT2 energy              = -309.627339976417
============================================================================



____________________Starting_Davidson_diagonalization__________________


Step 0
_________________________________________________
  n | E                 | dE         | norm(r)   |
____|___________________|____________|___________|
  0 |   -309.8131159059 | -3.098e+02 | 4.168e-03 |
  1 |   -309.6344275866 | -3.096e+02 | 8.401e-03 |
  2 |   -309.6278012049 | -3.096e+02 | 5.144e-03 |
  3 |   -309.5881467855 | -3.096e+02 | 1.031e-02 |
  4 |   -309.5620085562 | -3.096e+02 | 9.444e-03 |
  5 |   -309.5505893751 | -3.096e+02 | 6.988e-03 |
____|___________________|____________|___________|
number of corr vectors=301
0 roots converged at step 0
maximum deviation from symmetric form - 3.317574e-13


Step 1
_________________________________________________
  n | E                 | dE         | norm(r)   |
____|___________________|____________|___________|
  0 |   -309.8171093067 | -3.993e-03 | 2.652e-04 |
  1 |   -309.6451872207 | -1.076e-02 | 6.162e-04 |
  2 |   -309.6337239005 | -5.923e-03 | 2.895e-04 |
  3 |   -309.6028419489 | -1.470e-02 | 8.576e-04 |
  4 |   -309.5756805093 | -1.367e-02 | 7.748e-04 |
  5 |   -309.5595331576 | -8.944e-03 | 3.896e-04 |
____|___________________|____________|___________|
number of corr vectors=313
0 roots converged at step 1
maximum deviation from symmetric form - 1.521158e-12


Step 2
_________________________________________________
  n | E                 | dE         | norm(r)   |
____|___________________|____________|___________|
  0 |   -309.8172811026 | -1.718e-04 | 2.224e-05 |
  1 |   -309.6456769130 | -4.897e-04 | 7.241e-05 |
  2 |   -309.6339283443 | -2.044e-04 | 4.246e-05 |
  3 |   -309.6036148423 | -7.729e-04 | 1.206e-04 |
  4 |   -309.5763986870 | -7.182e-04 | 9.291e-05 |
  5 |   -309.5598586085 | -3.255e-04 | 4.066e-05 |
____|___________________|____________|___________|
number of corr vectors=319
0 roots converged at step 2
maximum deviation from symmetric form - 7.464662e-12


Step 3
_________________________________________________
  n | E                 | dE         | norm(r)   |
____|___________________|____________|___________|
  0 |   -309.8172933966 | -1.229e-05 | 2.517e-06 |
  1 |   -309.6457224989 | -4.559e-05 | 1.076e-05 |
  2 |   -309.6339498661 | -2.152e-05 | 7.601e-06 |
  3 |   -309.6036904660 | -7.562e-05 | 2.079e-05 |
  4 |   -309.5764605484 | -6.186e-05 | 1.426e-05 |
  5 |   -309.5598806906 | -2.208e-05 | 7.279e-06 |
____|___________________|____________|___________|
number of corr vectors=313
0 roots converged at step 3
maximum deviation from symmetric form - 1.497561e-11


Step 4
_________________________________________________
  n | E                 | dE         | norm(r)   |
____|___________________|____________|___________|
  0 |   -309.8172949644 | -1.568e-06 | 6.602e-08 |
  1 |   -309.6457309497 | -8.451e-06 | 4.265e-07 |
  2 |   -309.6339553221 | -5.456e-06 | 6.024e-07 |
  3 |   -309.6037071947 | -1.673e-05 | 1.668e-06 |
  4 |   -309.5764724750 | -1.193e-05 | 1.113e-06 |
  5 |   -309.5598855112 | -4.821e-06 | 9.538e-07 |
____|___________________|____________|___________|
number of corr vectors=319
0 roots converged at step 4
maximum deviation from symmetric form - 1.099019e-10


Step 5
_________________________________________________
  n | E                 | dE         | norm(r)   |
____|___________________|____________|___________|
  0 |   -309.8172950009 | -3.647e-08 | 6.751e-09 |
  1 |   -309.6457312031 | -2.533e-07 | 4.484e-08 |
  2 |   -309.6339556285 | -3.064e-07 | 6.898e-08 |
  3 |   -309.6037081743 | -9.796e-07 | 1.684e-07 |
  4 |   -309.5764731789 | -7.039e-07 | 1.454e-07 |
  5 |   -309.5598860634 | -5.523e-07 | 1.513e-07 |
____|___________________|____________|___________|
number of corr vectors=313
0 roots converged at step 5
maximum deviation from symmetric form - 3.225394e-10


Step 6
_________________________________________________
  n | E                 | dE         | norm(r)   |
____|___________________|____________|___________|
  0 |   -309.8172950056 | -4.783e-09 | 7.312e-10 |
  1 |   -309.6457312383 | -3.521e-08 | 5.694e-09 |
  2 |   -309.6339556798 | -5.130e-08 | 1.416e-08 |
  3 |   -309.6037083086 | -1.343e-07 | 3.497e-08 |
  4 |   -309.5764733122 | -1.334e-07 | 3.327e-08 |
  5 |   -309.5598861810 | -1.175e-07 | 4.701e-08 |
____|___________________|____________|___________|
number of corr vectors=319
0 roots converged at step 6
maximum deviation from symmetric form - 1.497460e-09


Step 7
_________________________________________________
  n | E                 | dE         | norm(r)   |
____|___________________|____________|___________|
  0 |   -309.8172950060 | -4.122e-10 | 1.009e-10 |
  1 |   -309.6457312420 | -3.781e-09 | 8.604e-10 |
  2 |   -309.6339556865 | -6.764e-09 | 1.949e-09 |
  3 |   -309.6037083308 | -2.216e-08 | 6.499e-09 |
  4 |   -309.5764733367 | -2.444e-08 | 7.085e-09 |
  5 |   -309.5598862074 | -2.640e-08 | 9.254e-09 |
____|___________________|____________|___________|
number of corr vectors=313
0 roots converged at step 7
maximum deviation from symmetric form - 2.676846e-09


Step 8
_________________________________________________
  n | E                 | dE         | norm(r)   |
____|___________________|____________|___________|
  0 |   -309.8172950061 | -8.845e-11 | 1.417e-11 |
  1 |   -309.6457312428 | -7.689e-10 | 1.652e-10 |
  2 |   -309.6339556882 | -1.667e-09 | 4.233e-10 |
  3 |   -309.6037083372 | -6.453e-09 | 1.575e-09 |
  4 |   -309.5764733440 | -7.362e-09 | 2.104e-09 |
  5 |   -309.5598862158 | -8.442e-09 | 3.253e-09 |
____|___________________|____________|___________|
number of corr vectors=319
1 roots converged at step 8
maximum deviation from symmetric form - 4.013265e-09


Step 9
_________________________________________________
  n | E                 | dE         | norm(r)   |
____|___________________|____________|___________|
  0 |   -309.8172950061 |  3.024e-11 | 7.066e-12 |
  1 |   -309.6457312429 | -9.385e-11 | 2.164e-11 |
  2 |   -309.6339556884 | -2.210e-10 | 5.517e-11 |
  3 |   -309.6037083382 | -1.001e-09 | 2.183e-10 |
  4 |   -309.5764733455 | -1.414e-09 | 3.546e-10 |
  5 |   -309.5598862178 | -1.936e-09 | 5.858e-10 |
____|___________________|____________|___________|
number of corr vectors=312
2 roots converged at step 9
maximum deviation from symmetric form - 5.249310e-09


Step 10
_________________________________________________
  n | E                 | dE         | norm(r)   |
____|___________________|____________|___________|
  0 |   -309.8172950061 | -1.893e-11 | 6.193e-12 |
  1 |   -309.6457312429 | -9.948e-12 | 1.532e-11 |
  2 |   -309.6339556885 | -4.354e-11 | 1.771e-11 |
  3 |   -309.6037083384 | -2.082e-10 | 7.989e-11 |
  4 |   -309.5764733458 | -3.361e-10 | 1.162e-10 |
  5 |   -309.5598862183 | -5.209e-10 | 2.592e-10 |
____|___________________|____________|___________|
number of corr vectors=316
3 roots converged at step 10
maximum deviation from symmetric form - 1.462761e-08


Step 11
_________________________________________________
  n | E                 | dE         | norm(r)   |
____|___________________|____________|___________|
  0 |   -309.8172950061 |  7.844e-12 | 5.898e-12 |
  1 |   -309.6457312429 | -3.979e-13 | 1.333e-11 |
  2 |   -309.6339556885 | -3.371e-11 | 5.455e-12 |
  3 |   -309.6037083385 | -6.361e-11 | 7.411e-12 |
  4 |   -309.5764733459 | -1.136e-10 | 6.965e-12 |
  5 |   -309.5598862185 | -1.974e-10 | 1.428e-11 |
____|___________________|____________|___________|
number of corr vectors=319
4 roots converged at step 11
maximum deviation from symmetric form - 6.401149e-08


Step 12
_________________________________________________
  n | E                 | dE         | norm(r)   |
____|___________________|____________|___________|
  0 |   -309.8172950061 | -9.891e-12 | 5.885e-12 |
  1 |   -309.6457312429 | -9.095e-13 | 1.316e-11 |
  2 |   -309.6339556885 |  2.404e-11 | 5.455e-12 |
  3 |   -309.6037083385 |  5.684e-13 | 7.411e-12 |
  4 |   -309.5764733459 | -4.434e-12 | 6.619e-13 |
  5 |   -309.5598862185 | -1.376e-11 | 1.910e-12 |
____|___________________|____________|___________|
number of corr vectors=309
6 roots converged at step 12


CAS_CI WaveFunctions:

State 0  E  =    -309.8172950061 S^2 = 0.00:
-9.3856615083e-01  | 11110000 | 11110000
 1.4019307493e-01  | 11101000 | 11101000
 7.6042637104e-02  | 11011000 | 11100100
 7.6042637104e-02  | 11100100 | 11011000
-6.1173691430e-02  | 11100100 | 11110000
-6.1173691430e-02  | 11110000 | 11100100
 5.9468490648e-02  | 11110000 | 11011000
 5.9468490648e-02  | 11011000 | 11110000
 5.8727870087e-02  | 11010100 | 11010100
 5.2768984479e-02  | 11011000 | 11011000
State 1  E  =    -309.6457312429 S^2 = 0.00:
 5.8083490615e-01  | 11101000 | 11101000
-3.5830192996e-01  | 11110000 | 11011000
-3.5830192996e-01  | 11011000 | 11110000
 3.1256729779e-01  | 11100100 | 11110000
 3.1256729779e-01  | 11110000 | 11100100
-1.0505699773e-01  | 11011000 | 11011000
-1.0119409693e-01  | 11110000 | 11001100
-1.0119409693e-01  | 11001100 | 11110000
-8.7996209531e-02  | 11100100 | 11100100
 8.3847820278e-02  | 11011000 | 11100100
State 2  E  =    -309.6339556885 S^2 = 0.00:
-6.6148861319e-01  | 11110000 | 11101000
-6.6148861319e-01  | 11101000 | 11110000
 1.2290138890e-01  | 11101000 | 11011000
 1.2290138890e-01  | 11011000 | 11101000
-1.2100888248e-01  | 11100100 | 11101000
-1.2100888248e-01  | 11101000 | 11100100
-6.8767940093e-02  | 11110000 | 11010100
-6.8767940093e-02  | 11010100 | 11110000
 4.3168045242e-02  | 10111000 | 11100100
 4.3168045242e-02  | 11100100 | 10111000
State 3  E  =    -309.6037083385 S^2 = 0.00:
-3.9082432915e-01  | 11110000 | 10111000
-3.9082432915e-01  | 10111000 | 11110000
 2.9778936603e-01  | 11100010 | 11110000
 2.9778936603e-01  | 11110000 | 11100010
 2.8909225472e-01  | 11011000 | 11101000
 2.8909225472e-01  | 11101000 | 11011000
 2.5449484188e-01  | 11100100 | 11101000
 2.5449484188e-01  | 11101000 | 11100100
 1.0090024278e-01  | 01111000 | 11101000
 1.0090024278e-01  | 11101000 | 01111000
State 4  E  =    -309.5764733459 S^2 = 0.00:
-4.1901767038e-01  | 11110000 | 01111000
-4.1901767038e-01  | 01111000 | 11110000
-3.0765010355e-01  | 11110000 | 11100001
-3.0765010355e-01  | 11100001 | 11110000
 2.0283295663e-01  | 10111000 | 11101000
 2.0283295663e-01  | 11101000 | 10111000
 1.6723204879e-01  | 11101000 | 11100010
 1.6723204879e-01  | 11100010 | 11101000
 1.4637204639e-01  | 11100100 | 11011000
 1.4637204639e-01  | 11011000 | 11100100
State 5  E  =    -309.5598862185 S^2 = 0.00:
-4.7088347875e-01  | 11100100 | 11110000
-4.7088347875e-01  | 11110000 | 11100100
-4.6573968834e-01  | 11011000 | 11110000
-4.6573968834e-01  | 11110000 | 11011000
 8.3115536751e-02  | 11011000 | 11011000
-7.9783490246e-02  | 11001100 | 11011000
-7.9783490246e-02  | 11011000 | 11001100
-7.4114656652e-02  | 11100100 | 11001100
-7.4114656652e-02  | 11001100 | 11100100
-6.3718738648e-02  | 11101000 | 11100010


Davidson diagonalization:
Time to step -    2.93283
Full time    -   11.87458
_______________________________________________________________________

===================== DSRG-PT2 relaxation (relax = once) =====================

  root  0 : E(dressed) = -309.817295006125   bare root =  0   |overlap| = 0.989625
  root  1 : E(dressed) = -309.645731242921   bare root =  1   |overlap| = 0.981699
  root  2 : E(dressed) = -309.633955688486   bare root =  4   |overlap| = 0.996025
  root  3 : E(dressed) = -309.603708338479   bare root =  2   |overlap| = 0.981358
  root  4 : E(dressed) = -309.576473345907   bare root =  3   |overlap| = 0.981460
  root  5 : E(dressed) = -309.559886218495   bare root =  ?   |overlap| = 0.062423

  Relaxed SA average                 = -309.639508306735

  NOTE: 1 dressed root(s) matched no reference root ('?' above); they are averaged
        in with the unclaimed reference weights.
============================================================================

DSRG-PT2:
Time to step -    0.00008
Full time    -   11.87466


Calculation finished at: 21:40 (EEST), 04 August 2026 (Tuesday).
