
NonOrtogonal quantum chemistry and Perturbation Theory
                  NOPT version 3.4.2


sQM - standart QM module.

Compilation options:
1) linear algebra package - OpenBLAS
2) non-parallel BLAS matrix multiplication in the OMP parallel cycles
3) build git commit 99c881c124eb

selected command  line options:
-i           xmc.inp	 input file

Calculation started at: 13:27 (EEST), 23 September 2026 (Wednesday).

_______________________________________________________________________

Input file:

   0: $PAR NUM_THREADS=4 N_MOL=1 RHF=0 CAS=1 XMC=1 D5=1 RI=1 NAME=c4h6-xmc $PAREND
   1: $MOL
   2:  _CHARGE=0;
   3:  _BASIS=cc-pvtz;
   4:  _RI_BASIS=cc-pvtz-ri;
   5:  _UNITS= ang;
   6:  _xyz
   7: 10
   8: c4h6 
   9: C -1.838032  0.119616 0.0
  10: C  1.838032 -0.119616 0.0
  11: C -0.606222 -0.402002 0.0
  12: C  0.606222  0.402002 0.0
  13: H -1.989584  1.191252 0.0
  14: H  1.989584 -1.191252 0.0
  15: H -2.716654 -0.508244 0.0
  16: H  2.716654  0.508244 0.0
  17: H -0.476871 -1.478861 0.0
  18: H  0.476871  1.478861 0.0 
  19: $act_space n_alp=2 n_bet=2 n_val=4 mult=1 p_n=10; $end
  20: _MO INP=c4h6_CAS.orb
  21: $END
  22: $RHF maxit=50 dE=1e-9 grad=1e-12 huckel $END
  23: $CAS n_s=7 w_state=1 1 1; maxit=50 dE=1e-9 grad=1e-6 p_cutoff =0.03 $END
  24: $XMC n_s=7 EDSHIFT=0.01 AVECOE=1 1 1; D_ONLY=0 D5=1 $END
  25: $PROP QUAD=1 MULLIKEN=1 DISP=1 DIPOLE=1 $END
_______________________________________________________________________



_____________________________Input_summary_____________________________


Number of threads:  4

Job name: c4h6-xmc

Methods:
Restricted Hartree-Fock                          -     no 
Complete Active Space SCF                        -     yes
eXtended MultiConfiguration QuasiDegenerate PT   -     yes
Complete Degenerate Active Space PT              -     no 
Second order Moller-Plesset PT                   -     no 
State-specific DSRG-PT2                          -     no 
Settings:
D5                                               -     yes
Resolution of Identity                           -     yes
Spin-orbit                                       -     no 
Symmetry point group                             -     no(C1)
Printing:
dipole moment                                    -     yes
electron dispersion                              -     yes
quadrupole moment                                -     yes
Mulliken charges                                 -     yes
_______________________________________________________________________


Reading molecule:
-----------------------------------------------------------------------

WARNING: read_cl is blocked in the 3.0 version

                      units    = ang
                      charge   = 0
                      basis    = cc-pvtz (library)
                      RI basis = cc-pvtz-ri (library)
                      included   c4h6_CAS.orb (orbitals)
_______________________________________________________________________

Molecule structure (a.u.):
 ________________________________________________________________________________________
| Atom |    C    |     X     |     Y     |     Z     |   n_ecp   |     q     |    type   |
| _____|_________|___________|___________|___________|___________|___________|___________|
|  C   |     6   |    -3.473 |     0.226 |     0.000 |           |           |    real   |
|  C   |     6   |     3.473 |    -0.226 |     0.000 |           |           |    real   |
|  C   |     6   |    -1.146 |    -0.760 |     0.000 |           |           |    real   |
|  C   |     6   |     1.146 |     0.760 |     0.000 |           |           |    real   |
|  H   |     1   |    -3.760 |     2.251 |     0.000 |           |           |    real   |
|  H   |     1   |     3.760 |    -2.251 |     0.000 |           |           |    real   |
|  H   |     1   |    -5.134 |    -0.960 |     0.000 |           |           |    real   |
|  H   |     1   |     5.134 |     0.960 |     0.000 |           |           |    real   |
|  H   |     1   |    -0.901 |    -2.795 |     0.000 |           |           |    real   |
|  H   |     1   |     0.901 |     2.795 |     0.000 |           |           |    real   |
| _____|_________|___________|___________|___________|___________|___________|___________|

Molecule contains 30 electrons

C - nuclear charge (a.u.)
q - additional (partial) charge (a.u.)
n_ecp - number of electrons frozen by ECP
X,Y,Z - cartesian coordinates (Bohr)



 Basis set information:

 ____________________________________________________________________________________
|     Atom     |    L    |       alpha       |         c         |       c(lib)      |
|______________|_________|___________________|___________________|___________________|
|   C (  0)    |         |                   |                   |                   |
|              |     0   |       8236.000000 |          0.334227 |          0.000531 |
|              |         |       1235.000000 |          0.623075 |          0.004108 |
|              |         |        280.800000 |          1.053106 |          0.021087 |
|              |         |         79.270000 |          1.583163 |          0.081853 |
|              |         |         25.590000 |          1.945099 |          0.234817 |
|              |         |          8.997000 |          1.642947 |          0.434401 |
|              |         |          3.319000 |          0.619659 |          0.346129 |
|              |         |          0.364300 |         -0.003067 |         -0.008983 |
|              |---------|-------------------|-------------------|-------------------|
|              |     0   |       8236.000000 |         -0.121010 |         -0.000113 |
|              |         |       1235.000000 |         -0.226569 |         -0.000878 |
|              |         |        280.800000 |         -0.385753 |         -0.004540 |
|              |         |         79.270000 |         -0.596702 |         -0.018133 |
|              |         |         25.590000 |         -0.785835 |         -0.055760 |
|              |         |          8.997000 |         -0.816533 |         -0.126895 |
|              |         |          3.319000 |         -0.518870 |         -0.170352 |
|              |         |          0.364300 |          0.347735 |          0.598684 |
|              |---------|-------------------|-------------------|-------------------|
|              |     0   |          0.905900 |          0.661790 |          1.000000 |
|              |---------|-------------------|-------------------|-------------------|
|              |     0   |          0.128500 |          0.152963 |          1.000000 |
|              |---------|-------------------|-------------------|-------------------|
|              |     1   |         18.710000 |          2.186852 |          0.014031 |
|              |         |          4.133000 |          2.050312 |          0.086866 |
|              |         |          1.200000 |          1.459945 |          0.290216 |
|              |---------|-------------------|-------------------|-------------------|
|              |     1   |          0.382700 |          0.429055 |          1.000000 |
|              |---------|-------------------|-------------------|-------------------|
|              |     1   |          0.120900 |          0.101619 |          1.000000 |
|              |---------|-------------------|-------------------|-------------------|
|              |     2   |          1.097000 |          1.935401 |          1.000000 |
|              |---------|-------------------|-------------------|-------------------|
|              |     2   |          0.318000 |          0.221644 |          1.000000 |
|              |---------|-------------------|-------------------|-------------------|
|              |     3   |          0.761000 |          0.796288 |          1.000000 |
|--------------|---------|-------------------|-------------------|-------------------|
|   C (  1)    |         |                   |                   |                   |
|              |     0   |       8236.000000 |          0.334227 |          0.000531 |
|              |         |       1235.000000 |          0.623075 |          0.004108 |
|              |         |        280.800000 |          1.053106 |          0.021087 |
|              |         |         79.270000 |          1.583163 |          0.081853 |
|              |         |         25.590000 |          1.945099 |          0.234817 |
|              |         |          8.997000 |          1.642947 |          0.434401 |
|              |         |          3.319000 |          0.619659 |          0.346129 |
|              |         |          0.364300 |         -0.003067 |         -0.008983 |
|              |---------|-------------------|-------------------|-------------------|
|              |     0   |       8236.000000 |         -0.121010 |         -0.000113 |
|              |         |       1235.000000 |         -0.226569 |         -0.000878 |
|              |         |        280.800000 |         -0.385753 |         -0.004540 |
|              |         |         79.270000 |         -0.596702 |         -0.018133 |
|              |         |         25.590000 |         -0.785835 |         -0.055760 |
|              |         |          8.997000 |         -0.816533 |         -0.126895 |
|              |         |          3.319000 |         -0.518870 |         -0.170352 |
|              |         |          0.364300 |          0.347735 |          0.598684 |
|              |---------|-------------------|-------------------|-------------------|
|              |     0   |          0.905900 |          0.661790 |          1.000000 |
|              |---------|-------------------|-------------------|-------------------|
|              |     0   |          0.128500 |          0.152963 |          1.000000 |
|              |---------|-------------------|-------------------|-------------------|
|              |     1   |         18.710000 |          2.186852 |          0.014031 |
|              |         |          4.133000 |          2.050312 |          0.086866 |
|              |         |          1.200000 |          1.459945 |          0.290216 |
|              |---------|-------------------|-------------------|-------------------|
|              |     1   |          0.382700 |          0.429055 |          1.000000 |
|              |---------|-------------------|-------------------|-------------------|
|              |     1   |          0.120900 |          0.101619 |          1.000000 |
|              |---------|-------------------|-------------------|-------------------|
|              |     2   |          1.097000 |          1.935401 |          1.000000 |
|              |---------|-------------------|-------------------|-------------------|
|              |     2   |          0.318000 |          0.221644 |          1.000000 |
|              |---------|-------------------|-------------------|-------------------|
|              |     3   |          0.761000 |          0.796288 |          1.000000 |
|--------------|---------|-------------------|-------------------|-------------------|
|   C (  2)    |         |                   |                   |                   |
|              |     0   |       8236.000000 |          0.334227 |          0.000531 |
|              |         |       1235.000000 |          0.623075 |          0.004108 |
|              |         |        280.800000 |          1.053106 |          0.021087 |
|              |         |         79.270000 |          1.583163 |          0.081853 |
|              |         |         25.590000 |          1.945099 |          0.234817 |
|              |         |          8.997000 |          1.642947 |          0.434401 |
|              |         |          3.319000 |          0.619659 |          0.346129 |
|              |         |          0.364300 |         -0.003067 |         -0.008983 |
|              |---------|-------------------|-------------------|-------------------|
|              |     0   |       8236.000000 |         -0.121010 |         -0.000113 |
|              |         |       1235.000000 |         -0.226569 |         -0.000878 |
|              |         |        280.800000 |         -0.385753 |         -0.004540 |
|              |         |         79.270000 |         -0.596702 |         -0.018133 |
|              |         |         25.590000 |         -0.785835 |         -0.055760 |
|              |         |          8.997000 |         -0.816533 |         -0.126895 |
|              |         |          3.319000 |         -0.518870 |         -0.170352 |
|              |         |          0.364300 |          0.347735 |          0.598684 |
|              |---------|-------------------|-------------------|-------------------|
|              |     0   |          0.905900 |          0.661790 |          1.000000 |
|              |---------|-------------------|-------------------|-------------------|
|              |     0   |          0.128500 |          0.152963 |          1.000000 |
|              |---------|-------------------|-------------------|-------------------|
|              |     1   |         18.710000 |          2.186852 |          0.014031 |
|              |         |          4.133000 |          2.050312 |          0.086866 |
|              |         |          1.200000 |          1.459945 |          0.290216 |
|              |---------|-------------------|-------------------|-------------------|
|              |     1   |          0.382700 |          0.429055 |          1.000000 |
|              |---------|-------------------|-------------------|-------------------|
|              |     1   |          0.120900 |          0.101619 |          1.000000 |
|              |---------|-------------------|-------------------|-------------------|
|              |     2   |          1.097000 |          1.935401 |          1.000000 |
|              |---------|-------------------|-------------------|-------------------|
|              |     2   |          0.318000 |          0.221644 |          1.000000 |
|              |---------|-------------------|-------------------|-------------------|
|              |     3   |          0.761000 |          0.796288 |          1.000000 |
|--------------|---------|-------------------|-------------------|-------------------|
|   C (  3)    |         |                   |                   |                   |
|              |     0   |       8236.000000 |          0.334227 |          0.000531 |
|              |         |       1235.000000 |          0.623075 |          0.004108 |
|              |         |        280.800000 |          1.053106 |          0.021087 |
|              |         |         79.270000 |          1.583163 |          0.081853 |
|              |         |         25.590000 |          1.945099 |          0.234817 |
|              |         |          8.997000 |          1.642947 |          0.434401 |
|              |         |          3.319000 |          0.619659 |          0.346129 |
|              |         |          0.364300 |         -0.003067 |         -0.008983 |
|              |---------|-------------------|-------------------|-------------------|
|              |     0   |       8236.000000 |         -0.121010 |         -0.000113 |
|              |         |       1235.000000 |         -0.226569 |         -0.000878 |
|              |         |        280.800000 |         -0.385753 |         -0.004540 |
|              |         |         79.270000 |         -0.596702 |         -0.018133 |
|              |         |         25.590000 |         -0.785835 |         -0.055760 |
|              |         |          8.997000 |         -0.816533 |         -0.126895 |
|              |         |          3.319000 |         -0.518870 |         -0.170352 |
|              |         |          0.364300 |          0.347735 |          0.598684 |
|              |---------|-------------------|-------------------|-------------------|
|              |     0   |          0.905900 |          0.661790 |          1.000000 |
|              |---------|-------------------|-------------------|-------------------|
|              |     0   |          0.128500 |          0.152963 |          1.000000 |
|              |---------|-------------------|-------------------|-------------------|
|              |     1   |         18.710000 |          2.186852 |          0.014031 |
|              |         |          4.133000 |          2.050312 |          0.086866 |
|              |         |          1.200000 |          1.459945 |          0.290216 |
|              |---------|-------------------|-------------------|-------------------|
|              |     1   |          0.382700 |          0.429055 |          1.000000 |
|              |---------|-------------------|-------------------|-------------------|
|              |     1   |          0.120900 |          0.101619 |          1.000000 |
|              |---------|-------------------|-------------------|-------------------|
|              |     2   |          1.097000 |          1.935401 |          1.000000 |
|              |---------|-------------------|-------------------|-------------------|
|              |     2   |          0.318000 |          0.221644 |          1.000000 |
|              |---------|-------------------|-------------------|-------------------|
|              |     3   |          0.761000 |          0.796288 |          1.000000 |
|--------------|---------|-------------------|-------------------|-------------------|
|   H (  4)    |         |                   |                   |                   |
|              |     0   |         33.870000 |          0.255108 |          0.006068 |
|              |         |          5.095000 |          0.460098 |          0.045308 |
|              |         |          1.159000 |          0.678414 |          0.202822 |
|              |---------|-------------------|-------------------|-------------------|
|              |     0   |          0.325800 |          0.307343 |          1.000000 |
|              |---------|-------------------|-------------------|-------------------|
|              |     0   |          0.102700 |          0.129297 |          1.000000 |
|              |---------|-------------------|-------------------|-------------------|
|              |     1   |          1.407000 |          2.184277 |          1.000000 |
|              |---------|-------------------|-------------------|-------------------|
|              |     1   |          0.388000 |          0.436495 |          1.000000 |
|              |---------|-------------------|-------------------|-------------------|
|              |     2   |          1.057000 |          1.813597 |          1.000000 |
|--------------|---------|-------------------|-------------------|-------------------|
|   H (  5)    |         |                   |                   |                   |
|              |     0   |         33.870000 |          0.255108 |          0.006068 |
|              |         |          5.095000 |          0.460098 |          0.045308 |
|              |         |          1.159000 |          0.678414 |          0.202822 |
|              |---------|-------------------|-------------------|-------------------|
|              |     0   |          0.325800 |          0.307343 |          1.000000 |
|              |---------|-------------------|-------------------|-------------------|
|              |     0   |          0.102700 |          0.129297 |          1.000000 |
|              |---------|-------------------|-------------------|-------------------|
|              |     1   |          1.407000 |          2.184277 |          1.000000 |
|              |---------|-------------------|-------------------|-------------------|
|              |     1   |          0.388000 |          0.436495 |          1.000000 |
|              |---------|-------------------|-------------------|-------------------|
|              |     2   |          1.057000 |          1.813597 |          1.000000 |
|--------------|---------|-------------------|-------------------|-------------------|
|   H (  6)    |         |                   |                   |                   |
|              |     0   |         33.870000 |          0.255108 |          0.006068 |
|              |         |          5.095000 |          0.460098 |          0.045308 |
|              |         |          1.159000 |          0.678414 |          0.202822 |
|              |---------|-------------------|-------------------|-------------------|
|              |     0   |          0.325800 |          0.307343 |          1.000000 |
|              |---------|-------------------|-------------------|-------------------|
|              |     0   |          0.102700 |          0.129297 |          1.000000 |
|              |---------|-------------------|-------------------|-------------------|
|              |     1   |          1.407000 |          2.184277 |          1.000000 |
|              |---------|-------------------|-------------------|-------------------|
|              |     1   |          0.388000 |          0.436495 |          1.000000 |
|              |---------|-------------------|-------------------|-------------------|
|              |     2   |          1.057000 |          1.813597 |          1.000000 |
|--------------|---------|-------------------|-------------------|-------------------|
|   H (  7)    |         |                   |                   |                   |
|              |     0   |         33.870000 |          0.255108 |          0.006068 |
|              |         |          5.095000 |          0.460098 |          0.045308 |
|              |         |          1.159000 |          0.678414 |          0.202822 |
|              |---------|-------------------|-------------------|-------------------|
|              |     0   |          0.325800 |          0.307343 |          1.000000 |
|              |---------|-------------------|-------------------|-------------------|
|              |     0   |          0.102700 |          0.129297 |          1.000000 |
|              |---------|-------------------|-------------------|-------------------|
|              |     1   |          1.407000 |          2.184277 |          1.000000 |
|              |---------|-------------------|-------------------|-------------------|
|              |     1   |          0.388000 |          0.436495 |          1.000000 |
|              |---------|-------------------|-------------------|-------------------|
|              |     2   |          1.057000 |          1.813597 |          1.000000 |
|--------------|---------|-------------------|-------------------|-------------------|
|   H (  8)    |         |                   |                   |                   |
|              |     0   |         33.870000 |          0.255108 |          0.006068 |
|              |         |          5.095000 |          0.460098 |          0.045308 |
|              |         |          1.159000 |          0.678414 |          0.202822 |
|              |---------|-------------------|-------------------|-------------------|
|              |     0   |          0.325800 |          0.307343 |          1.000000 |
|              |---------|-------------------|-------------------|-------------------|
|              |     0   |          0.102700 |          0.129297 |          1.000000 |
|              |---------|-------------------|-------------------|-------------------|
|              |     1   |          1.407000 |          2.184277 |          1.000000 |
|              |---------|-------------------|-------------------|-------------------|
|              |     1   |          0.388000 |          0.436495 |          1.000000 |
|              |---------|-------------------|-------------------|-------------------|
|              |     2   |          1.057000 |          1.813597 |          1.000000 |
|--------------|---------|-------------------|-------------------|-------------------|
|   H (  9)    |         |                   |                   |                   |
|              |     0   |         33.870000 |          0.255108 |          0.006068 |
|              |         |          5.095000 |          0.460098 |          0.045308 |
|              |         |          1.159000 |          0.678414 |          0.202822 |
|              |---------|-------------------|-------------------|-------------------|
|              |     0   |          0.325800 |          0.307343 |          1.000000 |
|              |---------|-------------------|-------------------|-------------------|
|              |     0   |          0.102700 |          0.129297 |          1.000000 |
|              |---------|-------------------|-------------------|-------------------|
|              |     1   |          1.407000 |          2.184277 |          1.000000 |
|              |---------|-------------------|-------------------|-------------------|
|              |     1   |          0.388000 |          0.436495 |          1.000000 |
|              |---------|-------------------|-------------------|-------------------|
|              |     2   |          1.057000 |          1.813597 |          1.000000 |
|______________|_________|___________________|___________________|___________________|



 RI basis set information:

 ____________________________________________________________________________________
|     Atom     |    L    |       alpha       |         c         |       c(lib)      |
|______________|_________|___________________|___________________|___________________|
|   C (  0)    |         |                   |                   |                   |
|              |     0   |        280.556612 |         48.856851 |          1.000000 |
|              |---------|-------------------|-------------------|-------------------|
|              |     0   |         60.230247 |         15.408880 |          1.000000 |
|              |---------|-------------------|-------------------|-------------------|
|              |     0   |         22.116651 |          7.268581 |          1.000000 |
|              |---------|-------------------|-------------------|-------------------|
|              |     0   |          6.862093 |          3.021708 |          1.000000 |
|              |---------|-------------------|-------------------|-------------------|
|              |     0   |          1.562255 |          0.995919 |          1.000000 |
|              |---------|-------------------|-------------------|-------------------|
|              |     0   |          0.912450 |          0.665376 |          1.000000 |
|              |---------|-------------------|-------------------|-------------------|
|              |     0   |          0.502749 |          0.425524 |          1.000000 |
|              |---------|-------------------|-------------------|-------------------|
|              |     0   |          0.215823 |          0.225675 |          1.000000 |
|              |---------|-------------------|-------------------|-------------------|
|              |     1   |         24.231865 |         76.634379 |          1.000000 |
|              |---------|-------------------|-------------------|-------------------|
|              |     1   |          6.476451 |         14.726905 |          1.000000 |
|              |---------|-------------------|-------------------|-------------------|
|              |     1   |          2.129088 |          3.665914 |          1.000000 |
|              |---------|-------------------|-------------------|-------------------|
|              |     1   |          1.037564 |          1.492652 |          1.000000 |
|              |---------|-------------------|-------------------|-------------------|
|              |     1   |          0.549413 |          0.674238 |          1.000000 |
|              |---------|-------------------|-------------------|-------------------|
|              |     1   |          0.281527 |          0.292307 |          1.000000 |
|              |---------|-------------------|-------------------|-------------------|
|              |     2   |          9.718981 |         88.053322 |          1.000000 |
|              |---------|-------------------|-------------------|-------------------|
|              |     2   |          3.035148 |         11.487463 |          1.000000 |
|              |---------|-------------------|-------------------|-------------------|
|              |     2   |          1.467774 |          3.221535 |          1.000000 |
|              |---------|-------------------|-------------------|-------------------|
|              |     2   |          0.573708 |          0.622471 |          1.000000 |
|              |---------|-------------------|-------------------|-------------------|
|              |     2   |          0.290556 |          0.189261 |          1.000000 |
|              |---------|-------------------|-------------------|-------------------|
|              |     3   |          2.275620 |          9.363300 |          1.000000 |
|              |---------|-------------------|-------------------|-------------------|
|              |     3   |          1.196890 |          2.205852 |          1.000000 |
|              |---------|-------------------|-------------------|-------------------|
|              |     3   |          0.541575 |          0.370413 |          1.000000 |
|              |---------|-------------------|-------------------|-------------------|
|              |     4   |          1.216610 |          1.908103 |          1.000000 |
|--------------|---------|-------------------|-------------------|-------------------|
|   C (  1)    |         |                   |                   |                   |
|              |     0   |        280.556612 |         48.856851 |          1.000000 |
|              |---------|-------------------|-------------------|-------------------|
|              |     0   |         60.230247 |         15.408880 |          1.000000 |
|              |---------|-------------------|-------------------|-------------------|
|              |     0   |         22.116651 |          7.268581 |          1.000000 |
|              |---------|-------------------|-------------------|-------------------|
|              |     0   |          6.862093 |          3.021708 |          1.000000 |
|              |---------|-------------------|-------------------|-------------------|
|              |     0   |          1.562255 |          0.995919 |          1.000000 |
|              |---------|-------------------|-------------------|-------------------|
|              |     0   |          0.912450 |          0.665376 |          1.000000 |
|              |---------|-------------------|-------------------|-------------------|
|              |     0   |          0.502749 |          0.425524 |          1.000000 |
|              |---------|-------------------|-------------------|-------------------|
|              |     0   |          0.215823 |          0.225675 |          1.000000 |
|              |---------|-------------------|-------------------|-------------------|
|              |     1   |         24.231865 |         76.634379 |          1.000000 |
|              |---------|-------------------|-------------------|-------------------|
|              |     1   |          6.476451 |         14.726905 |          1.000000 |
|              |---------|-------------------|-------------------|-------------------|
|              |     1   |          2.129088 |          3.665914 |          1.000000 |
|              |---------|-------------------|-------------------|-------------------|
|              |     1   |          1.037564 |          1.492652 |          1.000000 |
|              |---------|-------------------|-------------------|-------------------|
|              |     1   |          0.549413 |          0.674238 |          1.000000 |
|              |---------|-------------------|-------------------|-------------------|
|              |     1   |          0.281527 |          0.292307 |          1.000000 |
|              |---------|-------------------|-------------------|-------------------|
|              |     2   |          9.718981 |         88.053322 |          1.000000 |
|              |---------|-------------------|-------------------|-------------------|
|              |     2   |          3.035148 |         11.487463 |          1.000000 |
|              |---------|-------------------|-------------------|-------------------|
|              |     2   |          1.467774 |          3.221535 |          1.000000 |
|              |---------|-------------------|-------------------|-------------------|
|              |     2   |          0.573708 |          0.622471 |          1.000000 |
|              |---------|-------------------|-------------------|-------------------|
|              |     2   |          0.290556 |          0.189261 |          1.000000 |
|              |---------|-------------------|-------------------|-------------------|
|              |     3   |          2.275620 |          9.363300 |          1.000000 |
|              |---------|-------------------|-------------------|-------------------|
|              |     3   |          1.196890 |          2.205852 |          1.000000 |
|              |---------|-------------------|-------------------|-------------------|
|              |     3   |          0.541575 |          0.370413 |          1.000000 |
|              |---------|-------------------|-------------------|-------------------|
|              |     4   |          1.216610 |          1.908103 |          1.000000 |
|--------------|---------|-------------------|-------------------|-------------------|
|   C (  2)    |         |                   |                   |                   |
|              |     0   |        280.556612 |         48.856851 |          1.000000 |
|              |---------|-------------------|-------------------|-------------------|
|              |     0   |         60.230247 |         15.408880 |          1.000000 |
|              |---------|-------------------|-------------------|-------------------|
|              |     0   |         22.116651 |          7.268581 |          1.000000 |
|              |---------|-------------------|-------------------|-------------------|
|              |     0   |          6.862093 |          3.021708 |          1.000000 |
|              |---------|-------------------|-------------------|-------------------|
|              |     0   |          1.562255 |          0.995919 |          1.000000 |
|              |---------|-------------------|-------------------|-------------------|
|              |     0   |          0.912450 |          0.665376 |          1.000000 |
|              |---------|-------------------|-------------------|-------------------|
|              |     0   |          0.502749 |          0.425524 |          1.000000 |
|              |---------|-------------------|-------------------|-------------------|
|              |     0   |          0.215823 |          0.225675 |          1.000000 |
|              |---------|-------------------|-------------------|-------------------|
|              |     1   |         24.231865 |         76.634379 |          1.000000 |
|              |---------|-------------------|-------------------|-------------------|
|              |     1   |          6.476451 |         14.726905 |          1.000000 |
|              |---------|-------------------|-------------------|-------------------|
|              |     1   |          2.129088 |          3.665914 |          1.000000 |
|              |---------|-------------------|-------------------|-------------------|
|              |     1   |          1.037564 |          1.492652 |          1.000000 |
|              |---------|-------------------|-------------------|-------------------|
|              |     1   |          0.549413 |          0.674238 |          1.000000 |
|              |---------|-------------------|-------------------|-------------------|
|              |     1   |          0.281527 |          0.292307 |          1.000000 |
|              |---------|-------------------|-------------------|-------------------|
|              |     2   |          9.718981 |         88.053322 |          1.000000 |
|              |---------|-------------------|-------------------|-------------------|
|              |     2   |          3.035148 |         11.487463 |          1.000000 |
|              |---------|-------------------|-------------------|-------------------|
|              |     2   |          1.467774 |          3.221535 |          1.000000 |
|              |---------|-------------------|-------------------|-------------------|
|              |     2   |          0.573708 |          0.622471 |          1.000000 |
|              |---------|-------------------|-------------------|-------------------|
|              |     2   |          0.290556 |          0.189261 |          1.000000 |
|              |---------|-------------------|-------------------|-------------------|
|              |     3   |          2.275620 |          9.363300 |          1.000000 |
|              |---------|-------------------|-------------------|-------------------|
|              |     3   |          1.196890 |          2.205852 |          1.000000 |
|              |---------|-------------------|-------------------|-------------------|
|              |     3   |          0.541575 |          0.370413 |          1.000000 |
|              |---------|-------------------|-------------------|-------------------|
|              |     4   |          1.216610 |          1.908103 |          1.000000 |
|--------------|---------|-------------------|-------------------|-------------------|
|   C (  3)    |         |                   |                   |                   |
|              |     0   |        280.556612 |         48.856851 |          1.000000 |
|              |---------|-------------------|-------------------|-------------------|
|              |     0   |         60.230247 |         15.408880 |          1.000000 |
|              |---------|-------------------|-------------------|-------------------|
|              |     0   |         22.116651 |          7.268581 |          1.000000 |
|              |---------|-------------------|-------------------|-------------------|
|              |     0   |          6.862093 |          3.021708 |          1.000000 |
|              |---------|-------------------|-------------------|-------------------|
|              |     0   |          1.562255 |          0.995919 |          1.000000 |
|              |---------|-------------------|-------------------|-------------------|
|              |     0   |          0.912450 |          0.665376 |          1.000000 |
|              |---------|-------------------|-------------------|-------------------|
|              |     0   |          0.502749 |          0.425524 |          1.000000 |
|              |---------|-------------------|-------------------|-------------------|
|              |     0   |          0.215823 |          0.225675 |          1.000000 |
|              |---------|-------------------|-------------------|-------------------|
|              |     1   |         24.231865 |         76.634379 |          1.000000 |
|              |---------|-------------------|-------------------|-------------------|
|              |     1   |          6.476451 |         14.726905 |          1.000000 |
|              |---------|-------------------|-------------------|-------------------|
|              |     1   |          2.129088 |          3.665914 |          1.000000 |
|              |---------|-------------------|-------------------|-------------------|
|              |     1   |          1.037564 |          1.492652 |          1.000000 |
|              |---------|-------------------|-------------------|-------------------|
|              |     1   |          0.549413 |          0.674238 |          1.000000 |
|              |---------|-------------------|-------------------|-------------------|
|              |     1   |          0.281527 |          0.292307 |          1.000000 |
|              |---------|-------------------|-------------------|-------------------|
|              |     2   |          9.718981 |         88.053322 |          1.000000 |
|              |---------|-------------------|-------------------|-------------------|
|              |     2   |          3.035148 |         11.487463 |          1.000000 |
|              |---------|-------------------|-------------------|-------------------|
|              |     2   |          1.467774 |          3.221535 |          1.000000 |
|              |---------|-------------------|-------------------|-------------------|
|              |     2   |          0.573708 |          0.622471 |          1.000000 |
|              |---------|-------------------|-------------------|-------------------|
|              |     2   |          0.290556 |          0.189261 |          1.000000 |
|              |---------|-------------------|-------------------|-------------------|
|              |     3   |          2.275620 |          9.363300 |          1.000000 |
|              |---------|-------------------|-------------------|-------------------|
|              |     3   |          1.196890 |          2.205852 |          1.000000 |
|              |---------|-------------------|-------------------|-------------------|
|              |     3   |          0.541575 |          0.370413 |          1.000000 |
|              |---------|-------------------|-------------------|-------------------|
|              |     4   |          1.216610 |          1.908103 |          1.000000 |
|--------------|---------|-------------------|-------------------|-------------------|
|   H (  4)    |         |                   |                   |                   |
|              |     0   |          8.512828 |          3.551939 |          1.000000 |
|              |---------|-------------------|-------------------|-------------------|
|              |     0   |          1.873089 |          1.141114 |          1.000000 |
|              |---------|-------------------|-------------------|-------------------|
|              |     0   |          0.526184 |          0.440315 |          1.000000 |
|              |---------|-------------------|-------------------|-------------------|
|              |     0   |          0.289740 |          0.281460 |          1.000000 |
|              |---------|-------------------|-------------------|-------------------|
|              |     1   |          2.372549 |          4.197195 |          1.000000 |
|              |---------|-------------------|-------------------|-------------------|
|              |     1   |          1.180408 |          1.753802 |          1.000000 |
|              |---------|-------------------|-------------------|-------------------|
|              |     1   |          0.603822 |          0.758711 |          1.000000 |
|              |---------|-------------------|-------------------|-------------------|
|              |     2   |          1.809637 |          4.647235 |          1.000000 |
|              |---------|-------------------|-------------------|-------------------|
|              |     2   |          1.143973 |          2.082748 |          1.000000 |
|              |---------|-------------------|-------------------|-------------------|
|              |     3   |          1.806306 |          5.568458 |          1.000000 |
|--------------|---------|-------------------|-------------------|-------------------|
|   H (  5)    |         |                   |                   |                   |
|              |     0   |          8.512828 |          3.551939 |          1.000000 |
|              |---------|-------------------|-------------------|-------------------|
|              |     0   |          1.873089 |          1.141114 |          1.000000 |
|              |---------|-------------------|-------------------|-------------------|
|              |     0   |          0.526184 |          0.440315 |          1.000000 |
|              |---------|-------------------|-------------------|-------------------|
|              |     0   |          0.289740 |          0.281460 |          1.000000 |
|              |---------|-------------------|-------------------|-------------------|
|              |     1   |          2.372549 |          4.197195 |          1.000000 |
|              |---------|-------------------|-------------------|-------------------|
|              |     1   |          1.180408 |          1.753802 |          1.000000 |
|              |---------|-------------------|-------------------|-------------------|
|              |     1   |          0.603822 |          0.758711 |          1.000000 |
|              |---------|-------------------|-------------------|-------------------|
|              |     2   |          1.809637 |          4.647235 |          1.000000 |
|              |---------|-------------------|-------------------|-------------------|
|              |     2   |          1.143973 |          2.082748 |          1.000000 |
|              |---------|-------------------|-------------------|-------------------|
|              |     3   |          1.806306 |          5.568458 |          1.000000 |
|--------------|---------|-------------------|-------------------|-------------------|
|   H (  6)    |         |                   |                   |                   |
|              |     0   |          8.512828 |          3.551939 |          1.000000 |
|              |---------|-------------------|-------------------|-------------------|
|              |     0   |          1.873089 |          1.141114 |          1.000000 |
|              |---------|-------------------|-------------------|-------------------|
|              |     0   |          0.526184 |          0.440315 |          1.000000 |
|              |---------|-------------------|-------------------|-------------------|
|              |     0   |          0.289740 |          0.281460 |          1.000000 |
|              |---------|-------------------|-------------------|-------------------|
|              |     1   |          2.372549 |          4.197195 |          1.000000 |
|              |---------|-------------------|-------------------|-------------------|
|              |     1   |          1.180408 |          1.753802 |          1.000000 |
|              |---------|-------------------|-------------------|-------------------|
|              |     1   |          0.603822 |          0.758711 |          1.000000 |
|              |---------|-------------------|-------------------|-------------------|
|              |     2   |          1.809637 |          4.647235 |          1.000000 |
|              |---------|-------------------|-------------------|-------------------|
|              |     2   |          1.143973 |          2.082748 |          1.000000 |
|              |---------|-------------------|-------------------|-------------------|
|              |     3   |          1.806306 |          5.568458 |          1.000000 |
|--------------|---------|-------------------|-------------------|-------------------|
|   H (  7)    |         |                   |                   |                   |
|              |     0   |          8.512828 |          3.551939 |          1.000000 |
|              |---------|-------------------|-------------------|-------------------|
|              |     0   |          1.873089 |          1.141114 |          1.000000 |
|              |---------|-------------------|-------------------|-------------------|
|              |     0   |          0.526184 |          0.440315 |          1.000000 |
|              |---------|-------------------|-------------------|-------------------|
|              |     0   |          0.289740 |          0.281460 |          1.000000 |
|              |---------|-------------------|-------------------|-------------------|
|              |     1   |          2.372549 |          4.197195 |          1.000000 |
|              |---------|-------------------|-------------------|-------------------|
|              |     1   |          1.180408 |          1.753802 |          1.000000 |
|              |---------|-------------------|-------------------|-------------------|
|              |     1   |          0.603822 |          0.758711 |          1.000000 |
|              |---------|-------------------|-------------------|-------------------|
|              |     2   |          1.809637 |          4.647235 |          1.000000 |
|              |---------|-------------------|-------------------|-------------------|
|              |     2   |          1.143973 |          2.082748 |          1.000000 |
|              |---------|-------------------|-------------------|-------------------|
|              |     3   |          1.806306 |          5.568458 |          1.000000 |
|--------------|---------|-------------------|-------------------|-------------------|
|   H (  8)    |         |                   |                   |                   |
|              |     0   |          8.512828 |          3.551939 |          1.000000 |
|              |---------|-------------------|-------------------|-------------------|
|              |     0   |          1.873089 |          1.141114 |          1.000000 |
|              |---------|-------------------|-------------------|-------------------|
|              |     0   |          0.526184 |          0.440315 |          1.000000 |
|              |---------|-------------------|-------------------|-------------------|
|              |     0   |          0.289740 |          0.281460 |          1.000000 |
|              |---------|-------------------|-------------------|-------------------|
|              |     1   |          2.372549 |          4.197195 |          1.000000 |
|              |---------|-------------------|-------------------|-------------------|
|              |     1   |          1.180408 |          1.753802 |          1.000000 |
|              |---------|-------------------|-------------------|-------------------|
|              |     1   |          0.603822 |          0.758711 |          1.000000 |
|              |---------|-------------------|-------------------|-------------------|
|              |     2   |          1.809637 |          4.647235 |          1.000000 |
|              |---------|-------------------|-------------------|-------------------|
|              |     2   |          1.143973 |          2.082748 |          1.000000 |
|              |---------|-------------------|-------------------|-------------------|
|              |     3   |          1.806306 |          5.568458 |          1.000000 |
|--------------|---------|-------------------|-------------------|-------------------|
|   H (  9)    |         |                   |                   |                   |
|              |     0   |          8.512828 |          3.551939 |          1.000000 |
|              |---------|-------------------|-------------------|-------------------|
|              |     0   |          1.873089 |          1.141114 |          1.000000 |
|              |---------|-------------------|-------------------|-------------------|
|              |     0   |          0.526184 |          0.440315 |          1.000000 |
|              |---------|-------------------|-------------------|-------------------|
|              |     0   |          0.289740 |          0.281460 |          1.000000 |
|              |---------|-------------------|-------------------|-------------------|
|              |     1   |          2.372549 |          4.197195 |          1.000000 |
|              |---------|-------------------|-------------------|-------------------|
|              |     1   |          1.180408 |          1.753802 |          1.000000 |
|              |---------|-------------------|-------------------|-------------------|
|              |     1   |          0.603822 |          0.758711 |          1.000000 |
|              |---------|-------------------|-------------------|-------------------|
|              |     2   |          1.809637 |          4.647235 |          1.000000 |
|              |---------|-------------------|-------------------|-------------------|
|              |     2   |          1.143973 |          2.082748 |          1.000000 |
|              |---------|-------------------|-------------------|-------------------|
|              |     3   |          1.806306 |          5.568458 |          1.000000 |
|______________|_________|___________________|___________________|___________________|



 Pseudopotential information:

 ________________________________________________________________ 





Calculation of 1-el matrices:
Time to step -    0.73876
Full time    -    0.73876



______________________Starting_CASSCF_calculations_____________________

Number of states                  7
State multiplicity                1 (singlet)

Active space:
Number of alpha electrons         2
Number of beta  electrons         2
Number of active orbitals         4

Number of core orbitals:          13

Preparation of virtual orbitals:  yes
State tracking:                   no 
State averaging:
Weights:	 1.00e+00  1.00e+00  1.00e+00 

SCF settings:
Energy convergence:               1.000000e-09
Orbital gradient convergence:     1.000000e-06
Rotation matrix convergence :     1.000000e-07
Maximum number of iterations:     50
Maximum SOSCF step          :     1.000000e-01

CI solver:                        determinant CI (aldet)
Davidson diagonalization settings:
Number of correlation vectors:    21
Number of basis functions:        300
Maximum number of iterations:     250
Energy convergence:               1.000000e-10
Residue convergence:              5.000000e-08
Orthogonality cut-off:            1.000000e-08
Energy denominator shift:         3.000000e-02
Sparsed multiplication:           no

_______________________________________________________________________




RI integrals calculation:
Time to step -    1.27579
Full time    -    2.01455


____________________Starting_Davidson_diagonalization__________________


Step 0
_________________________________________________
  n | E                 | dE         | norm(r)   |
____|___________________|____________|___________|
  0 |   -155.0231054959 | -1.550e+02 | 9.018e-27 |
  1 |   -154.7759356591 | -1.548e+02 | 1.351e-26 |
  2 |   -154.7173681866 | -1.547e+02 | 1.380e-26 |
  3 |   -154.6066598713 | -1.546e+02 | 1.003e-26 |
  4 |   -154.5525477173 | -1.546e+02 | 7.249e-27 |
  5 |   -154.5117406268 | -1.545e+02 | 1.841e-26 |
  6 |   -154.4754497138 | -1.545e+02 | 2.156e-26 |
____|___________________|____________|___________|
number of corr vectors=20
7 roots converged at step 0


CAS_CI WaveFunctions:

State 0  E  =    -155.0231054959 S^2 = 0.00:
-9.5276100631e-01  | 1100 | 1100
 1.8111658989e-01  | 1010 | 1010
-1.0390302253e-01  | 1001 | 0110
-1.0390302253e-01  | 0110 | 1001
 7.8366754214e-02  | 0101 | 0101
-7.5901832176e-02  | 1010 | 0101
-7.5901832176e-02  | 0101 | 1010
 7.5215520349e-02  | 0110 | 0110
 6.6123455919e-02  | 1001 | 1001
-4.3063103332e-02  | 1100 | 1001
State 1  E  =    -154.7759356591 S^2 = 0.00:
 5.6850671070e-01  | 1010 | 1010
 3.7022907291e-01  | 1100 | 0110
 3.7022907291e-01  | 0110 | 1100
 3.0815592618e-01  | 1100 | 1001
 3.0815592618e-01  | 1001 | 1100
-2.7690145983e-01  | 0110 | 0110
-2.2087054030e-01  | 1001 | 1001
 1.3036570891e-01  | 0101 | 0101
 1.2555785051e-01  | 1100 | 0011
 1.2555785051e-01  | 0011 | 1100
State 2  E  =    -154.7173681866 S^2 = 0.00:
-6.8397029423e-01  | 1100 | 1010
-6.8397029423e-01  | 1010 | 1100
-1.3853211842e-01  | 1010 | 0110
-1.3853211842e-01  | 0110 | 1010
-9.1982991213e-02  | 1010 | 1001
-9.1982991213e-02  | 1001 | 1010
 4.8747626699e-02  | 0101 | 0011
 4.8747626699e-02  | 0011 | 0101
-3.4313384163e-02  | 1010 | 0011
-3.4313384163e-02  | 0011 | 1010
State 3  E  =    -154.6066598713 S^2 = 0.00:
-5.0406562756e-01  | 1100 | 1001
-5.0406562756e-01  | 1001 | 1100
 4.6783512618e-01  | 1100 | 0110
 4.6783512618e-01  | 0110 | 1100
-1.1438051767e-01  | 0110 | 0011
-1.1438051767e-01  | 0011 | 0110
 9.7643112154e-02  | 1001 | 1001
 8.3673481031e-02  | 1001 | 0011
 8.3673481031e-02  | 0011 | 1001
-3.2813698371e-02  | 0110 | 0110
State 4  E  =    -154.5525477173 S^2 = 0.00:
-6.0474230279e-01  | 1010 | 1010
 3.0695263952e-01  | 1100 | 0110
 3.0695263952e-01  | 0110 | 1100
 2.8430324239e-01  | 1100 | 1001
 2.8430324239e-01  | 1001 | 1100
-2.4737987600e-01  | 1100 | 1100
 2.4478722066e-01  | 1001 | 0110
 2.4478722066e-01  | 0110 | 1001
 1.4749256751e-01  | 1010 | 0101
 1.4749256751e-01  | 0101 | 1010
State 5  E  =    -154.5117406268 S^2 = 0.00:
-6.6688253744e-01  | 1100 | 0101
-6.6688253744e-01  | 0101 | 1100
-1.7897413746e-01  | 1010 | 1001
-1.7897413746e-01  | 1001 | 1010
 1.2312664791e-01  | 1010 | 0011
 1.2312664791e-01  | 0011 | 1010
-8.0048931292e-02  | 1010 | 0110
-8.0048931292e-02  | 0110 | 1010
-2.7484588711e-02  | 0101 | 0011
-2.7484588711e-02  | 0011 | 0101
State 6  E  =    -154.4754497138 S^2 = 0.00:
-5.0498398389e-01  | 1010 | 0110
-5.0498398389e-01  | 0110 | 1010
 4.6982115402e-01  | 1010 | 1001
 4.6982115402e-01  | 1001 | 1010
-9.7980357864e-02  | 1001 | 0101
-9.7980357864e-02  | 0101 | 1001
 9.6875023404e-02  | 0110 | 0101
 9.6875023404e-02  | 0101 | 0110
-6.1621465533e-02  | 1100 | 0101
-6.1621465533e-02  | 0101 | 1100


Davidson diagonalization:
Time to step -    0.21204
Full time    -    2.22659
_______________________________________________________________________
Primary CI and calculation canonical orbitals:
Time to step -    0.17138
Full time    -    2.39796


CAS_SCF density averaging:
__________________________________________
 State| E                 | S^2  | weight |
______|___________________|______|________|
    0 |   -155.0231054959 | 0.00 | 1.00   |
    1 |   -154.7759356591 | 0.00 | 1.00   |
    2 |   -154.7173681866 | 0.00 | 1.00   |
    3 |   -154.6066598713 | 0.00 | 0.00   |
    4 |   -154.5525477173 | 0.00 | 0.00   |
    5 |   -154.5117406268 | 0.00 | 0.00   |
    6 |   -154.4754497138 | 0.00 | 0.00   |
______|___________________|______|________|

Start CAS_SCF iterations
_________________________________________________________________________________
  N | E                 | dE         | LAG.ASYM. | ROT.STEP  | N_dav | sweep_dE  |
____|___________________|____________|___________|___________|_______|___________|
  0 |   -154.8388031139 | -1.548e+02 | 8.902e-07 | 1.000e+00 |   0   | 0.000e+00 |
____|___________________|____________|___________|___________|_______|___________|

Lagrangian converged after 0 iterations

CAS_SCF iterations:
Time to step -    0.20872
Full time    -    2.60668
Preparation of canonical orbitals:
Time to step -    0.34404
Full time    -    2.95072
CAS_SCF WaveFunctions:

State 0  E  =    -155.0231054959 S^2 = 0.00:
-9.5276100631e-01  | 1100 | 1100
 1.8111658989e-01  | 1010 | 1010
-1.0390302253e-01  | 1001 | 0110
-1.0390302253e-01  | 0110 | 1001
 7.8366754214e-02  | 0101 | 0101
-7.5901832176e-02  | 1010 | 0101
-7.5901832176e-02  | 0101 | 1010
 7.5215520349e-02  | 0110 | 0110
 6.6123455919e-02  | 1001 | 1001
-4.3063103332e-02  | 1100 | 1001
State 1  E  =    -154.7759356591 S^2 = 0.00:
 5.6850671070e-01  | 1010 | 1010
 3.7022907291e-01  | 1100 | 0110
 3.7022907291e-01  | 0110 | 1100
 3.0815592618e-01  | 1100 | 1001
 3.0815592618e-01  | 1001 | 1100
-2.7690145983e-01  | 0110 | 0110
-2.2087054030e-01  | 1001 | 1001
 1.3036570891e-01  | 0101 | 0101
 1.2555785051e-01  | 1100 | 0011
 1.2555785051e-01  | 0011 | 1100
State 2  E  =    -154.7173681866 S^2 = 0.00:
-6.8397029423e-01  | 1100 | 1010
-6.8397029423e-01  | 1010 | 1100
-1.3853211842e-01  | 1010 | 0110
-1.3853211842e-01  | 0110 | 1010
-9.1982991213e-02  | 1010 | 1001
-9.1982991213e-02  | 1001 | 1010
 4.8747626699e-02  | 0101 | 0011
 4.8747626699e-02  | 0011 | 0101
-3.4313384163e-02  | 1010 | 0011
-3.4313384163e-02  | 0011 | 1010
State 3  E  =    -154.6066598713 S^2 = 0.00:
-5.0406562756e-01  | 1100 | 1001
-5.0406562756e-01  | 1001 | 1100
 4.6783512618e-01  | 1100 | 0110
 4.6783512618e-01  | 0110 | 1100
-1.1438051767e-01  | 0110 | 0011
-1.1438051767e-01  | 0011 | 0110
 9.7643112154e-02  | 1001 | 1001
 8.3673481031e-02  | 1001 | 0011
 8.3673481031e-02  | 0011 | 1001
-3.2813698371e-02  | 0110 | 0110
State 4  E  =    -154.5525477173 S^2 = 0.00:
-6.0474230279e-01  | 1010 | 1010
 3.0695263952e-01  | 1100 | 0110
 3.0695263952e-01  | 0110 | 1100
 2.8430324239e-01  | 1100 | 1001
 2.8430324239e-01  | 1001 | 1100
-2.4737987600e-01  | 1100 | 1100
 2.4478722066e-01  | 1001 | 0110
 2.4478722066e-01  | 0110 | 1001
 1.4749256751e-01  | 1010 | 0101
 1.4749256751e-01  | 0101 | 1010
State 5  E  =    -154.5117406268 S^2 = 0.00:
-6.6688253744e-01  | 1100 | 0101
-6.6688253744e-01  | 0101 | 1100
-1.7897413746e-01  | 1010 | 1001
-1.7897413746e-01  | 1001 | 1010
 1.2312664791e-01  | 1010 | 0011
 1.2312664791e-01  | 0011 | 1010
-8.0048931292e-02  | 1010 | 0110
-8.0048931292e-02  | 0110 | 1010
-2.7484588711e-02  | 0101 | 0011
-2.7484588711e-02  | 0011 | 0101
State 6  E  =    -154.4754497138 S^2 = 0.00:
-5.0498398389e-01  | 1010 | 0110
-5.0498398389e-01  | 0110 | 1010
 4.6982115402e-01  | 1010 | 1001
 4.6982115402e-01  | 1001 | 1010
-9.7980357864e-02  | 1001 | 0101
-9.7980357864e-02  | 0101 | 1001
 9.6875023404e-02  | 0110 | 0101
 9.6875023404e-02  | 0101 | 0110
-6.1621465533e-02  | 1100 | 0101
-6.1621465533e-02  | 0101 | 1100


CAS_SCF density averaging:
__________________________________________
 State| E                 | S^2  | weight |
______|___________________|______|________|
    0 |   -155.0231054959 | 0.00 | 1.00   |
    1 |   -154.7759356591 | 0.00 | 1.00   |
    2 |   -154.7173681866 | 0.00 | 1.00   |
    3 |   -154.6066598713 | 0.00 | 0.00   |
    4 |   -154.5525477173 | 0.00 | 0.00   |
    5 |   -154.5117406268 | 0.00 | 0.00   |
    6 |   -154.4754497138 | 0.00 | 0.00   |
______|___________________|______|________|


CAS_SCF Energy summary:
E[  0] = -155.0231054959
E[  1] = -154.7759356591 | 6.7258 eV
E[  2] = -154.7173681866 | 8.3195 eV
E[  3] = -154.6066598713 | 11.3321 eV
E[  4] = -154.5525477173 | 12.8045 eV
E[  5] = -154.5117406268 | 13.9150 eV
E[  6] = -154.4754497138 | 14.9025 eV


CAS_SCF Dipole moment:

d[  0,  0] = { 2.407281e-11,-6.768147e-12,-1.422495e-14} |d| = 2.500617e-11
d[  0,  1] = { 3.377494e-11, 2.832772e-12,-2.490172e-15} |d| = 3.389353e-11
d[  0,  2] = { 2.200221e+00,-3.937259e-01, 9.558865e-16} |d| = 2.235172e+00
d[  0,  3] = {-1.251538e-12,-1.161688e-12,-4.402944e-15} |d| = 1.707596e-12
d[  0,  4] = {-4.126105e-11, 4.147463e-11,-2.868018e-15} |d| = 5.850316e-11
d[  0,  5] = {-3.716928e-01, 8.703086e-01,-1.647028e-15} |d| = 9.463575e-01
d[  0,  6] = {-1.145955e-01, 1.033146e-01,-2.164551e-16} |d| = 1.542921e-01

d[  1,  0] = { 3.377493e-11, 2.832772e-12,-2.490172e-15} |d| = 3.389352e-11
d[  1,  1] = { 2.977508e-11, 1.310543e-11,-1.208973e-14} |d| = 3.253164e-11
d[  1,  2] = { 3.957617e-01, 3.241411e-01, 3.371147e-15} |d| = 5.115611e-01
d[  1,  3] = { 4.595579e-14,-2.539071e-13,-1.198249e-15} |d| = 2.580352e-13
d[  1,  4] = { 1.050685e-10,-3.537118e-12, 7.470119e-16} |d| = 1.051280e-10
d[  1,  5] = { 1.460272e+00, 3.529991e-01, 3.657557e-15} |d| = 1.502332e+00
d[  1,  6] = {-1.125802e-01, 4.042020e-02,-4.062751e-17} |d| = 1.196164e-01

d[  2,  0] = { 2.200221e+00,-3.937259e-01, 9.558865e-16} |d| = 2.235172e+00
d[  2,  1] = { 3.957617e-01, 3.241411e-01, 3.371147e-15} |d| = 5.115611e-01
d[  2,  2] = { 1.331608e-10,-1.514195e-11,-1.361141e-14} |d| = 1.340189e-10
d[  2,  3] = {-2.232633e-01, 6.609844e-02,-4.391136e-16} |d| = 2.328422e-01
d[  2,  4] = { 3.789642e+00,-2.284867e-01, 3.854009e-15} |d| = 3.796524e+00
d[  2,  5] = {-1.511383e-10, 4.289102e-11,-1.473274e-16} |d| = 1.571064e-10
d[  2,  6] = { 8.153682e-12, 2.741892e-11, 4.542060e-15} |d| = 2.860558e-11

d[  3,  0] = {-1.252724e-12,-1.161774e-12,-4.402944e-15} |d| = 1.708525e-12
d[  3,  1] = { 4.606317e-14,-2.538993e-13,-1.198249e-15} |d| = 2.580467e-13
d[  3,  2] = {-2.232633e-01, 6.609844e-02,-4.391136e-16} |d| = 2.328422e-01
d[  3,  3] = { 7.678592e-11,-1.996177e-11,-9.760732e-15} |d| = 7.933819e-11
d[  3,  4] = { 2.606246e-11,-1.045999e-11,-3.031758e-15} |d| = 2.808315e-11
d[  3,  5] = { 2.524627e-01,-5.967738e-02, 1.211973e-16} |d| = 2.594201e-01
d[  3,  6] = {-2.479432e+00, 6.153473e-01,-1.988754e-15} |d| = 2.554649e+00

d[  4,  0] = {-4.126101e-11, 4.147464e-11,-2.868018e-15} |d| = 5.850313e-11
d[  4,  1] = { 1.050685e-10,-3.537122e-12, 7.470119e-16} |d| = 1.051280e-10
d[  4,  2] = { 3.789642e+00,-2.284867e-01, 3.854009e-15} |d| = 3.796524e+00
d[  4,  3] = { 2.606243e-11,-1.045999e-11,-3.031758e-15} |d| = 2.808312e-11
d[  4,  4] = { 2.093168e-11, 3.468992e-11,-1.034835e-14} |d| = 4.051575e-11
d[  4,  5] = { 8.672067e-01, 5.024635e-01, 1.805197e-15} |d| = 1.002256e+00
d[  4,  6] = {-1.275476e-01, 9.087091e-02, 1.832756e-16} |d| = 1.566075e-01

d[  5,  0] = {-3.716928e-01, 8.703086e-01,-1.647028e-15} |d| = 9.463575e-01
d[  5,  1] = { 1.460272e+00, 3.529991e-01, 3.657557e-15} |d| = 1.502332e+00
d[  5,  2] = {-1.511384e-10, 4.289101e-11,-1.473274e-16} |d| = 1.571065e-10
d[  5,  3] = { 2.524627e-01,-5.967738e-02, 1.211973e-16} |d| = 2.594201e-01
d[  5,  4] = { 8.672067e-01, 5.024635e-01, 1.805197e-15} |d| = 1.002256e+00
d[  5,  5] = { 1.092020e-10,-3.169292e-11,-5.564018e-15} |d| = 1.137080e-10
d[  5,  6] = { 9.731578e-11,-2.093165e-12,-1.303406e-15} |d| = 9.733829e-11

d[  6,  0] = {-1.145955e-01, 1.033146e-01,-2.164551e-16} |d| = 1.542921e-01
d[  6,  1] = {-1.125802e-01, 4.042020e-02,-4.062751e-17} |d| = 1.196164e-01
d[  6,  2] = { 8.154317e-12, 2.741896e-11, 4.542060e-15} |d| = 2.860581e-11
d[  6,  3] = {-2.479432e+00, 6.153473e-01,-1.988754e-15} |d| = 2.554649e+00
d[  6,  4] = {-1.275476e-01, 9.087091e-02, 1.832756e-16} |d| = 1.566075e-01
d[  6,  5] = { 9.731576e-11,-2.093166e-12,-1.303406e-15} |d| = 9.733827e-11
d[  6,  6] = { 8.113629e-12, 2.722948e-11,-1.050604e-14} |d| = 2.841260e-11




CAS_SCF Electron dispersion:

State 0:
<x2> =  2.602050e+02
<y2> =  5.213158e+01
<z2> =  2.161754e+01

State 1:
<x2> =  2.621940e+02
<y2> =  5.245486e+01
<z2> =  2.172155e+01

State 2:
<x2> =  2.622814e+02
<y2> =  5.222595e+01
<z2> =  2.178620e+01

State 3:
<x2> =  2.619565e+02
<y2> =  5.246897e+01
<z2> =  2.155666e+01

State 4:
<x2> =  2.626376e+02
<y2> =  5.248445e+01
<z2> =  2.168289e+01

State 5:
<x2> =  2.616675e+02
<y2> =  5.270715e+01
<z2> =  2.133865e+01

State 6:
<x2> =  2.619523e+02
<y2> =  5.264098e+01
<z2> =  2.169365e+01




CAS_SCF Quadrupole moment:

Q[  0,  0] = { 2.602050e+02,-7.547813e-01, 1.350368e-14 
              -7.547813e-01, 5.213158e+01, 1.695071e-15 
               1.350368e-14, 1.695071e-15, 2.161754e+01}
Q[  0,  1] = {-5.075761e-01,-3.941996e-01, 8.387296e-15 
              -3.941996e-01,-4.487595e-02, 1.029813e-16 
               8.387296e-15, 1.029813e-16, 8.368057e-02}
Q[  0,  2] = { 1.645657e-12,-3.401206e-12,-9.773240e-15 
              -3.401206e-12,-1.854928e-12, 3.858477e-15 
              -9.773240e-15, 3.858477e-15, 1.256085e-12}
Q[  0,  3] = {-8.591558e+00, 1.470424e+00,-7.967157e-15 
               1.470424e+00, 3.825671e-01, 2.579235e-15 
              -7.967157e-15, 2.579235e-15,-1.900332e-01}
Q[  0,  4] = {-8.440894e-01,-1.099899e-01, 8.461073e-15 
              -1.099899e-01,-1.636854e-01, 7.891743e-16 
               8.461073e-15, 7.891743e-16, 3.518001e-02}
Q[  0,  5] = { 5.515207e-11,-8.634715e-12, 1.175810e-15 
              -8.634715e-12, 6.353450e-12,-1.246210e-14 
               1.175810e-15,-1.246210e-14,-7.306500e-13}
Q[  0,  6] = {-7.149814e-11, 1.263110e-12,-9.661153e-15 
               1.263110e-12, 3.661671e-12,-1.098395e-16 
              -9.661153e-15,-1.098395e-16,-1.595576e-13}

Q[  1,  0] = {-5.075761e-01,-3.941996e-01, 8.387296e-15 
              -3.941996e-01,-4.487595e-02, 1.029813e-16 
               8.387296e-15, 1.029813e-16, 8.368057e-02}
Q[  1,  1] = { 2.621940e+02,-1.818683e+00, 2.373909e-14 
              -1.818683e+00, 5.245486e+01,-1.751752e-15 
               2.373909e-14,-1.751752e-15, 2.172155e+01}
Q[  1,  2] = {-1.704595e-11, 1.718021e-11,-6.769701e-15 
               1.718021e-11,-2.799751e-12,-3.501196e-15 
              -6.769701e-15,-3.501196e-15,-1.514000e-12}
Q[  1,  3] = { 1.892282e+00,-1.798936e-01,-2.170933e-15 
              -1.798936e-01,-2.010355e-01, 2.877103e-15 
              -2.170933e-15, 2.877103e-15, 1.432935e-01}
Q[  1,  4] = {-7.315472e-01, 3.037607e-01, 4.651209e-15 
               3.037607e-01,-1.035827e-03,-8.365087e-16 
               4.651209e-15,-8.365087e-16,-1.222489e-01}
Q[  1,  5] = {-3.936993e-12, 2.480089e-12,-9.353134e-15 
               2.480089e-12,-3.118975e-12,-5.094317e-15 
              -9.353134e-15,-5.094317e-15, 6.060729e-12}
Q[  1,  6] = { 1.787575e-10,-2.594643e-11,-2.646004e-15 
              -2.594643e-11,-1.361688e-11,-7.776501e-17 
              -2.646004e-15,-7.776501e-17, 6.041625e-12}

Q[  2,  0] = { 1.643895e-12,-3.401012e-12,-9.773240e-15 
              -3.401012e-12,-1.854614e-12, 3.858477e-15 
              -9.773240e-15, 3.858477e-15, 1.256589e-12}
Q[  2,  1] = {-1.704631e-11, 1.718018e-11,-6.769701e-15 
               1.718018e-11,-2.799702e-12,-3.501196e-15 
              -6.769701e-15,-3.501196e-15,-1.514372e-12}
Q[  2,  2] = { 2.622814e+02,-1.448808e+00, 9.753222e-15 
              -1.448808e+00, 5.222595e+01, 1.367203e-15 
               9.753222e-15, 1.367203e-15, 2.178620e+01}
Q[  2,  3] = {-1.650698e-10, 2.925007e-11,-1.235758e-14 
               2.925007e-11, 6.505358e-12, 8.778338e-16 
              -1.235758e-14, 8.778338e-16,-4.120480e-12}
Q[  2,  4] = {-6.167550e-11, 5.234677e-12,-1.900424e-14 
               5.234677e-12, 9.494724e-12, 1.050461e-15 
              -1.900424e-14, 1.050461e-15, 1.640395e-14}
Q[  2,  5] = {-8.560097e-01, 2.292530e-01,-3.594830e-15 
               2.292530e-01, 5.359363e-02, 4.620616e-16 
              -3.594830e-15, 4.620616e-16,-2.340061e-02}
Q[  2,  6] = { 8.854382e+00,-1.469892e+00, 6.908669e-15 
              -1.469892e+00,-3.786348e-01,-2.234200e-15 
               6.908669e-15,-2.234200e-15, 2.038988e-01}

Q[  3,  0] = {-8.591558e+00, 1.470424e+00,-7.967157e-15 
               1.470424e+00, 3.825671e-01, 2.579235e-15 
              -7.967157e-15, 2.579235e-15,-1.900332e-01}
Q[  3,  1] = { 1.892282e+00,-1.798936e-01,-2.170933e-15 
              -1.798936e-01,-2.010355e-01, 2.877103e-15 
              -2.170933e-15, 2.877103e-15, 1.432935e-01}
Q[  3,  2] = {-1.650698e-10, 2.924996e-11,-1.235758e-14 
               2.924996e-11, 6.505278e-12, 8.778338e-16 
              -1.235758e-14, 8.778338e-16,-4.120861e-12}
Q[  3,  3] = { 2.619565e+02,-1.390323e+00, 2.339232e-14 
              -1.390323e+00, 5.246897e+01,-3.212722e-15 
               2.339232e-14,-3.212722e-15, 2.155666e+01}
Q[  3,  4] = {-2.656168e+00, 6.084702e-01,-6.819517e-15 
               6.084702e-01, 3.199197e-02, 3.764898e-15 
              -6.819517e-15, 3.764898e-15, 2.418598e-02}
Q[  3,  5] = { 2.453859e-10,-4.838978e-11, 1.254759e-14 
              -4.838978e-11,-5.623426e-12,-1.117852e-15 
               1.254759e-14,-1.117852e-15, 2.789434e-12}
Q[  3,  6] = { 1.499163e-10,-8.018675e-12, 1.133166e-14 
              -8.018675e-12,-9.547838e-12,-7.074262e-15 
               1.133166e-14,-7.074262e-15,-1.044686e-13}

Q[  4,  0] = {-8.440894e-01,-1.099899e-01, 8.461073e-15 
              -1.099899e-01,-1.636854e-01, 7.891743e-16 
               8.461073e-15, 7.891743e-16, 3.518001e-02}
Q[  4,  1] = {-7.315472e-01, 3.037607e-01, 4.651209e-15 
               3.037607e-01,-1.035827e-03,-8.365087e-16 
               4.651209e-15,-8.365087e-16,-1.222489e-01}
Q[  4,  2] = {-6.167625e-11, 5.234901e-12,-1.900424e-14 
               5.234901e-12, 9.494899e-12, 1.050461e-15 
              -1.900424e-14, 1.050461e-15, 1.681721e-14}
Q[  4,  3] = {-2.656168e+00, 6.084702e-01,-6.819517e-15 
               6.084702e-01, 3.199197e-02, 3.764898e-15 
              -6.819517e-15, 3.764898e-15, 2.418598e-02}
Q[  4,  4] = { 2.626376e+02,-1.528825e+00, 1.406936e-14 
              -1.528825e+00, 5.248445e+01,-1.533875e-15 
               1.406936e-14,-1.533875e-15, 2.168289e+01}
Q[  4,  5] = { 3.286766e-11, 3.225042e-11,-8.681339e-15 
               3.225042e-11, 9.275009e-12,-6.901385e-15 
              -8.681339e-15,-6.901385e-15,-1.710665e-11}
Q[  4,  6] = {-2.506953e-10, 6.501118e-11, 1.988291e-14 
               6.501118e-11, 1.191522e-11,-3.639520e-15 
               1.988291e-14,-3.639520e-15,-9.227143e-12}

Q[  5,  0] = { 5.515327e-11,-8.634786e-12, 1.175810e-15 
              -8.634786e-12, 6.353286e-12,-1.246210e-14 
               1.175810e-15,-1.246210e-14,-7.323465e-13}
Q[  5,  1] = {-3.936906e-12, 2.480268e-12,-9.353134e-15 
               2.480268e-12,-3.118914e-12,-5.094317e-15 
              -9.353134e-15,-5.094317e-15, 6.060571e-12}
Q[  5,  2] = {-8.560097e-01, 2.292530e-01,-3.594830e-15 
               2.292530e-01, 5.359363e-02, 4.620616e-16 
              -3.594830e-15, 4.620616e-16,-2.340061e-02}
Q[  5,  3] = { 2.453858e-10,-4.838968e-11, 1.254759e-14 
              -4.838968e-11,-5.623340e-12,-1.117852e-15 
               1.254759e-14,-1.117852e-15, 2.789741e-12}
Q[  5,  4] = { 3.286776e-11, 3.225044e-11,-8.681339e-15 
               3.225044e-11, 9.275001e-12,-6.901385e-15 
              -8.681339e-15,-6.901385e-15,-1.710669e-11}
Q[  5,  5] = { 2.616675e+02,-9.940574e-01, 2.583795e-14 
              -9.940574e-01, 5.270715e+01,-6.105291e-15 
               2.583795e-14,-6.105291e-15, 2.133865e+01}
Q[  5,  6] = {-1.748253e+00, 4.111270e-01,-2.095016e-15 
               4.111270e-01, 3.794420e-02, 1.541940e-15 
              -2.095016e-15, 1.541940e-15,-2.987257e-02}

Q[  6,  0] = {-7.149795e-11, 1.263099e-12,-9.661153e-15 
               1.263099e-12, 3.661644e-12,-1.098395e-16 
              -9.661153e-15,-1.098395e-16,-1.597167e-13}
Q[  6,  1] = { 1.787576e-10,-2.594654e-11,-2.646004e-15 
              -2.594654e-11,-1.361700e-11,-7.776501e-17 
              -2.646004e-15,-7.776501e-17, 6.041247e-12}
Q[  6,  2] = { 8.854382e+00,-1.469892e+00, 6.908669e-15 
              -1.469892e+00,-3.786348e-01,-2.234200e-15 
               6.908669e-15,-2.234200e-15, 2.038988e-01}
Q[  6,  3] = { 1.499172e-10,-8.018734e-12, 1.133166e-14 
              -8.018734e-12,-9.547990e-12,-7.074262e-15 
               1.133166e-14,-7.074262e-15,-1.045945e-13}
Q[  6,  4] = {-2.506953e-10, 6.501123e-11, 1.988291e-14 
               6.501123e-11, 1.191526e-11,-3.639520e-15 
               1.988291e-14,-3.639520e-15,-9.226998e-12}
Q[  6,  5] = {-1.748253e+00, 4.111270e-01,-2.095016e-15 
               4.111270e-01, 3.794420e-02, 1.541940e-15 
              -2.095016e-15, 1.541940e-15,-2.987257e-02}
Q[  6,  6] = { 2.619523e+02,-1.681717e+00, 1.680012e-14 
              -1.681717e+00, 5.264098e+01,-2.271965e-15 
               1.680012e-14,-2.271965e-15, 2.169365e+01}




CAS_SCF Mulliken charges:

State 0 charges:
c(C ) =-3.59848e-01
c(C ) =-3.59848e-01
c(C ) =-8.20061e-02
c(C ) =-8.20061e-02
c(H ) = 1.40347e-01
c(H ) = 1.40347e-01
c(H ) = 1.47362e-01
c(H ) = 1.47362e-01
c(H ) = 1.54145e-01
c(H ) = 1.54145e-01

State 1 charges:
c(C ) =-3.33612e-01
c(C ) =-3.33612e-01
c(C ) =-1.02184e-01
c(C ) =-1.02184e-01
c(H ) = 1.38330e-01
c(H ) = 1.38330e-01
c(H ) = 1.45005e-01
c(H ) = 1.45005e-01
c(H ) = 1.52460e-01
c(H ) = 1.52460e-01

State 2 charges:
c(C ) =-3.89484e-01
c(C ) =-3.89484e-01
c(C ) =-4.82506e-02
c(C ) =-4.82506e-02
c(H ) = 1.38875e-01
c(H ) = 1.38875e-01
c(H ) = 1.44964e-01
c(H ) = 1.44964e-01
c(H ) = 1.53896e-01
c(H ) = 1.53896e-01

State 3 charges:
c(C ) =-3.69002e-01
c(C ) =-3.69002e-01
c(C ) =-6.84540e-02
c(C ) =-6.84540e-02
c(H ) = 1.38623e-01
c(H ) = 1.38623e-01
c(H ) = 1.46079e-01
c(H ) = 1.46079e-01
c(H ) = 1.52755e-01
c(H ) = 1.52755e-01

State 4 charges:
c(C ) =-3.65818e-01
c(C ) =-3.65818e-01
c(C ) =-6.99974e-02
c(C ) =-6.99974e-02
c(H ) = 1.38423e-01
c(H ) = 1.38423e-01
c(H ) = 1.44727e-01
c(H ) = 1.44727e-01
c(H ) = 1.52665e-01
c(H ) = 1.52665e-01

State 5 charges:
c(C ) =-3.50854e-01
c(C ) =-3.50854e-01
c(C ) =-8.65920e-02
c(C ) =-8.65920e-02
c(H ) = 1.38859e-01
c(H ) = 1.38859e-01
c(H ) = 1.46833e-01
c(H ) = 1.46833e-01
c(H ) = 1.51754e-01
c(H ) = 1.51754e-01

State 6 charges:
c(C ) =-2.95570e-01
c(C ) =-2.95570e-01
c(C ) =-1.39032e-01
c(C ) =-1.39032e-01
c(H ) = 1.38509e-01
c(H ) = 1.38509e-01
c(H ) = 1.44704e-01
c(H ) = 1.44704e-01
c(H ) = 1.51388e-01
c(H ) = 1.51388e-01


Writing CAS_SCF canonical orbitals:
visualization file: c4h6-xmc_CAS.out
data file         : c4h6-xmc_CAS.orb

Writing CAS_SCF natural orbitals:
visualization file: c4h6-xmc_CAS_NatOrb.out
data file         : c4h6-xmc_CAS_NatOrb.orb

_______________________________________________________________________


CAS_SCF:
Time to step -    0.17309
Full time    -    3.12381



_____________________Starting_XMCQDPT2_calculations____________________

Number of states                  7
State multiplicity                1 (singlet)

Active space:
Number of alpha electrons         2
Number of beta  electrons         2
Number of active orbitals         4

State averaging:
Weights:	 1.00e+00  1.00e+00  1.00e+00  0.00e+00  0.00e+00  0.00e+00  0.00e+00 

Energy Denominator SHIFT          1.000000e-02 (a.u.)

Resolvent fitting:
grid size                         300
polynomial degree                 7

Additional options:
skip energy calculation an read from file        -     no 
read fitting energies from file                  -     no 

PT first order term: yes
_______________________________________________________________________



WARNING: doCI_data uses default value CAS_PRINT_NUMBER_DEFAULT

Initial CI vectors overlap matrix:
  1.0000e+00  -1.3459e-16   4.0373e-17   3.5789e-17   2.4815e-16   3.8051e-18  -1.0045e-16 
 -1.3459e-16   1.0000e+00   2.0950e-16   1.9661e-16   7.8911e-16  -6.7628e-17   7.1074e-17 
  4.0373e-17   2.0950e-16   1.0000e+00  -4.5057e-16   1.4669e-16  -9.5927e-17   6.7165e-17 
  3.5789e-17   1.9661e-16  -4.5057e-16   1.0000e+00   2.8978e-16   1.9853e-17  -1.1827e-16 
  2.4815e-16   7.8911e-16   1.4669e-16   2.8978e-16   1.0000e+00   4.0964e-17   2.3599e-16 
  3.8051e-18  -6.7628e-17  -9.5927e-17   1.9853e-17   4.0964e-17   1.0000e+00   1.5637e-16 
 -1.0045e-16   7.1074e-17   6.7165e-17  -1.1827e-16   2.3599e-16   1.5637e-16   1.0000e+00 


Calculation Fock-like operator...
Diagonalization of Fock-like operator in 3 subspaces...

Orbital energies (3 blocks):
core   : -1.1235e+01  -1.1234e+01  -1.1224e+01  -1.1224e+01  -1.0922e+00  -1.0020e+00  -8.2561e-01  -7.5538e-01  -6.4502e-01  -6.3682e-01  -5.5953e-01  -5.4423e-01  -4.9318e-01 
active : -4.0331e-01  -2.3617e-01   2.4712e-02   2.3610e-01 
virtual:  1.5915e-01   1.6351e-01   1.7220e-01   2.1440e-01   2.2600e-01   2.4789e-01   3.1018e-01   3.5648e-01   4.2631e-01   4.3154e-01   4.5303e-01   4.6907e-01   4.7489e-01   4.8285e-01   5.0577e-01   5.0660e-01   5.6564e-01   5.7597e-01   5.8201e-01   6.1214e-01   6.2796e-01   6.4390e-01   6.6227e-01   6.7160e-01   6.8299e-01   7.0425e-01   7.5494e-01   7.7406e-01   8.1268e-01   8.2624e-01   8.3268e-01   8.6492e-01   8.7288e-01   9.0368e-01   9.1141e-01   9.4816e-01   1.0630e+00   1.0839e+00   1.0917e+00   1.0979e+00   1.1365e+00   1.1478e+00   1.1986e+00   1.2038e+00   1.2333e+00   1.2405e+00   1.3075e+00   1.3333e+00   1.3455e+00   1.3751e+00   1.4119e+00   1.4192e+00   1.4244e+00   1.4830e+00   1.5010e+00   1.5486e+00   1.5749e+00   1.6173e+00   1.6341e+00   1.6551e+00   1.6806e+00   1.6985e+00   1.7094e+00   1.7157e+00   1.7765e+00   1.8912e+00   1.9689e+00   1.9738e+00   2.2329e+00   2.3420e+00   2.3425e+00   2.4182e+00   2.4733e+00   2.5423e+00   2.5587e+00   2.5936e+00   2.6072e+00   2.6456e+00   2.7243e+00   2.7453e+00   2.7556e+00   2.7670e+00   2.8309e+00   2.8615e+00   2.9344e+00   2.9769e+00   2.9844e+00   3.0342e+00   3.0445e+00   3.0513e+00   3.0789e+00   3.0903e+00   3.1248e+00   3.1396e+00   3.1753e+00   3.1825e+00   3.1950e+00   3.2163e+00   3.2379e+00   3.2577e+00   3.3008e+00   3.3154e+00   3.3354e+00   3.3572e+00   3.3644e+00   3.3900e+00   3.4217e+00   3.4294e+00   3.4463e+00   3.4850e+00   3.4910e+00   3.5258e+00   3.5432e+00   3.5892e+00   3.6113e+00   3.6200e+00   3.6764e+00   3.7059e+00   3.7671e+00   3.7851e+00   3.8018e+00   3.8279e+00   3.8570e+00   3.8694e+00   3.9114e+00   3.9186e+00   3.9866e+00   4.0384e+00   4.0568e+00   4.0680e+00   4.1048e+00   4.1116e+00   4.1327e+00   4.1536e+00   4.1571e+00   4.2074e+00   4.2121e+00   4.2811e+00   4.2872e+00   4.3244e+00   4.3304e+00   4.3424e+00   4.3604e+00   4.4127e+00   4.4207e+00   4.4708e+00   4.5187e+00   4.5597e+00   4.5994e+00   4.6928e+00   4.7080e+00   4.7298e+00   4.7920e+00   4.8084e+00   4.8673e+00   4.8803e+00   4.9407e+00   4.9789e+00   4.9967e+00   5.0471e+00   5.1290e+00   5.1773e+00   5.2085e+00   5.2981e+00   5.3153e+00   5.3292e+00   5.3460e+00   5.4427e+00   5.4696e+00   5.4930e+00   5.5284e+00   5.5293e+00   5.7007e+00   5.7927e+00   5.8325e+00   5.8671e+00   5.9305e+00   6.2890e+00   6.3202e+00   6.3683e+00   6.4966e+00   6.5363e+00   6.9938e+00   1.2079e+01   1.2094e+01   1.4531e+01   1.5231e+01 


Writing orbitals:
visualization file: c4h6-xmc_XMC_F.out
data file         : c4h6-xmc_XMC_F.orb
Fock matrix calculation:
Time to step -    0.26898
Full time    -    3.39279
_______________________________________________________________________


Construction of H(0)_PP:

H(0)_PP:
 -1.2080818406e+00  -2.1286413330e-04  -3.1922325436e-12   1.0558132795e-02  -1.5452996849e-01   8.6236835142e-12   2.9263694618e-12 
 -2.1286413330e-04  -7.0217503512e-01  -6.0271563929e-12  -3.1293723106e-02  -5.5217721167e-02  -5.3619731854e-12  -5.7119878198e-12 
 -3.1922325436e-12  -6.0271563929e-12  -9.8419992969e-01  -6.6290092707e-14   3.5517959481e-12   4.9146735376e-03   1.7659362797e-02 
  1.0558132795e-02  -3.1293723106e-02  -6.6290092707e-14  -7.8468190944e-01  -1.1911472466e-02   1.8140165445e-12  -1.7869404347e-12 
 -1.5452996849e-01  -5.5217721167e-02   3.5517959481e-12  -1.1911472466e-02  -7.1811824959e-01   3.5828395976e-12  -1.2695983496e-12 
  8.6236835142e-12  -5.3619731854e-12   4.9146735376e-03   1.8140165445e-12   3.5828395976e-12  -6.1521804930e-01  -1.0161740006e-02 
  2.9263694618e-12  -5.7119878198e-12   1.7659362797e-02  -1.7869404347e-12  -1.2695983496e-12  -1.0161740006e-02  -5.5673646142e-01 

S(0)_PP:
  1.0000000000e+00  -3.3395569486e-18   3.5438843931e-16  -1.0304808559e-16   3.3357272984e-16   1.7881103779e-17  -6.0818196636e-17 
 -3.3395569486e-18   1.0000000000e+00  -1.1533966413e-16  -5.7338758561e-17   8.4144984751e-16  -2.5840293381e-16   6.6340418980e-17 
  3.5438843931e-16  -1.1533966413e-16   1.0000000000e+00  -3.8494060683e-16   3.9628075683e-16  -1.5372244718e-16   1.6088537032e-16 
 -1.0304808559e-16  -5.7338758561e-17  -3.8494060683e-16   1.0000000000e+00  -3.4500950380e-20  -7.8171534385e-18  -3.9370842203e-16 
  3.3357272984e-16   8.4144984751e-16   3.9628075683e-16  -3.4500950380e-20   1.0000000000e+00  -5.3371837551e-17   9.1999534384e-17 
  1.7881103779e-17  -2.5840293381e-16  -1.5372244718e-16  -7.8171534385e-18  -5.3371837551e-17   1.0000000000e+00   8.3093000152e-17 
 -6.0818196636e-17   6.6340418980e-17   1.6088537032e-16  -3.9370842203e-16   9.1999534384e-17   8.3093000152e-17   1.0000000000e+00 

H(0+1):
 -1.5502310550e+02   2.8836039984e-14  -3.4624657967e-13  -1.2595503833e-13  -2.9184091026e-14   7.1922896709e-14   5.0723050169e-15 
  5.0356338934e-15  -1.5477593566e+02   4.9678822981e-14  -2.0616442920e-14  -1.8107758119e-13  -7.1402699747e-14  -5.5419098410e-14 
 -3.1493482575e-13   4.0832738326e-14  -1.5471736819e+02   1.5395030134e-14  -4.6777577972e-13   1.8920144959e-14   1.1575911283e-13 
 -1.6137115281e-13  -2.0671954071e-14   3.2545417331e-14  -1.5460665987e+02  -4.6743976393e-14   1.5323835900e-14   3.4709229620e-13 
 -6.6487584654e-14  -1.5973354354e-13  -4.5491764222e-13  -4.8853400140e-14  -1.5455254772e+02  -6.0722952762e-14   6.3963184969e-14 
  4.7289219481e-14  -6.2310468853e-14   3.8015980982e-14  -1.8663341893e-14  -5.9441335612e-14  -1.5451174063e+02  -2.9413731946e-14 
 -3.4194966798e-15  -2.7317817192e-14   1.2786054380e-13   3.2277042960e-13   5.7474450511e-14  -2.8192486619e-14  -1.5447544971e+02 

H(0)_PP eigenvalues:
 -1.2532641838e+00 
 -9.8500508291e-01 
 -8.0356108446e-01 
 -7.2388495101e-01 
 -6.3234681545e-01 
 -6.1677044169e-01 
 -5.5437891580e-01 

H(0)_PP eigenvectors in the basis of initial states:
v[  0] = -9.5961266313e-01  -2.7674076071e-02  -8.8176553145e-12   1.2664519424e-02  -2.7967354579e-01   1.4399695107e-11   3.7608076047e-12 
v[  1] =  6.2259178238e-12  -1.7883520865e-11  -9.9903293364e-01  -2.4370397509e-12   1.3097508807e-11   1.4419122453e-02   4.1536567243e-02 
v[  2] = -7.3611514105e-02   4.0708148761e-01  -5.7681959011e-12   8.7487536748e-01   2.5191089461e-01   2.8879552508e-12   1.8456179908e-11 
v[  3] = -1.8198178395e-01   6.6908945860e-01  -3.1659761029e-12  -4.8109726609e-01   5.3642086766e-01   4.0540226854e-11   2.7780957322e-11 
v[  4] =  2.0151305678e-01   6.2115867888e-01  -1.2440610696e-11  -5.4572171394e-02  -7.5536498575e-01   3.0098730921e-10   6.8512474413e-11 
v[  5] =  3.9478842912e-11   2.2279521058e-10  -2.0930256644e-02  -3.2988873279e-11  -2.1130778572e-10  -9.8675404025e-01  -1.6086761144e-01 
v[  6] =  2.3419785519e-12  -3.2421056926e-11   3.8666805757e-02  -4.3559952961e-12  -1.3026656684e-12  -1.6158141280e-01   9.8610157954e-01 

H(0)_PP eigenvectors in the determinant basis:

State 0  E  =      -1.2532641838 S^2 = 0.00:
 9.8332951829e-01  | 1100 | 1100
-1.0102584126e-01  | 0110 | 0110
-7.4096551086e-02  | 1001 | 1001
-5.3099876083e-02  | 1100 | 1001
-5.3099876083e-02  | 1001 | 1100
-5.1411767330e-02  | 0101 | 0101
-5.0086433678e-02  | 1100 | 0110
-5.0086433678e-02  | 0110 | 1100
 3.1279505956e-02  | 1001 | 0110
 3.1279505956e-02  | 0110 | 1001
State 1  E  =      -0.9850050829 S^2 = 0.00:
-6.8505333124e-01  | 1100 | 1010
-6.8505333124e-01  | 1010 | 1100
-1.1626861212e-01  | 1010 | 0110
-1.1626861212e-01  | 0110 | 1010
-1.0882814551e-01  | 1010 | 1001
-1.0882814551e-01  | 1001 | 1010
 4.9408413452e-02  | 0101 | 0011
 4.9408413452e-02  | 0011 | 0101
-3.6277672747e-02  | 1010 | 0011
-3.6277672747e-02  | 0011 | 1010
State 2  E  =      -0.8035610845 S^2 = 0.00:
 6.4041013702e-01  | 1100 | 0110
 6.4041013702e-01  | 0110 | 1100
-2.4076100393e-01  | 1100 | 1001
-2.4076100393e-01  | 1001 | 1100
-1.1445371528e-01  | 0110 | 0110
 9.4060878770e-02  | 1001 | 0011
 9.4060878770e-02  | 0011 | 1001
-8.1277743623e-02  | 0110 | 0011
-8.1277743623e-02  | 0011 | 0110
 6.6328915054e-02  | 1010 | 0101
State 3  E  =      -0.7238849510 S^2 = 0.00:
 6.0903136949e-01  | 1100 | 1001
 6.0903136949e-01  | 1001 | 1100
 1.9489895545e-01  | 1100 | 0110
 1.9489895545e-01  | 0110 | 1100
 1.8720811034e-01  | 1010 | 0101
 1.8720811034e-01  | 0101 | 1010
-1.7228092107e-01  | 1001 | 1001
 1.5103396513e-01  | 1001 | 0110
 1.5103396513e-01  | 0110 | 1001
-1.1394105271e-01  | 0110 | 0110
State 4  E  =      -0.6323468154 S^2 = 0.00:
 8.4705333206e-01  | 1010 | 1010
-2.5254176755e-01  | 0110 | 0110
-2.0872181533e-01  | 1001 | 0110
-2.0872181533e-01  | 0110 | 1001
-1.7779548176e-01  | 1001 | 1001
 1.7254996037e-01  | 0101 | 0101
 1.5819901494e-01  | 0011 | 1100
 1.5819901494e-01  | 1100 | 0011
-9.1003875333e-02  | 0011 | 0011
-5.0522800381e-02  | 0101 | 1010
State 5  E  =      -0.6167704417 S^2 = 0.00:
-6.6754151813e-01  | 1100 | 0101
-6.6754151813e-01  | 0101 | 1100
-1.6312368647e-01  | 1010 | 0110
-1.6312368647e-01  | 0110 | 1010
 1.2163767943e-01  | 1010 | 0011
 1.2163767943e-01  | 0011 | 1010
-1.0294967400e-01  | 1010 | 1001
-1.0294967400e-01  | 1001 | 1010
 3.9989508388e-02  | 0110 | 0101
 3.9989508388e-02  | 0101 | 0110
State 6  E  =      -0.5543789158 S^2 = 0.00:
 4.9038767926e-01  | 1010 | 0110
 4.9038767926e-01  | 0110 | 1010
-4.8865358761e-01  | 1010 | 1001
-4.8865358761e-01  | 1001 | 1010
 9.7995016584e-02  | 1001 | 0101
 9.7995016584e-02  | 0101 | 1001
-9.2361381647e-02  | 0110 | 0101
-9.2361381647e-02  | 0101 | 0110
-4.7767483352e-02  | 1100 | 0101
-4.7767483352e-02  | 0101 | 1100

Writing H(0)_PP WaveFunctions:
data file         : c4h6-xmc_XMC_H0PP.ci

construction and diagonalization of H(0)_PP:
Time to step -    0.46470
Full time    -    3.85749
_______________________________________________________________________


Start calculation of PT2 correction


RI orbital transformation:
Time to step -    0.16536
Full time    -    4.02286

CCVV res table:
Time to step -    0.96135
Full time    -    4.98421

CAVV res table:
Time to step -    0.29931
Full time    -    5.28352

AAVV res table:
Time to step -    0.64052
Full time    -    5.92404

CCAV res table:
Time to step -    0.03989
Full time    -    5.96392

CCAA res table:
Time to step -    0.00646
Full time    -    5.97038

CV   res table:
Time to step -    0.70275
Full time    -    6.67313

AV   res table:
Time to step -    0.20163
Full time    -    6.87476

CA   res table:
Time to step -    0.02796
Full time    -    6.90271

0-3 body PT operators:
Time to step -    0.00195
Full time    -    6.90466


H(2):
 -7.0545834299e-01   4.1886426946e-13   1.1488943753e-02   3.1471245157e-02  -3.5660780638e-02  -6.9628139840e-12  -4.4646632450e-13 
  6.2646929360e-13  -7.7331369268e-01  -4.9313280064e-13  -1.3939505404e-12   1.9242173760e-12  -3.1232061114e-03  -4.9031186618e-03 
  1.4761676474e-02  -5.3987805128e-13  -7.9505428589e-01   4.0853203443e-02   2.1711262199e-02   9.0505174011e-12  -2.9248411936e-12 
  5.4318629852e-02  -1.7374238402e-12   4.7323976236e-02  -7.9344767186e-01   5.3003491415e-02   1.9396858866e-11  -2.0676042388e-12 
 -6.2715642176e-02   2.7219315349e-12   2.4968993478e-02   5.9242578577e-02  -7.3391749769e-01   3.7652200489e-11  -4.6205018536e-13 
 -1.2405521024e-11  -4.2436512087e-03   1.0985964487e-11   2.1785043845e-11   3.8507762007e-11  -8.5385187827e-01  -1.0499265494e-02 
 -4.6401647636e-13  -1.5204955828e-02  -3.5059670680e-12  -2.0590473085e-12   8.0627052031e-13  -1.4105097076e-02  -8.1196199824e-01 

PT2 energy calculation:
Time to step -    0.00011
Full time    -    6.90477
_______________________________________________________________________


PT1 dipole moment - d(1):

d_x(1)
calculation resolvent table:
Time to step -    0.03476
Full time    -    6.93953
calculation of first order properties:
Time to step -    0.00047
Full time    -    6.94000

d_y(1)
calculation resolvent table:
Time to step -    0.03457
Full time    -    6.97457
calculation of first order properties:
Time to step -    0.00051
Full time    -    6.97508

d_z(1)
calculation resolvent table:
Time to step -    0.03429
Full time    -    7.00937
calculation of first order properties:
Time to step -    0.00044
Full time    -    7.00981

d(1):

d[  0,  0] = { 3.900537e-12, 8.544657e-12,-1.381827e-14} |d| = 9.392845e-12
d[  0,  1] = {-3.039429e-01, 1.384150e-01,-4.735753e-15} |d| = 3.339760e-01
d[  0,  2] = { 1.351311e-12, 4.156613e-12,-1.241491e-14} |d| = 4.370770e-12
d[  0,  3] = { 8.674436e-12, 1.849353e-11, 7.636935e-15} |d| = 2.042686e-11
d[  0,  4] = { 1.844466e-11, 7.473687e-11,-2.078494e-15} |d| = 7.697925e-11
d[  0,  5] = {-8.010035e-02,-2.670899e-01,-1.515436e-14} |d| = 2.788424e-01
d[  0,  6] = {-6.420712e-04,-3.808593e-02,-4.409178e-16} |d| = 3.809135e-02

d[  1,  0] = {-3.039429e-01, 1.384150e-01,-4.735753e-15} |d| = 3.339760e-01
d[  1,  1] = { 3.200491e-12, 2.656686e-12,-1.896722e-14} |d| = 4.159505e-12
d[  1,  2] = { 1.650743e-01, 2.713944e-02, 6.506514e-15} |d| = 1.672904e-01
d[  1,  3] = { 2.790264e-01, 6.843983e-02, 1.032502e-14} |d| = 2.872973e-01
d[  1,  4] = {-3.781744e-01, 1.270544e-01,-8.904430e-15} |d| = 3.989470e-01
d[  1,  5] = {-8.738797e-11, 2.777707e-11, 9.838667e-16} |d| = 9.169636e-11
d[  1,  6] = { 4.479954e-12, 3.971947e-12, 1.405379e-15} |d| = 5.987182e-12

d[  2,  0] = { 1.351311e-12, 4.156613e-12,-1.241491e-14} |d| = 4.370770e-12
d[  2,  1] = { 1.650743e-01, 2.713944e-02, 6.506514e-15} |d| = 1.672904e-01
d[  2,  2] = { 1.134418e-11, 3.407133e-12,-2.167096e-14} |d| = 1.184481e-11
d[  2,  3] = { 2.214727e-12,-1.089904e-11, 3.038108e-15} |d| = 1.112179e-11
d[  2,  4] = {-3.269391e-12,-4.096008e-11, 6.639477e-16} |d| = 4.109035e-11
d[  2,  5] = { 4.610379e-02, 1.197801e-01, 2.341869e-15} |d| = 1.283465e-01
d[  2,  6] = { 4.179622e-01,-2.485285e-01, 7.226810e-15} |d| = 4.862704e-01

d[  3,  0] = { 8.674436e-12, 1.849353e-11, 7.636935e-15} |d| = 2.042686e-11
d[  3,  1] = { 2.790264e-01, 6.843983e-02, 1.032502e-14} |d| = 2.872973e-01
d[  3,  2] = { 2.214727e-12,-1.089904e-11, 3.038108e-15} |d| = 1.112179e-11
d[  3,  3] = {-1.291523e-11,-1.199777e-11,-2.781374e-14} |d| = 1.762812e-11
d[  3,  4] = {-5.437023e-11,-4.135074e-11, 6.928083e-15} |d| = 6.830816e-11
d[  3,  5] = { 1.793165e-01, 1.568548e-01, 1.046770e-14} |d| = 2.382390e-01
d[  3,  6] = {-2.245954e-01, 1.290756e-01,-3.433199e-16} |d| = 2.590436e-01

d[  4,  0] = { 1.844466e-11, 7.473687e-11,-2.078494e-15} |d| = 7.697925e-11
d[  4,  1] = {-3.781744e-01, 1.270544e-01,-8.904430e-15} |d| = 3.989470e-01
d[  4,  2] = {-3.269391e-12,-4.096008e-11, 6.639477e-16} |d| = 4.109035e-11
d[  4,  3] = {-5.437023e-11,-4.135074e-11, 6.928083e-15} |d| = 6.830816e-11
d[  4,  4] = { 1.473153e-11, 2.628290e-11,-1.797374e-14} |d| = 3.012987e-11
d[  4,  5] = {-2.048067e-02,-3.606456e-02, 1.628206e-15} |d| = 4.147421e-02
d[  4,  6] = {-6.892012e-02, 6.566520e-02,-5.204977e-15} |d| = 9.519402e-02

d[  5,  0] = {-8.010035e-02,-2.670899e-01,-1.515436e-14} |d| = 2.788424e-01
d[  5,  1] = {-8.738797e-11, 2.777707e-11, 9.838667e-16} |d| = 9.169636e-11
d[  5,  2] = { 4.610379e-02, 1.197801e-01, 2.341869e-15} |d| = 1.283465e-01
d[  5,  3] = { 1.793165e-01, 1.568548e-01, 1.046770e-14} |d| = 2.382390e-01
d[  5,  4] = {-2.048067e-02,-3.606456e-02, 1.628206e-15} |d| = 4.147421e-02
d[  5,  5] = {-5.683055e-12, 1.723169e-12,-2.761605e-14} |d| = 5.938618e-12
d[  5,  6] = {-1.943610e-11, 2.267373e-11,-4.398696e-15} |d| = 2.986403e-11

d[  6,  0] = {-6.420712e-04,-3.808593e-02,-4.409178e-16} |d| = 3.809135e-02
d[  6,  1] = { 4.479954e-12, 3.971947e-12, 1.405379e-15} |d| = 5.987182e-12
d[  6,  2] = { 4.179622e-01,-2.485285e-01, 7.226810e-15} |d| = 4.862704e-01
d[  6,  3] = {-2.245954e-01, 1.290756e-01,-3.433199e-16} |d| = 2.590436e-01
d[  6,  4] = {-6.892012e-02, 6.566520e-02,-5.204977e-15} |d| = 9.519402e-02
d[  6,  5] = {-1.943610e-11, 2.267373e-11,-4.398696e-15} |d| = 2.986403e-11
d[  6,  6] = { 1.452237e-11,-6.493913e-12,-2.524355e-14} |d| = 1.590819e-11


_______________________________________________________________________




XMCQDPT2 FINAL RESULTS:

H(2) in H(0)_PP basis:
 -7.0545834299e-01   4.1886426946e-13   1.1488943753e-02   3.1471245157e-02  -3.5660780638e-02  -6.9628139840e-12  -4.4646632450e-13 
  6.2646929360e-13  -7.7331369268e-01  -4.9313280064e-13  -1.3939505404e-12   1.9242173760e-12  -3.1232061114e-03  -4.9031186618e-03 
  1.4761676474e-02  -5.3987805128e-13  -7.9505428589e-01   4.0853203443e-02   2.1711262199e-02   9.0505174011e-12  -2.9248411936e-12 
  5.4318629852e-02  -1.7374238402e-12   4.7323976236e-02  -7.9344767186e-01   5.3003491415e-02   1.9396858866e-11  -2.0676042388e-12 
 -6.2715642176e-02   2.7219315349e-12   2.4968993478e-02   5.9242578577e-02  -7.3391749769e-01   3.7652200489e-11  -4.6205018536e-13 
 -1.2405521024e-11  -4.2436512087e-03   1.0985964487e-11   2.1785043845e-11   3.8507762007e-11  -8.5385187827e-01  -1.0499265494e-02 
 -4.6401647636e-13  -1.5204955828e-02  -3.5059670680e-12  -2.0590473085e-12   8.0627052031e-13  -1.4105097076e-02  -8.1196199824e-01 

H(2) in initial basis:
 -6.7778148568e-01   4.5851521617e-03   1.0162562448e-13  -5.7187606645e-03  -1.1258578847e-02   4.6708759729e-13   3.5303252647e-13 
  2.6891587208e-03  -6.8839916973e-01  -1.6945638100e-12   1.0657597241e-02  -2.2578240903e-02   8.2217560160e-13  -8.9780868187e-13 
  5.9376780811e-14  -1.4589690054e-12  -7.7276412397e-01  -1.0070696660e-13   1.3541971332e-12  -4.7967605019e-03   2.8672557386e-03 
  2.1544247316e-03   5.5828987604e-03  -1.4329364069e-13  -8.3104536226e-01   2.1392707468e-02  -2.7698518139e-13  -1.1207147487e-12 
 -4.5936318859e-02  -2.9979144043e-02   1.7562933597e-12   2.4119573464e-02  -8.3065178074e-01  -3.7949000709e-13  -1.3234089084e-13 
  2.2643111994e-12  -3.1525130153e-13  -7.7086389864e-03  -4.0703783501e-13   1.5446267195e-13  -8.5651273064e-01   3.4367576445e-03 
  6.8447999251e-13  -1.1926460939e-12   1.2903585009e-02  -1.3986280885e-12  -3.5467315666e-13   6.7801580191e-03  -8.0985071459e-01 

H(2) in initial basis (symmetric form):
 -6.7778148568e-01   3.6371554413e-03   8.0501202648e-14  -1.7821679664e-03  -2.8597448853e-02   1.3656993984e-12   5.1875625949e-13 
  3.6371554413e-03  -6.8839916973e-01  -1.5767664077e-12   8.1202480009e-03  -2.6278692473e-02   2.5346215003e-13  -1.0452273879e-12 
  8.0501202648e-14  -1.5767664077e-12  -7.7276412397e-01  -1.2200030365e-13   1.5552452465e-12  -6.2526997442e-03   7.8854203740e-03 
 -1.7821679664e-03   8.1202480009e-03  -1.2200030365e-13  -8.3104536226e-01   2.2756140466e-02  -3.4201150820e-13  -1.2596714186e-12 
 -2.8597448853e-02  -2.6278692473e-02   1.5552452465e-12   2.2756140466e-02  -8.3065178074e-01  -1.1251366757e-13  -2.4350702375e-13 
  1.3656993984e-12   2.5346215003e-13  -6.2526997442e-03  -3.4201150820e-13  -1.1251366757e-13  -8.5651273064e-01   5.1084578318e-03 
  5.1875625949e-13  -1.0452273879e-12   7.8854203740e-03  -1.2596714186e-12  -2.4350702375e-13   5.1084578318e-03  -8.0985071459e-01 

H(0-1):
 -1.5502310550e+02   2.8836039984e-14  -3.4624657967e-13  -1.2595503833e-13  -2.9184091026e-14   7.1922896709e-14   5.0723050169e-15 
  5.0356338934e-15  -1.5477593566e+02   4.9678822981e-14  -2.0616442920e-14  -1.8107758119e-13  -7.1402699747e-14  -5.5419098410e-14 
 -3.1493482575e-13   4.0832738326e-14  -1.5471736819e+02   1.5395030134e-14  -4.6777577972e-13   1.8920144959e-14   1.1575911283e-13 
 -1.6137115281e-13  -2.0671954071e-14   3.2545417331e-14  -1.5460665987e+02  -4.6743976393e-14   1.5323835900e-14   3.4709229620e-13 
 -6.6487584654e-14  -1.5973354354e-13  -4.5491764222e-13  -4.8853400140e-14  -1.5455254772e+02  -6.0722952762e-14   6.3963184969e-14 
  4.7289219481e-14  -6.2310468853e-14   3.8015980982e-14  -1.8663341893e-14  -5.9441335612e-14  -1.5451174063e+02  -2.9413731946e-14 
 -3.4194966798e-15  -2.7317817192e-14   1.2786054380e-13   3.2277042960e-13   5.7474450511e-14  -2.8192486619e-14  -1.5447544971e+02 

H(0-2):
 -1.5570088698e+02   3.6371554413e-03  -2.6574537702e-13  -1.7821679666e-03  -2.8597448853e-02   1.4376222951e-12   5.2382856451e-13 
  3.6371554413e-03  -1.5546433483e+02  -1.5270875847e-12   8.1202480009e-03  -2.6278692473e-02   1.8205945028e-13  -1.1006464863e-12 
 -2.3443362310e-13  -1.5359336694e-12  -1.5549013231e+02  -1.0660527351e-13   1.0874694668e-12  -6.2526997442e-03   7.8854203741e-03 
 -1.7821679666e-03   8.1202480009e-03  -8.9454886315e-14  -1.5543770523e+02   2.2756140466e-02  -3.2668767230e-13  -9.1257912239e-13 
 -2.8597448853e-02  -2.6278692473e-02   1.1003276043e-12   2.2756140466e-02  -1.5538319950e+02  -1.7323662033e-13  -1.7954383878e-13 
  1.4129886179e-12   1.9115168118e-13  -6.2526997442e-03  -3.6067485009e-13  -1.7195500318e-13  -1.5536825336e+02   5.1084578318e-03 
  5.1533676281e-13  -1.0725452051e-12   7.8854203741e-03  -9.3690098898e-13  -1.8603257324e-13   5.1084578318e-03  -1.5528530043e+02 

E(CAS):
E[  0] = -155.0231054959
E[  1] = -154.7759356591 | 6.7258 eV
E[  2] = -154.7173681866 | 8.3195 eV
E[  3] = -154.6066598713 | 11.3321 eV
E[  4] = -154.5525477173 | 12.8045 eV
E[  5] = -154.5117406268 | 13.9150 eV
E[  6] = -154.4754497138 | 14.9025 eV

E(MP2):
E[  0] = -155.7034478422
E[  1] = -155.4907747001 | 5.7871 eV
E[  2] = -155.4775562330 | 6.1468 eV
E[  3] = -155.4378056912 | 7.2285 eV
E[  4] = -155.3681980299 | 9.1226 eV
E[  5] = -155.3673167756 | 9.1466 eV
E[  6] = -155.2847133665 | 11.3944 eV

H(0-2) eigenvectors in the basis of initial states:
v[  0] = -9.9605637122e-01   5.3936577154e-03  -4.1295116125e-13   7.3846930103e-04  -8.8555454183e-02   4.1990306710e-12   1.1154912672e-12 
v[  1] =  3.9908427652e-13  -6.1585146529e-11  -9.9783153384e-01   7.2491835410e-12  -5.5163518165e-12  -5.2574013255e-02   3.9600545472e-02 
v[  2] =  2.4306178921e-02  -8.7316151090e-01   5.7776773632e-11   3.6375820767e-01  -3.2354003138e-01   5.8355597952e-12  -6.2522610841e-12 
v[  3] = -1.6817245522e-02  -4.2879569313e-01   1.8762699109e-11  -8.8973787475e-01   1.5562116835e-01  -2.6631853025e-13  -9.6914919817e-12 
v[  4] =  4.0277631576e-11   1.2048833481e-10   5.4757125483e-02  -1.4434301267e-10  -4.9371880724e-10  -9.9691544611e-01   5.6224999067e-02 
v[  5] =  8.3654618912e-02   2.3171995575e-01  -4.0173636255e-11  -2.7576427479e-01  -9.2911884686e-01   5.2747762048e-10  -3.1422364817e-11 
v[  6] = -1.4519150795e-12   6.6908898976e-12  -3.6522421609e-02   7.2025776229e-12   1.6371513064e-12  -5.8271489096e-02  -9.9763247054e-01 

H(0-2) eigenvectors in the determinant basis:

State 0  E  =    -155.7034478422 S^2 = 0.00:
 9.7097348366e-01  | 1100 | 1100
-1.2379118942e-01  | 1010 | 1010
-8.7865871588e-02  | 0110 | 0110
 8.1779763272e-02  | 1001 | 0110
 8.1779763272e-02  | 0110 | 1001
-7.2679047410e-02  | 1001 | 1001
-6.8613701816e-02  | 0101 | 0101
 6.3167680036e-02  | 1010 | 0101
 6.3167680036e-02  | 0101 | 1010
 2.6625142154e-02  | 0011 | 0011
State 1  E  =    -155.4907747001 S^2 = 0.00:
-6.8325509767e-01  | 1100 | 1010
-6.8325509767e-01  | 1010 | 1100
-1.2244256857e-01  | 1010 | 0110
-1.2244256857e-01  | 0110 | 1010
-1.1979809186e-01  | 1010 | 1001
-1.1979809186e-01  | 1001 | 1010
 4.7494044409e-02  | 0101 | 0011
 4.7494044409e-02  | 0011 | 0101
-2.7977456622e-02  | 1010 | 0011
-2.7977456622e-02  | 0011 | 1010
State 2  E  =    -155.4775562330 S^2 = 0.00:
-5.4545808278e-01  | 1100 | 1001
-5.4545808278e-01  | 1001 | 1100
-3.0048318209e-01  | 1010 | 1010
-2.5341759270e-01  | 1100 | 0110
-2.5341759270e-01  | 0110 | 1100
 2.0916658490e-01  | 1001 | 1001
 1.8991461019e-01  | 0110 | 0110
-1.6495801806e-01  | 1010 | 0101
-1.6495801806e-01  | 0101 | 1010
-8.7239118740e-02  | 0101 | 0101
State 3  E  =    -155.4378056912 S^2 = 0.00:
-5.2653251457e-01  | 1100 | 0110
-5.2653251457e-01  | 0110 | 1100
 3.6131815177e-01  | 1100 | 1001
 3.6131815177e-01  | 1001 | 1100
-3.3078984616e-01  | 1010 | 1010
 1.6674975560e-01  | 0110 | 0110
-9.5666061767e-02  | 1001 | 0011
-9.5666061767e-02  | 0011 | 1001
 8.0645552397e-02  | 0110 | 0011
 8.0645552397e-02  | 0011 | 0110
State 4  E  =    -155.3681980299 S^2 = 0.00:
-6.6246072082e-01  | 1100 | 0101
-6.6246072082e-01  | 0101 | 1100
-1.9980105184e-01  | 1010 | 1001
-1.9980105184e-01  | 1001 | 1010
 1.2432512750e-01  | 1010 | 0011
 1.2432512750e-01  | 0011 | 1010
 4.8810686788e-02  | 1100 | 1010
 4.8810686788e-02  | 1010 | 1100
-4.3823671435e-02  | 1010 | 0110
-4.3823671435e-02  | 0110 | 1010
State 5  E  =    -155.3673167756 S^2 = 0.00:
 7.1190582975e-01  | 1010 | 1010
-3.3191230439e-01  | 1100 | 0110
-3.3191230439e-01  | 0110 | 1100
-2.3483268774e-01  | 1001 | 0110
-2.3483268774e-01  | 0110 | 1001
-1.6873745834e-01  | 0110 | 0110
 1.4938119982e-01  | 1100 | 1100
 1.3416437326e-01  | 0101 | 0101
-1.3234938785e-01  | 1001 | 1001
 1.2725245615e-01  | 0011 | 1100
State 6  E  =    -155.2847133665 S^2 = 0.00:
-5.1351251830e-01  | 1010 | 0110
-5.1351251830e-01  | 0110 | 1010
 4.5492030751e-01  | 1010 | 1001
 4.5492030751e-01  | 1001 | 1010
-9.9602201549e-02  | 1100 | 0101
-9.9602201549e-02  | 0101 | 1100
 9.8781974773e-02  | 0110 | 0101
 9.8781974773e-02  | 0101 | 0110
-9.6561149901e-02  | 1001 | 0101
-9.6561149901e-02  | 0101 | 1001

Writing H(0-2) WaveFunctions:
data file         : c4h6-xmc_XMC_H2.ci


Dipole CAS:

d[  0,  0] = { 2.412200e-11,-6.779858e-12,-1.422495e-14} |d| = 2.505669e-11
d[  0,  1] = { 3.377371e-11, 2.832831e-12,-2.490172e-15} |d| = 3.389230e-11
d[  0,  2] = { 2.200221e+00,-3.937259e-01, 9.558865e-16} |d| = 2.235172e+00
d[  0,  3] = {-1.251227e-12,-1.162256e-12,-4.402944e-15} |d| = 1.707755e-12
d[  0,  4] = {-4.125981e-11, 4.147452e-11,-2.868018e-15} |d| = 5.850220e-11
d[  0,  5] = {-3.716928e-01, 8.703086e-01,-1.647028e-15} |d| = 9.463575e-01
d[  0,  6] = {-1.145955e-01, 1.033146e-01,-2.164551e-16} |d| = 1.542921e-01

d[  1,  0] = { 3.377426e-11, 2.832896e-12,-2.490172e-15} |d| = 3.389286e-11
d[  1,  1] = { 2.983698e-11, 1.309111e-11,-1.208973e-14} |d| = 3.258255e-11
d[  1,  2] = { 3.957617e-01, 3.241411e-01, 3.371147e-15} |d| = 5.115611e-01
d[  1,  3] = { 4.517526e-14,-2.538414e-13,-1.198249e-15} |d| = 2.578327e-13
d[  1,  4] = { 1.050679e-10,-3.537130e-12, 7.470119e-16} |d| = 1.051274e-10
d[  1,  5] = { 1.460272e+00, 3.529991e-01, 3.657557e-15} |d| = 1.502332e+00
d[  1,  6] = {-1.125802e-01, 4.042020e-02,-4.062751e-17} |d| = 1.196164e-01

d[  2,  0] = { 2.200221e+00,-3.937259e-01, 9.558865e-16} |d| = 2.235172e+00
d[  2,  1] = { 3.957617e-01, 3.241411e-01, 3.371147e-15} |d| = 5.115611e-01
d[  2,  2] = { 1.332068e-10,-1.513960e-11,-1.361141e-14} |d| = 1.340644e-10
d[  2,  3] = {-2.232633e-01, 6.609844e-02,-4.391136e-16} |d| = 2.328422e-01
d[  2,  4] = { 3.789642e+00,-2.284867e-01, 3.854009e-15} |d| = 3.796524e+00
d[  2,  5] = {-1.511390e-10, 4.289119e-11,-1.473274e-16} |d| = 1.571071e-10
d[  2,  6] = { 8.155376e-12, 2.741967e-11, 4.542060e-15} |d| = 2.860679e-11

d[  3,  0] = {-1.253715e-12,-1.161674e-12,-4.402944e-15} |d| = 1.709183e-12
d[  3,  1] = { 4.561122e-14,-2.542174e-13,-1.198249e-15} |d| = 2.582795e-13
d[  3,  2] = {-2.232633e-01, 6.609844e-02,-4.391136e-16} |d| = 2.328422e-01
d[  3,  3] = { 7.683576e-11,-1.997060e-11,-9.760732e-15} |d| = 7.938866e-11
d[  3,  4] = { 2.606366e-11,-1.045986e-11,-3.031758e-15} |d| = 2.808421e-11
d[  3,  5] = { 2.524627e-01,-5.967738e-02, 1.211973e-16} |d| = 2.594201e-01
d[  3,  6] = {-2.479432e+00, 6.153473e-01,-1.988754e-15} |d| = 2.554649e+00

d[  4,  0] = {-4.126033e-11, 4.147474e-11,-2.868018e-15} |d| = 5.850273e-11
d[  4,  1] = { 1.050675e-10,-3.537206e-12, 7.470119e-16} |d| = 1.051271e-10
d[  4,  2] = { 3.789642e+00,-2.284867e-01, 3.854009e-15} |d| = 3.796524e+00
d[  4,  3] = { 2.606269e-11,-1.045997e-11,-3.031758e-15} |d| = 2.808336e-11
d[  4,  4] = { 2.093564e-11, 3.469739e-11,-1.034835e-14} |d| = 4.052419e-11
d[  4,  5] = { 8.672067e-01, 5.024635e-01, 1.805197e-15} |d| = 1.002256e+00
d[  4,  6] = {-1.275476e-01, 9.087091e-02, 1.832756e-16} |d| = 1.566075e-01

d[  5,  0] = {-3.716928e-01, 8.703086e-01,-1.647028e-15} |d| = 9.463575e-01
d[  5,  1] = { 1.460272e+00, 3.529991e-01, 3.657557e-15} |d| = 1.502332e+00
d[  5,  2] = {-1.511390e-10, 4.289110e-11,-1.473274e-16} |d| = 1.571071e-10
d[  5,  3] = { 2.524627e-01,-5.967738e-02, 1.211973e-16} |d| = 2.594201e-01
d[  5,  4] = { 8.672067e-01, 5.024635e-01, 1.805197e-15} |d| = 1.002256e+00
d[  5,  5] = { 1.092165e-10,-3.169845e-11,-5.564018e-15} |d| = 1.137235e-10
d[  5,  6] = { 9.731717e-11,-2.093019e-12,-1.303406e-15} |d| = 9.733967e-11

d[  6,  0] = {-1.145955e-01, 1.033146e-01,-2.164551e-16} |d| = 1.542921e-01
d[  6,  1] = {-1.125802e-01, 4.042020e-02,-4.062751e-17} |d| = 1.196164e-01
d[  6,  2] = { 8.157651e-12, 2.741876e-11, 4.542060e-15} |d| = 2.860657e-11
d[  6,  3] = {-2.479432e+00, 6.153473e-01,-1.988754e-15} |d| = 2.554649e+00
d[  6,  4] = {-1.275476e-01, 9.087091e-02, 1.832756e-16} |d| = 1.566075e-01
d[  6,  5] = { 9.731564e-11,-2.093067e-12,-1.303406e-15} |d| = 9.733815e-11
d[  6,  6] = { 8.210357e-12, 2.723858e-11,-1.050604e-14} |d| = 2.844909e-11




XMC(0) Dipole moment:

d[  0,  0] = { 2.119002e-11,-7.380855e-12,-1.466753e-14} |d| = 2.243868e-11
d[  0,  1] = { 2.508713e+00,-3.698564e-01, 1.201727e-15} |d| = 2.535830e+00
d[  0,  2] = {-1.276692e-10, 3.491871e-11,-1.233471e-15} |d| = 1.323584e-10
d[  0,  3] = {-2.359905e-11, 6.574463e-13,-4.790405e-15} |d| = 2.360820e-11
d[  0,  4] = {-4.319190e-01, 9.231870e-01,-1.554592e-15} |d| = 1.019229e+00
d[  0,  5] = { 2.080650e-10,-4.541402e-10,-3.037740e-15} |d| = 4.995341e-10
d[  0,  6] = {-4.805247e-02, 1.478917e-01,-2.380652e-16} |d| = 1.555024e-01

d[  1,  0] = { 2.508713e+00,-3.698564e-01, 1.201727e-15} |d| = 2.535830e+00
d[  1,  1] = { 2.167792e-10, 2.660124e-11,-1.395328e-14} |d| = 2.184052e-10
d[  1,  2] = { 1.643064e+00, 2.253893e-01, 4.486192e-15} |d| = 1.658451e+00
d[  1,  3] = {-4.545626e-01, 2.061934e-01, 6.140592e-16} |d| = 4.991421e-01
d[  1,  4] = { 1.664331e-09,-5.863792e-11, 9.289737e-17} |d| = 1.665363e-09
d[  1,  5] = { 3.237015e+00,-2.295237e-01, 2.659486e-15} |d| = 3.245142e+00
d[  1,  6] = { 2.073951e-11, 2.587017e-11, 4.342677e-15} |d| = 3.315710e-11

d[  2,  0] = {-1.276695e-10, 3.491863e-11,-1.233471e-15} |d| = 1.323587e-10
d[  2,  1] = { 1.643064e+00, 2.253893e-01, 4.486192e-15} |d| = 1.658451e+00
d[  2,  2] = {-1.049882e-10,-1.920902e-11,-9.630726e-15} |d| = 1.067310e-10
d[  2,  3] = {-1.237881e-11,-8.662331e-12,-2.541732e-15} |d| = 1.510864e-11
d[  2,  4] = { 1.337687e+00, 4.683244e-01, 3.482755e-15} |d| = 1.417298e+00
d[  2,  5] = {-8.173936e-10,-2.250838e-10, 1.405960e-15} |d| = 8.478178e-10
d[  2,  6] = { 9.075579e-01,-1.266980e-01, 1.128655e-15} |d| = 9.163589e-01

d[  3,  0] = {-2.359891e-11, 6.575026e-13,-4.790405e-15} |d| = 2.360807e-11
d[  3,  1] = {-4.545626e-01, 2.061934e-01, 6.140592e-16} |d| = 4.991421e-01
d[  3,  2] = {-1.237889e-11,-8.662350e-12,-2.541732e-15} |d| = 1.510871e-11
d[  3,  3] = { 2.508607e-11,-7.377164e-12,-1.053154e-14} |d| = 2.614830e-11
d[  3,  4] = { 8.649818e-01,-8.873129e-03, 1.439812e-15} |d| = 8.650273e-01
d[  3,  5] = {-4.584850e-10,-4.804014e-12,-1.299433e-15} |d| = 4.585102e-10
d[  3,  6] = {-2.210998e+00, 5.614215e-01,-1.717849e-15} |d| = 2.281163e+00

d[  4,  0] = {-4.319190e-01, 9.231870e-01,-1.554592e-15} |d| = 1.019229e+00
d[  4,  1] = { 1.664331e-09,-5.863790e-11, 9.289737e-17} |d| = 1.665363e-09
d[  4,  2] = { 1.337687e+00, 4.683244e-01, 3.482755e-15} |d| = 1.417298e+00
d[  4,  3] = { 8.649818e-01,-8.873129e-03, 1.439812e-15} |d| = 8.650273e-01
d[  4,  4] = { 5.787963e-10, 2.868428e-10,-5.413602e-15} |d| = 6.459752e-10
d[  4,  5] = { 4.350962e-01, 2.945370e-01, 8.752506e-16} |d| = 5.254148e-01
d[  4,  6] = {-2.395832e-10, 1.225646e-10,-1.261080e-15} |d| = 2.691137e-10

d[  5,  0] = { 2.080649e-10,-4.541402e-10,-3.037740e-15} |d| = 4.995341e-10
d[  5,  1] = { 3.237015e+00,-2.295237e-01, 2.659486e-15} |d| = 3.245142e+00
d[  5,  2] = {-8.173934e-10,-2.250837e-10, 1.405960e-15} |d| = 8.478176e-10
d[  5,  3] = {-4.584849e-10,-4.803992e-12,-1.299433e-15} |d| = 4.585101e-10
d[  5,  4] = { 4.350962e-01, 2.945370e-01, 8.752506e-16} |d| = 5.254148e-01
d[  5,  5] = {-3.901096e-10,-2.971955e-10,-1.159396e-14} |d| = 4.904189e-10
d[  5,  6] = {-6.153781e-01, 2.441609e-01,-1.965582e-16} |d| = 6.620459e-01

d[  6,  0] = {-4.805247e-02, 1.478917e-01,-2.380652e-16} |d| = 1.555024e-01
d[  6,  1] = { 2.073942e-11, 2.587013e-11, 4.342677e-15} |d| = 3.315701e-11
d[  6,  2] = { 9.075579e-01,-1.266980e-01, 1.128655e-15} |d| = 9.163589e-01
d[  6,  3] = {-2.210998e+00, 5.614215e-01,-1.717849e-15} |d| = 2.281163e+00
d[  6,  4] = {-2.395832e-10, 1.225646e-10,-1.261080e-15} |d| = 2.691137e-10
d[  6,  5] = {-6.153781e-01, 2.441609e-01,-1.965582e-16} |d| = 6.620459e-01
d[  6,  6] = { 5.522769e-11, 1.914390e-11,-1.031458e-14} |d| = 5.845157e-11




XMC(0) Electron dispersion:

State 0:
<x2> =  2.600944e+02
<y2> =  5.210540e+01
<z2> =  2.162376e+01

State 1:
<x2> =  2.614969e+02
<y2> =  5.226332e+01
<z2> =  2.176638e+01

State 2:
<x2> =  2.611006e+02
<y2> =  5.259046e+01
<z2> =  2.152237e+01

State 3:
<x2> =  2.640332e+02
<y2> =  5.231619e+01
<z2> =  2.170434e+01

State 4:
<x2> =  2.620142e+02
<y2> =  5.269306e+01
<z2> =  2.134827e+01

State 5:
<x2> =  2.617649e+02
<y2> =  5.252780e+01
<z2> =  2.172817e+01

State 6:
<x2> =  2.623901e+02
<y2> =  5.261770e+01
<z2> =  2.170386e+01




XMC(0) Quadrupole moment:

Q[  0,  0] = { 2.600944e+02,-7.785851e-01, 1.491909e-14 
              -7.785851e-01, 5.210540e+01, 1.804295e-15 
               1.491909e-14, 1.804295e-15, 2.162376e+01}
Q[  0,  1] = { 2.169534e-11,-3.731259e-11,-1.101289e-14 
              -3.731259e-11,-7.034129e-12, 3.279577e-15 
              -1.101289e-14, 3.279577e-15, 7.187475e-12}
Q[  0,  2] = { 2.495253e+00,-9.252090e-01, 1.343135e-14 
              -9.252090e-01,-2.227421e-01,-8.514775e-16 
               1.343135e-14,-8.514775e-16, 1.444317e-01}
Q[  0,  3] = {-7.988076e+00, 1.225938e+00,-5.162503e-15 
               1.225938e+00, 3.426837e-01, 2.514166e-15 
              -5.162503e-15, 2.514166e-15,-1.427490e-01}
Q[  0,  4] = {-1.445577e-09, 1.688920e-10, 1.506630e-15 
               1.688920e-10, 1.172069e-12,-1.314830e-14 
               1.506630e-15,-1.314830e-14,-1.651006e-11}
Q[  0,  5] = {-2.863000e+00, 3.358476e-01, 3.426290e-15 
               3.358476e-01,-4.408173e-03, 1.247338e-15 
               3.426290e-15, 1.247338e-15,-3.016331e-02}
Q[  0,  6] = {-1.423234e-11,-2.801421e-12,-8.227294e-15 
              -2.801421e-12, 1.874569e-12,-1.037910e-15 
              -8.227294e-15,-1.037910e-15,-8.708979e-14}

Q[  1,  0] = { 2.169622e-11,-3.731258e-11,-1.101289e-14 
              -3.731258e-11,-7.034326e-12, 3.279577e-15 
              -1.101289e-14, 3.279577e-15, 7.187053e-12}
Q[  1,  1] = { 2.614969e+02,-1.309411e+00, 8.894298e-15 
              -1.309411e+00, 5.226332e+01, 1.559468e-15 
               8.894298e-15, 1.559468e-15, 2.176638e+01}
Q[  1,  2] = { 3.469086e-11,-1.534961e-11,-8.138879e-15 
              -1.534961e-11, 1.393296e-11,-3.490196e-15 
              -8.138879e-15,-3.490196e-15,-9.683439e-12}
Q[  1,  3] = { 3.930715e-11,-3.036409e-12,-1.085786e-14 
              -3.036409e-12,-6.982874e-12,-7.105328e-16 
              -1.085786e-14,-7.105328e-16, 6.596683e-12}
Q[  1,  4] = {-1.285337e+00, 3.125382e-01,-2.990617e-15 
               3.125382e-01, 9.811434e-02, 1.136269e-16 
              -2.990617e-15, 1.136269e-16,-5.660324e-02}
Q[  1,  5] = { 6.163459e-10,-1.413725e-10,-1.968319e-14 
              -1.413725e-10,-4.689665e-11, 1.676531e-15 
              -1.968319e-14, 1.676531e-15, 2.485024e-11}
Q[  1,  6] = { 8.673500e+00,-1.416127e+00, 6.317279e-15 
              -1.416127e+00,-3.861723e-01,-1.994897e-15 
               6.317279e-15,-1.994897e-15, 2.020618e-01}

Q[  2,  0] = { 2.495253e+00,-9.252090e-01, 1.343135e-14 
              -9.252090e-01,-2.227421e-01,-8.514775e-16 
               1.343135e-14,-8.514775e-16, 1.444317e-01}
Q[  2,  1] = { 3.469063e-11,-1.534950e-11,-8.138879e-15 
              -1.534950e-11, 1.393285e-11,-3.490196e-15 
              -8.138879e-15,-3.490196e-15,-9.683396e-12}
Q[  2,  2] = { 2.611006e+02,-1.543888e+00, 2.765718e-14 
              -1.543888e+00, 5.259046e+01,-5.077864e-15 
               2.765718e-14,-5.077864e-15, 2.152237e+01}
Q[  2,  3] = { 5.416417e-01,-9.838583e-02,-2.745734e-15 
              -9.838583e-02,-1.320474e-01, 3.477564e-15 
              -2.745734e-15, 3.477564e-15, 1.582653e-01}
Q[  2,  4] = { 3.916115e-10, 7.591781e-11,-1.513243e-14 
               7.591781e-11,-2.899735e-11,-5.856485e-15 
              -1.513243e-14,-5.856485e-15,-2.733293e-11}
Q[  2,  5] = { 7.626135e-01, 1.270713e-01, 3.480052e-16 
               1.270713e-01,-4.702035e-02,-3.830446e-16 
               3.480052e-16,-3.830446e-16,-5.663782e-02}
Q[  2,  6] = {-4.780376e-10, 8.271519e-11,-9.399818e-16 
               8.271519e-11, 1.879666e-11, 8.651124e-16 
              -9.399818e-16, 8.651124e-16,-9.736471e-12}

Q[  3,  0] = {-7.988076e+00, 1.225938e+00,-5.162503e-15 
               1.225938e+00, 3.426837e-01, 2.514166e-15 
              -5.162503e-15, 2.514166e-15,-1.427490e-01}
Q[  3,  1] = { 3.930832e-11,-3.036486e-12,-1.085786e-14 
              -3.036486e-12,-6.982727e-12,-7.105328e-16 
              -1.085786e-14,-7.105328e-16, 6.596978e-12}
Q[  3,  2] = { 5.416417e-01,-9.838583e-02,-2.745734e-15 
              -9.838583e-02,-1.320474e-01, 3.477564e-15 
              -2.745734e-15, 3.477564e-15, 1.582653e-01}
Q[  3,  3] = { 2.640332e+02,-1.779668e+00, 2.267700e-14 
              -1.779668e+00, 5.231619e+01,-1.563144e-15 
               2.267700e-14,-1.563144e-15, 2.170434e+01}
Q[  3,  4] = {-9.305042e-10, 2.729087e-10, 8.786049e-15 
               2.729087e-10,-3.572914e-13,-1.938589e-15 
               8.786049e-15,-1.938589e-15,-2.951322e-11}
Q[  3,  5] = {-2.089976e+00, 5.962771e-01,-1.340860e-15 
               5.962771e-01, 1.233375e-02, 1.778055e-15 
              -1.340860e-15, 1.778055e-15,-7.053333e-02}
Q[  3,  6] = { 6.389699e-11,-1.251599e-12, 5.768614e-15 
              -1.251599e-12,-5.346813e-12,-5.914181e-15 
               5.768614e-15,-5.914181e-15,-3.235932e-13}

Q[  4,  0] = {-1.445580e-09, 1.688919e-10, 1.506630e-15 
               1.688919e-10, 1.172272e-12,-1.314830e-14 
               1.506630e-15,-1.314830e-14,-1.651032e-11}
Q[  4,  1] = {-1.285337e+00, 3.125382e-01,-2.990617e-15 
               3.125382e-01, 9.811434e-02, 1.136269e-16 
              -2.990617e-15, 1.136269e-16,-5.660324e-02}
Q[  4,  2] = { 3.916110e-10, 7.591787e-11,-1.513243e-14 
               7.591787e-11,-2.899740e-11,-5.856485e-15 
              -1.513243e-14,-5.856485e-15,-2.733309e-11}
Q[  4,  3] = {-9.305057e-10, 2.729088e-10, 8.786049e-15 
               2.729088e-10,-3.574295e-13,-1.938589e-15 
               8.786049e-15,-1.938589e-15,-2.951350e-11}
Q[  4,  4] = { 2.620142e+02,-1.077763e+00, 2.643102e-14 
              -1.077763e+00, 5.269306e+01,-6.307827e-15 
               2.643102e-14,-6.307827e-15, 2.134827e+01}
Q[  4,  5] = {-4.669080e-11,-1.471524e-10,-2.800543e-15 
              -1.471524e-10,-8.052665e-11,-4.278797e-15 
              -2.800543e-15,-4.278797e-15, 1.844654e-10}
Q[  4,  6] = {-2.280524e+00, 5.379535e-01,-2.048635e-15 
               5.379535e-01, 6.552905e-02, 1.440516e-15 
              -2.048635e-15, 1.440516e-15,-6.275446e-02}

Q[  5,  0] = {-2.863000e+00, 3.358476e-01, 3.426290e-15 
               3.358476e-01,-4.408173e-03, 1.247338e-15 
               3.426290e-15, 1.247338e-15,-3.016331e-02}
Q[  5,  1] = { 6.163466e-10,-1.413725e-10,-1.968319e-14 
              -1.413725e-10,-4.689679e-11, 1.676531e-15 
              -1.968319e-14, 1.676531e-15, 2.484998e-11}
Q[  5,  2] = { 7.626135e-01, 1.270713e-01, 3.480052e-16 
               1.270713e-01,-4.702035e-02,-3.830446e-16 
               3.480052e-16,-3.830446e-16,-5.663782e-02}
Q[  5,  3] = {-2.089976e+00, 5.962771e-01,-1.340860e-15 
               5.962771e-01, 1.233375e-02, 1.778055e-15 
              -1.340860e-15, 1.778055e-15,-7.053333e-02}
Q[  5,  4] = {-4.669085e-11,-1.471524e-10,-2.800543e-15 
              -1.471524e-10,-8.052662e-11,-4.278797e-15 
              -2.800543e-15,-4.278797e-15, 1.844653e-10}
Q[  5,  5] = { 2.617649e+02,-1.390471e+00, 9.451174e-15 
              -1.390471e+00, 5.252780e+01, 3.343426e-17 
               9.451174e-15, 3.343426e-17, 2.172817e+01}
Q[  5,  6] = { 1.093393e-09,-2.416061e-10, 2.213526e-14 
              -2.416061e-10,-2.666273e-11,-5.492354e-15 
               2.213526e-14,-5.492354e-15, 2.529134e-11}

Q[  6,  0] = {-1.423281e-11,-2.801424e-12,-8.227294e-15 
              -2.801424e-12, 1.874589e-12,-1.037910e-15 
              -8.227294e-15,-1.037910e-15,-8.714508e-14}
Q[  6,  1] = { 8.673500e+00,-1.416127e+00, 6.317279e-15 
              -1.416127e+00,-3.861723e-01,-1.994897e-15 
               6.317279e-15,-1.994897e-15, 2.020618e-01}
Q[  6,  2] = {-4.780362e-10, 8.271512e-11,-9.399818e-16 
               8.271512e-11, 1.879674e-11, 8.651124e-16 
              -9.399818e-16, 8.651124e-16,-9.736379e-12}
Q[  6,  3] = { 6.389700e-11,-1.251619e-12, 5.768614e-15 
              -1.251619e-12,-5.346679e-12,-5.914181e-15 
               5.768614e-15,-5.914181e-15,-3.233036e-13}
Q[  6,  4] = {-2.280524e+00, 5.379535e-01,-2.048635e-15 
               5.379535e-01, 6.552905e-02, 1.440516e-15 
              -2.048635e-15, 1.440516e-15,-6.275446e-02}
Q[  6,  5] = { 1.093391e-09,-2.416060e-10, 2.213526e-14 
              -2.416060e-10,-2.666280e-11,-5.492354e-15 
               2.213526e-14,-5.492354e-15, 2.529127e-11}
Q[  6,  6] = { 2.623901e+02,-1.737409e+00, 1.706597e-14 
              -1.737409e+00, 5.261770e+01,-2.261694e-15 
               1.706597e-14,-2.261694e-15, 2.170386e+01}




XMC(0) Mulliken charges:

State 0 charges:
c(C ) =-3.58493e-01
c(C ) =-3.58493e-01
c(C ) =-8.36027e-02
c(C ) =-8.36027e-02
c(H ) = 1.40377e-01
c(H ) = 1.40377e-01
c(H ) = 1.47487e-01
c(H ) = 1.47487e-01
c(H ) = 1.54232e-01
c(H ) = 1.54232e-01

State 1 charges:
c(C ) =-3.53530e-01
c(C ) =-3.53530e-01
c(C ) =-8.46566e-02
c(C ) =-8.46566e-02
c(H ) = 1.39332e-01
c(H ) = 1.39332e-01
c(H ) = 1.45408e-01
c(H ) = 1.45408e-01
c(H ) = 1.53447e-01
c(H ) = 1.53447e-01

State 2 charges:
c(C ) =-3.27478e-01
c(C ) =-3.27478e-01
c(C ) =-1.09546e-01
c(C ) =-1.09546e-01
c(H ) = 1.38559e-01
c(H ) = 1.38559e-01
c(H ) = 1.46711e-01
c(H ) = 1.46711e-01
c(H ) = 1.51755e-01
c(H ) = 1.51755e-01

State 3 charges:
c(C ) =-4.39690e-01
c(C ) =-4.39690e-01
c(C ) = 3.67399e-03
c(C ) = 3.67399e-03
c(H ) = 1.37687e-01
c(H ) = 1.37687e-01
c(H ) = 1.44295e-01
c(H ) = 1.44295e-01
c(H ) = 1.54034e-01
c(H ) = 1.54034e-01

State 4 charges:
c(C ) =-3.67407e-01
c(C ) =-3.67407e-01
c(C ) =-6.97916e-02
c(C ) =-6.97916e-02
c(H ) = 1.38617e-01
c(H ) = 1.38617e-01
c(H ) = 1.46647e-01
c(H ) = 1.46647e-01
c(H ) = 1.51934e-01
c(H ) = 1.51934e-01

State 5 charges:
c(C ) =-3.02619e-01
c(C ) =-3.02619e-01
c(C ) =-1.33166e-01
c(C ) =-1.33166e-01
c(H ) = 1.39101e-01
c(H ) = 1.39101e-01
c(H ) = 1.44680e-01
c(H ) = 1.44680e-01
c(H ) = 1.52004e-01
c(H ) = 1.52004e-01

State 6 charges:
c(C ) =-3.14971e-01
c(C ) =-3.14971e-01
c(C ) =-1.19426e-01
c(C ) =-1.19426e-01
c(H ) = 1.38294e-01
c(H ) = 1.38294e-01
c(H ) = 1.44446e-01
c(H ) = 1.44446e-01
c(H ) = 1.51658e-01
c(H ) = 1.51658e-01


Dipole XMC(0+1):

d[  0,  0] = { 2.992739e-11,-1.518761e-12,-2.778167e-14} |d| = 2.996591e-11
d[  0,  1] = { 2.304402e+00,-2.557739e-01,-1.402045e-15} |d| = 2.318554e+00
d[  0,  2] = {-1.218399e-10, 2.552261e-11,-4.059684e-15} |d| = 1.244844e-10
d[  0,  3] = {-1.924527e-11,-5.083702e-13, 7.657353e-15} |d| = 1.925198e-11
d[  0,  4] = {-4.659636e-01, 6.822640e-01,-1.446381e-14} |d| = 8.261999e-01
d[  0,  5] = { 2.239318e-10,-3.372338e-10, 2.818253e-16} |d| = 4.048112e-10
d[  0,  6] = {-5.766222e-02, 1.375995e-01,-3.758438e-15} |d| = 1.491930e-01

d[  1,  0] = { 2.304402e+00,-2.557739e-01,-1.402045e-15} |d| = 2.318554e+00
d[  1,  1] = { 1.971951e-10, 1.875361e-11,-3.280889e-14} |d| = 1.980848e-10
d[  1,  2] = { 1.441304e+00, 1.190040e-01,-4.415131e-15} |d| = 1.446208e+00
d[  1,  3] = {-4.086807e-01, 1.488971e-01, 1.344641e-16} |d| = 4.349601e-01
d[  1,  4] = { 1.403116e-09,-3.064696e-11, 6.764086e-16} |d| = 1.403451e-09
d[  1,  5] = { 2.720230e+00,-1.302228e-01,-1.113939e-14} |d| = 2.723345e+00
d[  1,  6] = { 1.276871e-11, 1.617136e-11, 3.394340e-15} |d| = 2.060468e-11

d[  2,  0] = {-1.218387e-10, 2.552253e-11,-4.059684e-15} |d| = 1.244832e-10
d[  2,  1] = { 1.441304e+00, 1.190040e-01,-4.415131e-15} |d| = 1.446208e+00
d[  2,  2] = {-7.260736e-11,-1.070518e-11,-3.242425e-14} |d| = 7.339230e-11
d[  2,  3] = {-1.197246e-11,-4.206671e-12, 5.033557e-15} |d| = 1.268999e-11
d[  2,  4] = { 1.219974e+00, 2.782778e-01,-7.484504e-15} |d| = 1.251309e+00
d[  2,  5] = {-7.336511e-10,-1.334833e-10,-5.525552e-15} |d| = 7.456955e-10
d[  2,  6] = { 6.931826e-01,-5.217207e-02,-2.473821e-15} |d| = 6.951432e-01

d[  3,  0] = {-1.924707e-11,-5.078475e-13, 7.657353e-15} |d| = 1.925377e-11
d[  3,  1] = {-4.086807e-01, 1.488971e-01, 1.344641e-16} |d| = 4.349601e-01
d[  3,  2] = {-1.197172e-11,-4.206985e-12, 5.033557e-15} |d| = 1.268940e-11
d[  3,  3] = { 3.192904e-11, 3.693284e-13,-3.474955e-14} |d| = 3.193120e-11
d[  3,  4] = { 7.798711e-01,-6.550978e-03, 4.965936e-16} |d| = 7.798987e-01
d[  3,  5] = {-4.112346e-10,-2.897271e-12, 2.013097e-15} |d| = 4.112449e-10
d[  3,  6] = {-1.810309e+00, 3.206256e-01, 3.085939e-15} |d| = 1.838483e+00

d[  4,  0] = {-4.659636e-01, 6.822640e-01,-1.446381e-14} |d| = 8.261999e-01
d[  4,  1] = { 1.403116e-09,-3.064699e-11, 6.764086e-16} |d| = 1.403451e-09
d[  4,  2] = { 1.219974e+00, 2.782778e-01,-7.484504e-15} |d| = 1.251309e+00
d[  4,  3] = { 7.798711e-01,-6.550978e-03, 4.965936e-16} |d| = 7.798987e-01
d[  4,  4] = { 4.784032e-10, 1.583024e-10,-3.491914e-14} |d| = 5.039139e-10
d[  4,  5] = { 3.440859e-01, 1.585373e-01,-4.132390e-15} |d| = 3.788525e-01
d[  4,  6] = {-1.766865e-10, 4.692357e-11, 2.273985e-15} |d| = 1.828112e-10

d[  5,  0] = { 2.239305e-10,-3.372335e-10, 2.818253e-16} |d| = 4.048102e-10
d[  5,  1] = { 2.720230e+00,-1.302228e-01,-1.113939e-14} |d| = 2.723345e+00
d[  5,  2] = {-7.336508e-10,-1.334834e-10,-5.525552e-15} |d| = 7.456951e-10
d[  5,  3] = {-4.112356e-10,-2.897473e-12, 2.013097e-15} |d| = 4.112459e-10
d[  5,  4] = { 3.440859e-01, 1.585373e-01,-4.132390e-15} |d| = 3.788525e-01
d[  5,  5] = {-2.928967e-10,-1.556184e-10,-3.274500e-14} |d| = 3.316708e-10
d[  5,  6] = {-4.645833e-01, 9.343571e-02, 6.100800e-15} |d| = 4.738859e-01

d[  6,  0] = {-5.766222e-02, 1.375995e-01,-3.758438e-15} |d| = 1.491930e-01
d[  6,  1] = { 1.277090e-11, 1.617045e-11, 3.394340e-15} |d| = 2.060532e-11
d[  6,  2] = { 6.931826e-01,-5.217207e-02,-2.473821e-15} |d| = 6.951432e-01
d[  6,  3] = {-1.810309e+00, 3.206256e-01, 3.085939e-15} |d| = 1.838483e+00
d[  6,  4] = {-1.766881e-10, 4.692358e-11, 2.273985e-15} |d| = 1.828128e-10
d[  6,  5] = {-4.645833e-01, 9.343571e-02, 6.100800e-15} |d| = 4.738859e-01
d[  6,  6] = { 5.950715e-11, 1.597880e-11,-3.378027e-14} |d| = 6.161513e-11


XMCQDPT2:
Time to step -    0.04041
Full time    -    7.05022


Calculation finished at: 13:27 (EEST), 23 September 2026 (Wednesday).
