
NonOrtogonal quantum chemistry and Perturbation Theory
                  NOPT version 3.4.2


sQM - standart QM module.

Compilation options:
1) linear algebra package - OpenBLAS
2) non-parallel BLAS matrix multiplication in the OMP parallel cycles
3) build git commit 99c881c124eb

selected command  line options:
-i           cdas.inp	 input file

Calculation started at: 13:27 (EEST), 23 September 2026 (Wednesday).

_______________________________________________________________________

Input file:

   0: $PAR NUM_THREADS=4 N_MOL=1 RHF=0 CAS=1 CDAS=1 D5=1 RI=1 NAME=c4h6-cdas $PAREND
   1: $MOL
   2:  _CHARGE=0;
   3:  _BASIS=cc-pvtz;
   4:  _RI_BASIS=cc-pvtz-ri;
   5:  _UNITS= ang;
   6:  _xyz
   7: 10
   8: c4h6 
   9: C -1.838032  0.119616 0.0
  10: C  1.838032 -0.119616 0.0
  11: C -0.606222 -0.402002 0.0
  12: C  0.606222  0.402002 0.0
  13: H -1.989584  1.191252 0.0
  14: H  1.989584 -1.191252 0.0
  15: H -2.716654 -0.508244 0.0
  16: H  2.716654  0.508244 0.0
  17: H -0.476871 -1.478861 0.0
  18: H  0.476871  1.478861 0.0 
  19: $act_space n_alp=2 n_bet=2 n_val=4 mult=1 p_n=10; $end
  20: _MO INP=c4h6_CAS.orb
  21: $END
  22: $RHF maxit=50 dE=1e-9 grad=1e-12 huckel $END
  23: $CAS n_s=7 w_state=1 1 1; maxit=50 dE=1e-9 grad=1e-6 p_cutoff =0.03 $END
  24: $CDAS HOMO $END
  25: $PROP QUAD=1 MULLIKEN=1 DISP=1 DIPOLE=1 $END
_______________________________________________________________________



_____________________________Input_summary_____________________________


Number of threads:  4

Job name: c4h6-cdas

Methods:
Restricted Hartree-Fock                          -     no 
Complete Active Space SCF                        -     yes
eXtended MultiConfiguration QuasiDegenerate PT   -     no 
Complete Degenerate Active Space PT              -     yes
Second order Moller-Plesset PT                   -     no 
State-specific DSRG-PT2                          -     no 
Settings:
D5                                               -     yes
Resolution of Identity                           -     yes
Spin-orbit                                       -     no 
Symmetry point group                             -     no(C1)
Printing:
dipole moment                                    -     yes
electron dispersion                              -     yes
quadrupole moment                                -     yes
Mulliken charges                                 -     yes
_______________________________________________________________________


Reading molecule:
-----------------------------------------------------------------------

WARNING: read_cl is blocked in the 3.0 version

                      units    = ang
                      charge   = 0
                      basis    = cc-pvtz (library)
                      RI basis = cc-pvtz-ri (library)
                      included   c4h6_CAS.orb (orbitals)
_______________________________________________________________________

Molecule structure (a.u.):
 ________________________________________________________________________________________
| Atom |    C    |     X     |     Y     |     Z     |   n_ecp   |     q     |    type   |
| _____|_________|___________|___________|___________|___________|___________|___________|
|  C   |     6   |    -3.473 |     0.226 |     0.000 |           |           |    real   |
|  C   |     6   |     3.473 |    -0.226 |     0.000 |           |           |    real   |
|  C   |     6   |    -1.146 |    -0.760 |     0.000 |           |           |    real   |
|  C   |     6   |     1.146 |     0.760 |     0.000 |           |           |    real   |
|  H   |     1   |    -3.760 |     2.251 |     0.000 |           |           |    real   |
|  H   |     1   |     3.760 |    -2.251 |     0.000 |           |           |    real   |
|  H   |     1   |    -5.134 |    -0.960 |     0.000 |           |           |    real   |
|  H   |     1   |     5.134 |     0.960 |     0.000 |           |           |    real   |
|  H   |     1   |    -0.901 |    -2.795 |     0.000 |           |           |    real   |
|  H   |     1   |     0.901 |     2.795 |     0.000 |           |           |    real   |
| _____|_________|___________|___________|___________|___________|___________|___________|

Molecule contains 30 electrons

C - nuclear charge (a.u.)
q - additional (partial) charge (a.u.)
n_ecp - number of electrons frozen by ECP
X,Y,Z - cartesian coordinates (Bohr)



 Basis set information:

 ____________________________________________________________________________________
|     Atom     |    L    |       alpha       |         c         |       c(lib)      |
|______________|_________|___________________|___________________|___________________|
|   C (  0)    |         |                   |                   |                   |
|              |     0   |       8236.000000 |          0.334227 |          0.000531 |
|              |         |       1235.000000 |          0.623075 |          0.004108 |
|              |         |        280.800000 |          1.053106 |          0.021087 |
|              |         |         79.270000 |          1.583163 |          0.081853 |
|              |         |         25.590000 |          1.945099 |          0.234817 |
|              |         |          8.997000 |          1.642947 |          0.434401 |
|              |         |          3.319000 |          0.619659 |          0.346129 |
|              |         |          0.364300 |         -0.003067 |         -0.008983 |
|              |---------|-------------------|-------------------|-------------------|
|              |     0   |       8236.000000 |         -0.121010 |         -0.000113 |
|              |         |       1235.000000 |         -0.226569 |         -0.000878 |
|              |         |        280.800000 |         -0.385753 |         -0.004540 |
|              |         |         79.270000 |         -0.596702 |         -0.018133 |
|              |         |         25.590000 |         -0.785835 |         -0.055760 |
|              |         |          8.997000 |         -0.816533 |         -0.126895 |
|              |         |          3.319000 |         -0.518870 |         -0.170352 |
|              |         |          0.364300 |          0.347735 |          0.598684 |
|              |---------|-------------------|-------------------|-------------------|
|              |     0   |          0.905900 |          0.661790 |          1.000000 |
|              |---------|-------------------|-------------------|-------------------|
|              |     0   |          0.128500 |          0.152963 |          1.000000 |
|              |---------|-------------------|-------------------|-------------------|
|              |     1   |         18.710000 |          2.186852 |          0.014031 |
|              |         |          4.133000 |          2.050312 |          0.086866 |
|              |         |          1.200000 |          1.459945 |          0.290216 |
|              |---------|-------------------|-------------------|-------------------|
|              |     1   |          0.382700 |          0.429055 |          1.000000 |
|              |---------|-------------------|-------------------|-------------------|
|              |     1   |          0.120900 |          0.101619 |          1.000000 |
|              |---------|-------------------|-------------------|-------------------|
|              |     2   |          1.097000 |          1.935401 |          1.000000 |
|              |---------|-------------------|-------------------|-------------------|
|              |     2   |          0.318000 |          0.221644 |          1.000000 |
|              |---------|-------------------|-------------------|-------------------|
|              |     3   |          0.761000 |          0.796288 |          1.000000 |
|--------------|---------|-------------------|-------------------|-------------------|
|   C (  1)    |         |                   |                   |                   |
|              |     0   |       8236.000000 |          0.334227 |          0.000531 |
|              |         |       1235.000000 |          0.623075 |          0.004108 |
|              |         |        280.800000 |          1.053106 |          0.021087 |
|              |         |         79.270000 |          1.583163 |          0.081853 |
|              |         |         25.590000 |          1.945099 |          0.234817 |
|              |         |          8.997000 |          1.642947 |          0.434401 |
|              |         |          3.319000 |          0.619659 |          0.346129 |
|              |         |          0.364300 |         -0.003067 |         -0.008983 |
|              |---------|-------------------|-------------------|-------------------|
|              |     0   |       8236.000000 |         -0.121010 |         -0.000113 |
|              |         |       1235.000000 |         -0.226569 |         -0.000878 |
|              |         |        280.800000 |         -0.385753 |         -0.004540 |
|              |         |         79.270000 |         -0.596702 |         -0.018133 |
|              |         |         25.590000 |         -0.785835 |         -0.055760 |
|              |         |          8.997000 |         -0.816533 |         -0.126895 |
|              |         |          3.319000 |         -0.518870 |         -0.170352 |
|              |         |          0.364300 |          0.347735 |          0.598684 |
|              |---------|-------------------|-------------------|-------------------|
|              |     0   |          0.905900 |          0.661790 |          1.000000 |
|              |---------|-------------------|-------------------|-------------------|
|              |     0   |          0.128500 |          0.152963 |          1.000000 |
|              |---------|-------------------|-------------------|-------------------|
|              |     1   |         18.710000 |          2.186852 |          0.014031 |
|              |         |          4.133000 |          2.050312 |          0.086866 |
|              |         |          1.200000 |          1.459945 |          0.290216 |
|              |---------|-------------------|-------------------|-------------------|
|              |     1   |          0.382700 |          0.429055 |          1.000000 |
|              |---------|-------------------|-------------------|-------------------|
|              |     1   |          0.120900 |          0.101619 |          1.000000 |
|              |---------|-------------------|-------------------|-------------------|
|              |     2   |          1.097000 |          1.935401 |          1.000000 |
|              |---------|-------------------|-------------------|-------------------|
|              |     2   |          0.318000 |          0.221644 |          1.000000 |
|              |---------|-------------------|-------------------|-------------------|
|              |     3   |          0.761000 |          0.796288 |          1.000000 |
|--------------|---------|-------------------|-------------------|-------------------|
|   C (  2)    |         |                   |                   |                   |
|              |     0   |       8236.000000 |          0.334227 |          0.000531 |
|              |         |       1235.000000 |          0.623075 |          0.004108 |
|              |         |        280.800000 |          1.053106 |          0.021087 |
|              |         |         79.270000 |          1.583163 |          0.081853 |
|              |         |         25.590000 |          1.945099 |          0.234817 |
|              |         |          8.997000 |          1.642947 |          0.434401 |
|              |         |          3.319000 |          0.619659 |          0.346129 |
|              |         |          0.364300 |         -0.003067 |         -0.008983 |
|              |---------|-------------------|-------------------|-------------------|
|              |     0   |       8236.000000 |         -0.121010 |         -0.000113 |
|              |         |       1235.000000 |         -0.226569 |         -0.000878 |
|              |         |        280.800000 |         -0.385753 |         -0.004540 |
|              |         |         79.270000 |         -0.596702 |         -0.018133 |
|              |         |         25.590000 |         -0.785835 |         -0.055760 |
|              |         |          8.997000 |         -0.816533 |         -0.126895 |
|              |         |          3.319000 |         -0.518870 |         -0.170352 |
|              |         |          0.364300 |          0.347735 |          0.598684 |
|              |---------|-------------------|-------------------|-------------------|
|              |     0   |          0.905900 |          0.661790 |          1.000000 |
|              |---------|-------------------|-------------------|-------------------|
|              |     0   |          0.128500 |          0.152963 |          1.000000 |
|              |---------|-------------------|-------------------|-------------------|
|              |     1   |         18.710000 |          2.186852 |          0.014031 |
|              |         |          4.133000 |          2.050312 |          0.086866 |
|              |         |          1.200000 |          1.459945 |          0.290216 |
|              |---------|-------------------|-------------------|-------------------|
|              |     1   |          0.382700 |          0.429055 |          1.000000 |
|              |---------|-------------------|-------------------|-------------------|
|              |     1   |          0.120900 |          0.101619 |          1.000000 |
|              |---------|-------------------|-------------------|-------------------|
|              |     2   |          1.097000 |          1.935401 |          1.000000 |
|              |---------|-------------------|-------------------|-------------------|
|              |     2   |          0.318000 |          0.221644 |          1.000000 |
|              |---------|-------------------|-------------------|-------------------|
|              |     3   |          0.761000 |          0.796288 |          1.000000 |
|--------------|---------|-------------------|-------------------|-------------------|
|   C (  3)    |         |                   |                   |                   |
|              |     0   |       8236.000000 |          0.334227 |          0.000531 |
|              |         |       1235.000000 |          0.623075 |          0.004108 |
|              |         |        280.800000 |          1.053106 |          0.021087 |
|              |         |         79.270000 |          1.583163 |          0.081853 |
|              |         |         25.590000 |          1.945099 |          0.234817 |
|              |         |          8.997000 |          1.642947 |          0.434401 |
|              |         |          3.319000 |          0.619659 |          0.346129 |
|              |         |          0.364300 |         -0.003067 |         -0.008983 |
|              |---------|-------------------|-------------------|-------------------|
|              |     0   |       8236.000000 |         -0.121010 |         -0.000113 |
|              |         |       1235.000000 |         -0.226569 |         -0.000878 |
|              |         |        280.800000 |         -0.385753 |         -0.004540 |
|              |         |         79.270000 |         -0.596702 |         -0.018133 |
|              |         |         25.590000 |         -0.785835 |         -0.055760 |
|              |         |          8.997000 |         -0.816533 |         -0.126895 |
|              |         |          3.319000 |         -0.518870 |         -0.170352 |
|              |         |          0.364300 |          0.347735 |          0.598684 |
|              |---------|-------------------|-------------------|-------------------|
|              |     0   |          0.905900 |          0.661790 |          1.000000 |
|              |---------|-------------------|-------------------|-------------------|
|              |     0   |          0.128500 |          0.152963 |          1.000000 |
|              |---------|-------------------|-------------------|-------------------|
|              |     1   |         18.710000 |          2.186852 |          0.014031 |
|              |         |          4.133000 |          2.050312 |          0.086866 |
|              |         |          1.200000 |          1.459945 |          0.290216 |
|              |---------|-------------------|-------------------|-------------------|
|              |     1   |          0.382700 |          0.429055 |          1.000000 |
|              |---------|-------------------|-------------------|-------------------|
|              |     1   |          0.120900 |          0.101619 |          1.000000 |
|              |---------|-------------------|-------------------|-------------------|
|              |     2   |          1.097000 |          1.935401 |          1.000000 |
|              |---------|-------------------|-------------------|-------------------|
|              |     2   |          0.318000 |          0.221644 |          1.000000 |
|              |---------|-------------------|-------------------|-------------------|
|              |     3   |          0.761000 |          0.796288 |          1.000000 |
|--------------|---------|-------------------|-------------------|-------------------|
|   H (  4)    |         |                   |                   |                   |
|              |     0   |         33.870000 |          0.255108 |          0.006068 |
|              |         |          5.095000 |          0.460098 |          0.045308 |
|              |         |          1.159000 |          0.678414 |          0.202822 |
|              |---------|-------------------|-------------------|-------------------|
|              |     0   |          0.325800 |          0.307343 |          1.000000 |
|              |---------|-------------------|-------------------|-------------------|
|              |     0   |          0.102700 |          0.129297 |          1.000000 |
|              |---------|-------------------|-------------------|-------------------|
|              |     1   |          1.407000 |          2.184277 |          1.000000 |
|              |---------|-------------------|-------------------|-------------------|
|              |     1   |          0.388000 |          0.436495 |          1.000000 |
|              |---------|-------------------|-------------------|-------------------|
|              |     2   |          1.057000 |          1.813597 |          1.000000 |
|--------------|---------|-------------------|-------------------|-------------------|
|   H (  5)    |         |                   |                   |                   |
|              |     0   |         33.870000 |          0.255108 |          0.006068 |
|              |         |          5.095000 |          0.460098 |          0.045308 |
|              |         |          1.159000 |          0.678414 |          0.202822 |
|              |---------|-------------------|-------------------|-------------------|
|              |     0   |          0.325800 |          0.307343 |          1.000000 |
|              |---------|-------------------|-------------------|-------------------|
|              |     0   |          0.102700 |          0.129297 |          1.000000 |
|              |---------|-------------------|-------------------|-------------------|
|              |     1   |          1.407000 |          2.184277 |          1.000000 |
|              |---------|-------------------|-------------------|-------------------|
|              |     1   |          0.388000 |          0.436495 |          1.000000 |
|              |---------|-------------------|-------------------|-------------------|
|              |     2   |          1.057000 |          1.813597 |          1.000000 |
|--------------|---------|-------------------|-------------------|-------------------|
|   H (  6)    |         |                   |                   |                   |
|              |     0   |         33.870000 |          0.255108 |          0.006068 |
|              |         |          5.095000 |          0.460098 |          0.045308 |
|              |         |          1.159000 |          0.678414 |          0.202822 |
|              |---------|-------------------|-------------------|-------------------|
|              |     0   |          0.325800 |          0.307343 |          1.000000 |
|              |---------|-------------------|-------------------|-------------------|
|              |     0   |          0.102700 |          0.129297 |          1.000000 |
|              |---------|-------------------|-------------------|-------------------|
|              |     1   |          1.407000 |          2.184277 |          1.000000 |
|              |---------|-------------------|-------------------|-------------------|
|              |     1   |          0.388000 |          0.436495 |          1.000000 |
|              |---------|-------------------|-------------------|-------------------|
|              |     2   |          1.057000 |          1.813597 |          1.000000 |
|--------------|---------|-------------------|-------------------|-------------------|
|   H (  7)    |         |                   |                   |                   |
|              |     0   |         33.870000 |          0.255108 |          0.006068 |
|              |         |          5.095000 |          0.460098 |          0.045308 |
|              |         |          1.159000 |          0.678414 |          0.202822 |
|              |---------|-------------------|-------------------|-------------------|
|              |     0   |          0.325800 |          0.307343 |          1.000000 |
|              |---------|-------------------|-------------------|-------------------|
|              |     0   |          0.102700 |          0.129297 |          1.000000 |
|              |---------|-------------------|-------------------|-------------------|
|              |     1   |          1.407000 |          2.184277 |          1.000000 |
|              |---------|-------------------|-------------------|-------------------|
|              |     1   |          0.388000 |          0.436495 |          1.000000 |
|              |---------|-------------------|-------------------|-------------------|
|              |     2   |          1.057000 |          1.813597 |          1.000000 |
|--------------|---------|-------------------|-------------------|-------------------|
|   H (  8)    |         |                   |                   |                   |
|              |     0   |         33.870000 |          0.255108 |          0.006068 |
|              |         |          5.095000 |          0.460098 |          0.045308 |
|              |         |          1.159000 |          0.678414 |          0.202822 |
|              |---------|-------------------|-------------------|-------------------|
|              |     0   |          0.325800 |          0.307343 |          1.000000 |
|              |---------|-------------------|-------------------|-------------------|
|              |     0   |          0.102700 |          0.129297 |          1.000000 |
|              |---------|-------------------|-------------------|-------------------|
|              |     1   |          1.407000 |          2.184277 |          1.000000 |
|              |---------|-------------------|-------------------|-------------------|
|              |     1   |          0.388000 |          0.436495 |          1.000000 |
|              |---------|-------------------|-------------------|-------------------|
|              |     2   |          1.057000 |          1.813597 |          1.000000 |
|--------------|---------|-------------------|-------------------|-------------------|
|   H (  9)    |         |                   |                   |                   |
|              |     0   |         33.870000 |          0.255108 |          0.006068 |
|              |         |          5.095000 |          0.460098 |          0.045308 |
|              |         |          1.159000 |          0.678414 |          0.202822 |
|              |---------|-------------------|-------------------|-------------------|
|              |     0   |          0.325800 |          0.307343 |          1.000000 |
|              |---------|-------------------|-------------------|-------------------|
|              |     0   |          0.102700 |          0.129297 |          1.000000 |
|              |---------|-------------------|-------------------|-------------------|
|              |     1   |          1.407000 |          2.184277 |          1.000000 |
|              |---------|-------------------|-------------------|-------------------|
|              |     1   |          0.388000 |          0.436495 |          1.000000 |
|              |---------|-------------------|-------------------|-------------------|
|              |     2   |          1.057000 |          1.813597 |          1.000000 |
|______________|_________|___________________|___________________|___________________|



 RI basis set information:

 ____________________________________________________________________________________
|     Atom     |    L    |       alpha       |         c         |       c(lib)      |
|______________|_________|___________________|___________________|___________________|
|   C (  0)    |         |                   |                   |                   |
|              |     0   |        280.556612 |         48.856851 |          1.000000 |
|              |---------|-------------------|-------------------|-------------------|
|              |     0   |         60.230247 |         15.408880 |          1.000000 |
|              |---------|-------------------|-------------------|-------------------|
|              |     0   |         22.116651 |          7.268581 |          1.000000 |
|              |---------|-------------------|-------------------|-------------------|
|              |     0   |          6.862093 |          3.021708 |          1.000000 |
|              |---------|-------------------|-------------------|-------------------|
|              |     0   |          1.562255 |          0.995919 |          1.000000 |
|              |---------|-------------------|-------------------|-------------------|
|              |     0   |          0.912450 |          0.665376 |          1.000000 |
|              |---------|-------------------|-------------------|-------------------|
|              |     0   |          0.502749 |          0.425524 |          1.000000 |
|              |---------|-------------------|-------------------|-------------------|
|              |     0   |          0.215823 |          0.225675 |          1.000000 |
|              |---------|-------------------|-------------------|-------------------|
|              |     1   |         24.231865 |         76.634379 |          1.000000 |
|              |---------|-------------------|-------------------|-------------------|
|              |     1   |          6.476451 |         14.726905 |          1.000000 |
|              |---------|-------------------|-------------------|-------------------|
|              |     1   |          2.129088 |          3.665914 |          1.000000 |
|              |---------|-------------------|-------------------|-------------------|
|              |     1   |          1.037564 |          1.492652 |          1.000000 |
|              |---------|-------------------|-------------------|-------------------|
|              |     1   |          0.549413 |          0.674238 |          1.000000 |
|              |---------|-------------------|-------------------|-------------------|
|              |     1   |          0.281527 |          0.292307 |          1.000000 |
|              |---------|-------------------|-------------------|-------------------|
|              |     2   |          9.718981 |         88.053322 |          1.000000 |
|              |---------|-------------------|-------------------|-------------------|
|              |     2   |          3.035148 |         11.487463 |          1.000000 |
|              |---------|-------------------|-------------------|-------------------|
|              |     2   |          1.467774 |          3.221535 |          1.000000 |
|              |---------|-------------------|-------------------|-------------------|
|              |     2   |          0.573708 |          0.622471 |          1.000000 |
|              |---------|-------------------|-------------------|-------------------|
|              |     2   |          0.290556 |          0.189261 |          1.000000 |
|              |---------|-------------------|-------------------|-------------------|
|              |     3   |          2.275620 |          9.363300 |          1.000000 |
|              |---------|-------------------|-------------------|-------------------|
|              |     3   |          1.196890 |          2.205852 |          1.000000 |
|              |---------|-------------------|-------------------|-------------------|
|              |     3   |          0.541575 |          0.370413 |          1.000000 |
|              |---------|-------------------|-------------------|-------------------|
|              |     4   |          1.216610 |          1.908103 |          1.000000 |
|--------------|---------|-------------------|-------------------|-------------------|
|   C (  1)    |         |                   |                   |                   |
|              |     0   |        280.556612 |         48.856851 |          1.000000 |
|              |---------|-------------------|-------------------|-------------------|
|              |     0   |         60.230247 |         15.408880 |          1.000000 |
|              |---------|-------------------|-------------------|-------------------|
|              |     0   |         22.116651 |          7.268581 |          1.000000 |
|              |---------|-------------------|-------------------|-------------------|
|              |     0   |          6.862093 |          3.021708 |          1.000000 |
|              |---------|-------------------|-------------------|-------------------|
|              |     0   |          1.562255 |          0.995919 |          1.000000 |
|              |---------|-------------------|-------------------|-------------------|
|              |     0   |          0.912450 |          0.665376 |          1.000000 |
|              |---------|-------------------|-------------------|-------------------|
|              |     0   |          0.502749 |          0.425524 |          1.000000 |
|              |---------|-------------------|-------------------|-------------------|
|              |     0   |          0.215823 |          0.225675 |          1.000000 |
|              |---------|-------------------|-------------------|-------------------|
|              |     1   |         24.231865 |         76.634379 |          1.000000 |
|              |---------|-------------------|-------------------|-------------------|
|              |     1   |          6.476451 |         14.726905 |          1.000000 |
|              |---------|-------------------|-------------------|-------------------|
|              |     1   |          2.129088 |          3.665914 |          1.000000 |
|              |---------|-------------------|-------------------|-------------------|
|              |     1   |          1.037564 |          1.492652 |          1.000000 |
|              |---------|-------------------|-------------------|-------------------|
|              |     1   |          0.549413 |          0.674238 |          1.000000 |
|              |---------|-------------------|-------------------|-------------------|
|              |     1   |          0.281527 |          0.292307 |          1.000000 |
|              |---------|-------------------|-------------------|-------------------|
|              |     2   |          9.718981 |         88.053322 |          1.000000 |
|              |---------|-------------------|-------------------|-------------------|
|              |     2   |          3.035148 |         11.487463 |          1.000000 |
|              |---------|-------------------|-------------------|-------------------|
|              |     2   |          1.467774 |          3.221535 |          1.000000 |
|              |---------|-------------------|-------------------|-------------------|
|              |     2   |          0.573708 |          0.622471 |          1.000000 |
|              |---------|-------------------|-------------------|-------------------|
|              |     2   |          0.290556 |          0.189261 |          1.000000 |
|              |---------|-------------------|-------------------|-------------------|
|              |     3   |          2.275620 |          9.363300 |          1.000000 |
|              |---------|-------------------|-------------------|-------------------|
|              |     3   |          1.196890 |          2.205852 |          1.000000 |
|              |---------|-------------------|-------------------|-------------------|
|              |     3   |          0.541575 |          0.370413 |          1.000000 |
|              |---------|-------------------|-------------------|-------------------|
|              |     4   |          1.216610 |          1.908103 |          1.000000 |
|--------------|---------|-------------------|-------------------|-------------------|
|   C (  2)    |         |                   |                   |                   |
|              |     0   |        280.556612 |         48.856851 |          1.000000 |
|              |---------|-------------------|-------------------|-------------------|
|              |     0   |         60.230247 |         15.408880 |          1.000000 |
|              |---------|-------------------|-------------------|-------------------|
|              |     0   |         22.116651 |          7.268581 |          1.000000 |
|              |---------|-------------------|-------------------|-------------------|
|              |     0   |          6.862093 |          3.021708 |          1.000000 |
|              |---------|-------------------|-------------------|-------------------|
|              |     0   |          1.562255 |          0.995919 |          1.000000 |
|              |---------|-------------------|-------------------|-------------------|
|              |     0   |          0.912450 |          0.665376 |          1.000000 |
|              |---------|-------------------|-------------------|-------------------|
|              |     0   |          0.502749 |          0.425524 |          1.000000 |
|              |---------|-------------------|-------------------|-------------------|
|              |     0   |          0.215823 |          0.225675 |          1.000000 |
|              |---------|-------------------|-------------------|-------------------|
|              |     1   |         24.231865 |         76.634379 |          1.000000 |
|              |---------|-------------------|-------------------|-------------------|
|              |     1   |          6.476451 |         14.726905 |          1.000000 |
|              |---------|-------------------|-------------------|-------------------|
|              |     1   |          2.129088 |          3.665914 |          1.000000 |
|              |---------|-------------------|-------------------|-------------------|
|              |     1   |          1.037564 |          1.492652 |          1.000000 |
|              |---------|-------------------|-------------------|-------------------|
|              |     1   |          0.549413 |          0.674238 |          1.000000 |
|              |---------|-------------------|-------------------|-------------------|
|              |     1   |          0.281527 |          0.292307 |          1.000000 |
|              |---------|-------------------|-------------------|-------------------|
|              |     2   |          9.718981 |         88.053322 |          1.000000 |
|              |---------|-------------------|-------------------|-------------------|
|              |     2   |          3.035148 |         11.487463 |          1.000000 |
|              |---------|-------------------|-------------------|-------------------|
|              |     2   |          1.467774 |          3.221535 |          1.000000 |
|              |---------|-------------------|-------------------|-------------------|
|              |     2   |          0.573708 |          0.622471 |          1.000000 |
|              |---------|-------------------|-------------------|-------------------|
|              |     2   |          0.290556 |          0.189261 |          1.000000 |
|              |---------|-------------------|-------------------|-------------------|
|              |     3   |          2.275620 |          9.363300 |          1.000000 |
|              |---------|-------------------|-------------------|-------------------|
|              |     3   |          1.196890 |          2.205852 |          1.000000 |
|              |---------|-------------------|-------------------|-------------------|
|              |     3   |          0.541575 |          0.370413 |          1.000000 |
|              |---------|-------------------|-------------------|-------------------|
|              |     4   |          1.216610 |          1.908103 |          1.000000 |
|--------------|---------|-------------------|-------------------|-------------------|
|   C (  3)    |         |                   |                   |                   |
|              |     0   |        280.556612 |         48.856851 |          1.000000 |
|              |---------|-------------------|-------------------|-------------------|
|              |     0   |         60.230247 |         15.408880 |          1.000000 |
|              |---------|-------------------|-------------------|-------------------|
|              |     0   |         22.116651 |          7.268581 |          1.000000 |
|              |---------|-------------------|-------------------|-------------------|
|              |     0   |          6.862093 |          3.021708 |          1.000000 |
|              |---------|-------------------|-------------------|-------------------|
|              |     0   |          1.562255 |          0.995919 |          1.000000 |
|              |---------|-------------------|-------------------|-------------------|
|              |     0   |          0.912450 |          0.665376 |          1.000000 |
|              |---------|-------------------|-------------------|-------------------|
|              |     0   |          0.502749 |          0.425524 |          1.000000 |
|              |---------|-------------------|-------------------|-------------------|
|              |     0   |          0.215823 |          0.225675 |          1.000000 |
|              |---------|-------------------|-------------------|-------------------|
|              |     1   |         24.231865 |         76.634379 |          1.000000 |
|              |---------|-------------------|-------------------|-------------------|
|              |     1   |          6.476451 |         14.726905 |          1.000000 |
|              |---------|-------------------|-------------------|-------------------|
|              |     1   |          2.129088 |          3.665914 |          1.000000 |
|              |---------|-------------------|-------------------|-------------------|
|              |     1   |          1.037564 |          1.492652 |          1.000000 |
|              |---------|-------------------|-------------------|-------------------|
|              |     1   |          0.549413 |          0.674238 |          1.000000 |
|              |---------|-------------------|-------------------|-------------------|
|              |     1   |          0.281527 |          0.292307 |          1.000000 |
|              |---------|-------------------|-------------------|-------------------|
|              |     2   |          9.718981 |         88.053322 |          1.000000 |
|              |---------|-------------------|-------------------|-------------------|
|              |     2   |          3.035148 |         11.487463 |          1.000000 |
|              |---------|-------------------|-------------------|-------------------|
|              |     2   |          1.467774 |          3.221535 |          1.000000 |
|              |---------|-------------------|-------------------|-------------------|
|              |     2   |          0.573708 |          0.622471 |          1.000000 |
|              |---------|-------------------|-------------------|-------------------|
|              |     2   |          0.290556 |          0.189261 |          1.000000 |
|              |---------|-------------------|-------------------|-------------------|
|              |     3   |          2.275620 |          9.363300 |          1.000000 |
|              |---------|-------------------|-------------------|-------------------|
|              |     3   |          1.196890 |          2.205852 |          1.000000 |
|              |---------|-------------------|-------------------|-------------------|
|              |     3   |          0.541575 |          0.370413 |          1.000000 |
|              |---------|-------------------|-------------------|-------------------|
|              |     4   |          1.216610 |          1.908103 |          1.000000 |
|--------------|---------|-------------------|-------------------|-------------------|
|   H (  4)    |         |                   |                   |                   |
|              |     0   |          8.512828 |          3.551939 |          1.000000 |
|              |---------|-------------------|-------------------|-------------------|
|              |     0   |          1.873089 |          1.141114 |          1.000000 |
|              |---------|-------------------|-------------------|-------------------|
|              |     0   |          0.526184 |          0.440315 |          1.000000 |
|              |---------|-------------------|-------------------|-------------------|
|              |     0   |          0.289740 |          0.281460 |          1.000000 |
|              |---------|-------------------|-------------------|-------------------|
|              |     1   |          2.372549 |          4.197195 |          1.000000 |
|              |---------|-------------------|-------------------|-------------------|
|              |     1   |          1.180408 |          1.753802 |          1.000000 |
|              |---------|-------------------|-------------------|-------------------|
|              |     1   |          0.603822 |          0.758711 |          1.000000 |
|              |---------|-------------------|-------------------|-------------------|
|              |     2   |          1.809637 |          4.647235 |          1.000000 |
|              |---------|-------------------|-------------------|-------------------|
|              |     2   |          1.143973 |          2.082748 |          1.000000 |
|              |---------|-------------------|-------------------|-------------------|
|              |     3   |          1.806306 |          5.568458 |          1.000000 |
|--------------|---------|-------------------|-------------------|-------------------|
|   H (  5)    |         |                   |                   |                   |
|              |     0   |          8.512828 |          3.551939 |          1.000000 |
|              |---------|-------------------|-------------------|-------------------|
|              |     0   |          1.873089 |          1.141114 |          1.000000 |
|              |---------|-------------------|-------------------|-------------------|
|              |     0   |          0.526184 |          0.440315 |          1.000000 |
|              |---------|-------------------|-------------------|-------------------|
|              |     0   |          0.289740 |          0.281460 |          1.000000 |
|              |---------|-------------------|-------------------|-------------------|
|              |     1   |          2.372549 |          4.197195 |          1.000000 |
|              |---------|-------------------|-------------------|-------------------|
|              |     1   |          1.180408 |          1.753802 |          1.000000 |
|              |---------|-------------------|-------------------|-------------------|
|              |     1   |          0.603822 |          0.758711 |          1.000000 |
|              |---------|-------------------|-------------------|-------------------|
|              |     2   |          1.809637 |          4.647235 |          1.000000 |
|              |---------|-------------------|-------------------|-------------------|
|              |     2   |          1.143973 |          2.082748 |          1.000000 |
|              |---------|-------------------|-------------------|-------------------|
|              |     3   |          1.806306 |          5.568458 |          1.000000 |
|--------------|---------|-------------------|-------------------|-------------------|
|   H (  6)    |         |                   |                   |                   |
|              |     0   |          8.512828 |          3.551939 |          1.000000 |
|              |---------|-------------------|-------------------|-------------------|
|              |     0   |          1.873089 |          1.141114 |          1.000000 |
|              |---------|-------------------|-------------------|-------------------|
|              |     0   |          0.526184 |          0.440315 |          1.000000 |
|              |---------|-------------------|-------------------|-------------------|
|              |     0   |          0.289740 |          0.281460 |          1.000000 |
|              |---------|-------------------|-------------------|-------------------|
|              |     1   |          2.372549 |          4.197195 |          1.000000 |
|              |---------|-------------------|-------------------|-------------------|
|              |     1   |          1.180408 |          1.753802 |          1.000000 |
|              |---------|-------------------|-------------------|-------------------|
|              |     1   |          0.603822 |          0.758711 |          1.000000 |
|              |---------|-------------------|-------------------|-------------------|
|              |     2   |          1.809637 |          4.647235 |          1.000000 |
|              |---------|-------------------|-------------------|-------------------|
|              |     2   |          1.143973 |          2.082748 |          1.000000 |
|              |---------|-------------------|-------------------|-------------------|
|              |     3   |          1.806306 |          5.568458 |          1.000000 |
|--------------|---------|-------------------|-------------------|-------------------|
|   H (  7)    |         |                   |                   |                   |
|              |     0   |          8.512828 |          3.551939 |          1.000000 |
|              |---------|-------------------|-------------------|-------------------|
|              |     0   |          1.873089 |          1.141114 |          1.000000 |
|              |---------|-------------------|-------------------|-------------------|
|              |     0   |          0.526184 |          0.440315 |          1.000000 |
|              |---------|-------------------|-------------------|-------------------|
|              |     0   |          0.289740 |          0.281460 |          1.000000 |
|              |---------|-------------------|-------------------|-------------------|
|              |     1   |          2.372549 |          4.197195 |          1.000000 |
|              |---------|-------------------|-------------------|-------------------|
|              |     1   |          1.180408 |          1.753802 |          1.000000 |
|              |---------|-------------------|-------------------|-------------------|
|              |     1   |          0.603822 |          0.758711 |          1.000000 |
|              |---------|-------------------|-------------------|-------------------|
|              |     2   |          1.809637 |          4.647235 |          1.000000 |
|              |---------|-------------------|-------------------|-------------------|
|              |     2   |          1.143973 |          2.082748 |          1.000000 |
|              |---------|-------------------|-------------------|-------------------|
|              |     3   |          1.806306 |          5.568458 |          1.000000 |
|--------------|---------|-------------------|-------------------|-------------------|
|   H (  8)    |         |                   |                   |                   |
|              |     0   |          8.512828 |          3.551939 |          1.000000 |
|              |---------|-------------------|-------------------|-------------------|
|              |     0   |          1.873089 |          1.141114 |          1.000000 |
|              |---------|-------------------|-------------------|-------------------|
|              |     0   |          0.526184 |          0.440315 |          1.000000 |
|              |---------|-------------------|-------------------|-------------------|
|              |     0   |          0.289740 |          0.281460 |          1.000000 |
|              |---------|-------------------|-------------------|-------------------|
|              |     1   |          2.372549 |          4.197195 |          1.000000 |
|              |---------|-------------------|-------------------|-------------------|
|              |     1   |          1.180408 |          1.753802 |          1.000000 |
|              |---------|-------------------|-------------------|-------------------|
|              |     1   |          0.603822 |          0.758711 |          1.000000 |
|              |---------|-------------------|-------------------|-------------------|
|              |     2   |          1.809637 |          4.647235 |          1.000000 |
|              |---------|-------------------|-------------------|-------------------|
|              |     2   |          1.143973 |          2.082748 |          1.000000 |
|              |---------|-------------------|-------------------|-------------------|
|              |     3   |          1.806306 |          5.568458 |          1.000000 |
|--------------|---------|-------------------|-------------------|-------------------|
|   H (  9)    |         |                   |                   |                   |
|              |     0   |          8.512828 |          3.551939 |          1.000000 |
|              |---------|-------------------|-------------------|-------------------|
|              |     0   |          1.873089 |          1.141114 |          1.000000 |
|              |---------|-------------------|-------------------|-------------------|
|              |     0   |          0.526184 |          0.440315 |          1.000000 |
|              |---------|-------------------|-------------------|-------------------|
|              |     0   |          0.289740 |          0.281460 |          1.000000 |
|              |---------|-------------------|-------------------|-------------------|
|              |     1   |          2.372549 |          4.197195 |          1.000000 |
|              |---------|-------------------|-------------------|-------------------|
|              |     1   |          1.180408 |          1.753802 |          1.000000 |
|              |---------|-------------------|-------------------|-------------------|
|              |     1   |          0.603822 |          0.758711 |          1.000000 |
|              |---------|-------------------|-------------------|-------------------|
|              |     2   |          1.809637 |          4.647235 |          1.000000 |
|              |---------|-------------------|-------------------|-------------------|
|              |     2   |          1.143973 |          2.082748 |          1.000000 |
|              |---------|-------------------|-------------------|-------------------|
|              |     3   |          1.806306 |          5.568458 |          1.000000 |
|______________|_________|___________________|___________________|___________________|



 Pseudopotential information:

 ________________________________________________________________ 





Calculation of 1-el matrices:
Time to step -    0.74011
Full time    -    0.74011



______________________Starting_CASSCF_calculations_____________________

Number of states                  7
State multiplicity                1 (singlet)

Active space:
Number of alpha electrons         2
Number of beta  electrons         2
Number of active orbitals         4

Number of core orbitals:          13

Preparation of virtual orbitals:  yes
State tracking:                   no 
State averaging:
Weights:	 1.00e+00  1.00e+00  1.00e+00 

SCF settings:
Energy convergence:               1.000000e-09
Orbital gradient convergence:     1.000000e-06
Rotation matrix convergence :     1.000000e-07
Maximum number of iterations:     50
Maximum SOSCF step          :     1.000000e-01

CI solver:                        determinant CI (aldet)
Davidson diagonalization settings:
Number of correlation vectors:    21
Number of basis functions:        300
Maximum number of iterations:     250
Energy convergence:               1.000000e-10
Residue convergence:              5.000000e-08
Orthogonality cut-off:            1.000000e-08
Energy denominator shift:         3.000000e-02
Sparsed multiplication:           no

_______________________________________________________________________




RI integrals calculation:
Time to step -    1.28444
Full time    -    2.02455


____________________Starting_Davidson_diagonalization__________________


Step 0
_________________________________________________
  n | E                 | dE         | norm(r)   |
____|___________________|____________|___________|
  0 |   -155.0231054959 | -1.550e+02 | 9.018e-27 |
  1 |   -154.7759356591 | -1.548e+02 | 1.351e-26 |
  2 |   -154.7173681866 | -1.547e+02 | 1.380e-26 |
  3 |   -154.6066598713 | -1.546e+02 | 1.003e-26 |
  4 |   -154.5525477173 | -1.546e+02 | 7.249e-27 |
  5 |   -154.5117406268 | -1.545e+02 | 1.841e-26 |
  6 |   -154.4754497138 | -1.545e+02 | 2.156e-26 |
____|___________________|____________|___________|
number of corr vectors=20
7 roots converged at step 0


CAS_CI WaveFunctions:

State 0  E  =    -155.0231054959 S^2 = 0.00:
-9.5276100631e-01  | 1100 | 1100
 1.8111658989e-01  | 1010 | 1010
-1.0390302253e-01  | 1001 | 0110
-1.0390302253e-01  | 0110 | 1001
 7.8366754214e-02  | 0101 | 0101
-7.5901832176e-02  | 1010 | 0101
-7.5901832176e-02  | 0101 | 1010
 7.5215520349e-02  | 0110 | 0110
 6.6123455919e-02  | 1001 | 1001
-4.3063103332e-02  | 1100 | 1001
State 1  E  =    -154.7759356591 S^2 = 0.00:
 5.6850671070e-01  | 1010 | 1010
 3.7022907291e-01  | 1100 | 0110
 3.7022907291e-01  | 0110 | 1100
 3.0815592618e-01  | 1100 | 1001
 3.0815592618e-01  | 1001 | 1100
-2.7690145983e-01  | 0110 | 0110
-2.2087054030e-01  | 1001 | 1001
 1.3036570891e-01  | 0101 | 0101
 1.2555785051e-01  | 1100 | 0011
 1.2555785051e-01  | 0011 | 1100
State 2  E  =    -154.7173681866 S^2 = 0.00:
-6.8397029423e-01  | 1100 | 1010
-6.8397029423e-01  | 1010 | 1100
-1.3853211842e-01  | 1010 | 0110
-1.3853211842e-01  | 0110 | 1010
-9.1982991213e-02  | 1010 | 1001
-9.1982991213e-02  | 1001 | 1010
 4.8747626699e-02  | 0101 | 0011
 4.8747626699e-02  | 0011 | 0101
-3.4313384163e-02  | 1010 | 0011
-3.4313384163e-02  | 0011 | 1010
State 3  E  =    -154.6066598713 S^2 = 0.00:
-5.0406562756e-01  | 1100 | 1001
-5.0406562756e-01  | 1001 | 1100
 4.6783512618e-01  | 1100 | 0110
 4.6783512618e-01  | 0110 | 1100
-1.1438051767e-01  | 0110 | 0011
-1.1438051767e-01  | 0011 | 0110
 9.7643112154e-02  | 1001 | 1001
 8.3673481031e-02  | 1001 | 0011
 8.3673481031e-02  | 0011 | 1001
-3.2813698371e-02  | 0110 | 0110
State 4  E  =    -154.5525477173 S^2 = 0.00:
-6.0474230279e-01  | 1010 | 1010
 3.0695263952e-01  | 1100 | 0110
 3.0695263952e-01  | 0110 | 1100
 2.8430324239e-01  | 1100 | 1001
 2.8430324239e-01  | 1001 | 1100
-2.4737987600e-01  | 1100 | 1100
 2.4478722066e-01  | 1001 | 0110
 2.4478722066e-01  | 0110 | 1001
 1.4749256751e-01  | 1010 | 0101
 1.4749256751e-01  | 0101 | 1010
State 5  E  =    -154.5117406268 S^2 = 0.00:
-6.6688253744e-01  | 1100 | 0101
-6.6688253744e-01  | 0101 | 1100
-1.7897413746e-01  | 1010 | 1001
-1.7897413746e-01  | 1001 | 1010
 1.2312664791e-01  | 1010 | 0011
 1.2312664791e-01  | 0011 | 1010
-8.0048931292e-02  | 1010 | 0110
-8.0048931292e-02  | 0110 | 1010
-2.7484588711e-02  | 0101 | 0011
-2.7484588711e-02  | 0011 | 0101
State 6  E  =    -154.4754497138 S^2 = 0.00:
-5.0498398389e-01  | 1010 | 0110
-5.0498398389e-01  | 0110 | 1010
 4.6982115402e-01  | 1010 | 1001
 4.6982115402e-01  | 1001 | 1010
-9.7980357864e-02  | 1001 | 0101
-9.7980357864e-02  | 0101 | 1001
 9.6875023404e-02  | 0110 | 0101
 9.6875023404e-02  | 0101 | 0110
-6.1621465533e-02  | 1100 | 0101
-6.1621465533e-02  | 0101 | 1100


Davidson diagonalization:
Time to step -    0.19773
Full time    -    2.22228
_______________________________________________________________________
Primary CI and calculation canonical orbitals:
Time to step -    0.17408
Full time    -    2.39635


CAS_SCF density averaging:
__________________________________________
 State| E                 | S^2  | weight |
______|___________________|______|________|
    0 |   -155.0231054959 | 0.00 | 1.00   |
    1 |   -154.7759356591 | 0.00 | 1.00   |
    2 |   -154.7173681866 | 0.00 | 1.00   |
    3 |   -154.6066598713 | 0.00 | 0.00   |
    4 |   -154.5525477173 | 0.00 | 0.00   |
    5 |   -154.5117406268 | 0.00 | 0.00   |
    6 |   -154.4754497138 | 0.00 | 0.00   |
______|___________________|______|________|

Start CAS_SCF iterations
_________________________________________________________________________________
  N | E                 | dE         | LAG.ASYM. | ROT.STEP  | N_dav | sweep_dE  |
____|___________________|____________|___________|___________|_______|___________|
  0 |   -154.8388031139 | -1.548e+02 | 8.902e-07 | 1.000e+00 |   0   | 0.000e+00 |
____|___________________|____________|___________|___________|_______|___________|

Lagrangian converged after 0 iterations

CAS_SCF iterations:
Time to step -    0.20867
Full time    -    2.60503
Preparation of canonical orbitals:
Time to step -    0.35512
Full time    -    2.96015
CAS_SCF WaveFunctions:

State 0  E  =    -155.0231054959 S^2 = 0.00:
-9.5276100631e-01  | 1100 | 1100
 1.8111658989e-01  | 1010 | 1010
-1.0390302253e-01  | 1001 | 0110
-1.0390302253e-01  | 0110 | 1001
 7.8366754214e-02  | 0101 | 0101
-7.5901832176e-02  | 1010 | 0101
-7.5901832176e-02  | 0101 | 1010
 7.5215520349e-02  | 0110 | 0110
 6.6123455919e-02  | 1001 | 1001
-4.3063103332e-02  | 1100 | 1001
State 1  E  =    -154.7759356591 S^2 = 0.00:
 5.6850671070e-01  | 1010 | 1010
 3.7022907291e-01  | 1100 | 0110
 3.7022907291e-01  | 0110 | 1100
 3.0815592618e-01  | 1100 | 1001
 3.0815592618e-01  | 1001 | 1100
-2.7690145983e-01  | 0110 | 0110
-2.2087054030e-01  | 1001 | 1001
 1.3036570891e-01  | 0101 | 0101
 1.2555785051e-01  | 1100 | 0011
 1.2555785051e-01  | 0011 | 1100
State 2  E  =    -154.7173681866 S^2 = 0.00:
-6.8397029423e-01  | 1100 | 1010
-6.8397029423e-01  | 1010 | 1100
-1.3853211842e-01  | 1010 | 0110
-1.3853211842e-01  | 0110 | 1010
-9.1982991213e-02  | 1010 | 1001
-9.1982991213e-02  | 1001 | 1010
 4.8747626699e-02  | 0101 | 0011
 4.8747626699e-02  | 0011 | 0101
-3.4313384163e-02  | 1010 | 0011
-3.4313384163e-02  | 0011 | 1010
State 3  E  =    -154.6066598713 S^2 = 0.00:
-5.0406562756e-01  | 1100 | 1001
-5.0406562756e-01  | 1001 | 1100
 4.6783512618e-01  | 1100 | 0110
 4.6783512618e-01  | 0110 | 1100
-1.1438051767e-01  | 0110 | 0011
-1.1438051767e-01  | 0011 | 0110
 9.7643112154e-02  | 1001 | 1001
 8.3673481031e-02  | 1001 | 0011
 8.3673481031e-02  | 0011 | 1001
-3.2813698371e-02  | 0110 | 0110
State 4  E  =    -154.5525477173 S^2 = 0.00:
-6.0474230279e-01  | 1010 | 1010
 3.0695263952e-01  | 1100 | 0110
 3.0695263952e-01  | 0110 | 1100
 2.8430324239e-01  | 1100 | 1001
 2.8430324239e-01  | 1001 | 1100
-2.4737987600e-01  | 1100 | 1100
 2.4478722066e-01  | 1001 | 0110
 2.4478722066e-01  | 0110 | 1001
 1.4749256751e-01  | 1010 | 0101
 1.4749256751e-01  | 0101 | 1010
State 5  E  =    -154.5117406268 S^2 = 0.00:
-6.6688253744e-01  | 1100 | 0101
-6.6688253744e-01  | 0101 | 1100
-1.7897413746e-01  | 1010 | 1001
-1.7897413746e-01  | 1001 | 1010
 1.2312664791e-01  | 1010 | 0011
 1.2312664791e-01  | 0011 | 1010
-8.0048931292e-02  | 1010 | 0110
-8.0048931292e-02  | 0110 | 1010
-2.7484588711e-02  | 0101 | 0011
-2.7484588711e-02  | 0011 | 0101
State 6  E  =    -154.4754497138 S^2 = 0.00:
-5.0498398389e-01  | 1010 | 0110
-5.0498398389e-01  | 0110 | 1010
 4.6982115402e-01  | 1010 | 1001
 4.6982115402e-01  | 1001 | 1010
-9.7980357864e-02  | 1001 | 0101
-9.7980357864e-02  | 0101 | 1001
 9.6875023404e-02  | 0110 | 0101
 9.6875023404e-02  | 0101 | 0110
-6.1621465533e-02  | 1100 | 0101
-6.1621465533e-02  | 0101 | 1100


CAS_SCF density averaging:
__________________________________________
 State| E                 | S^2  | weight |
______|___________________|______|________|
    0 |   -155.0231054959 | 0.00 | 1.00   |
    1 |   -154.7759356591 | 0.00 | 1.00   |
    2 |   -154.7173681866 | 0.00 | 1.00   |
    3 |   -154.6066598713 | 0.00 | 0.00   |
    4 |   -154.5525477173 | 0.00 | 0.00   |
    5 |   -154.5117406268 | 0.00 | 0.00   |
    6 |   -154.4754497138 | 0.00 | 0.00   |
______|___________________|______|________|


CAS_SCF Energy summary:
E[  0] = -155.0231054959
E[  1] = -154.7759356591 | 6.7258 eV
E[  2] = -154.7173681866 | 8.3195 eV
E[  3] = -154.6066598713 | 11.3321 eV
E[  4] = -154.5525477173 | 12.8045 eV
E[  5] = -154.5117406268 | 13.9150 eV
E[  6] = -154.4754497138 | 14.9025 eV


CAS_SCF Dipole moment:

d[  0,  0] = { 2.407281e-11,-6.768147e-12,-1.422495e-14} |d| = 2.500617e-11
d[  0,  1] = { 3.377494e-11, 2.832772e-12,-2.490172e-15} |d| = 3.389353e-11
d[  0,  2] = { 2.200221e+00,-3.937259e-01, 9.558865e-16} |d| = 2.235172e+00
d[  0,  3] = {-1.251538e-12,-1.161688e-12,-4.402944e-15} |d| = 1.707596e-12
d[  0,  4] = {-4.126105e-11, 4.147463e-11,-2.868018e-15} |d| = 5.850316e-11
d[  0,  5] = {-3.716928e-01, 8.703086e-01,-1.647028e-15} |d| = 9.463575e-01
d[  0,  6] = {-1.145955e-01, 1.033146e-01,-2.164551e-16} |d| = 1.542921e-01

d[  1,  0] = { 3.377493e-11, 2.832772e-12,-2.490172e-15} |d| = 3.389352e-11
d[  1,  1] = { 2.977508e-11, 1.310543e-11,-1.208973e-14} |d| = 3.253164e-11
d[  1,  2] = { 3.957617e-01, 3.241411e-01, 3.371147e-15} |d| = 5.115611e-01
d[  1,  3] = { 4.595579e-14,-2.539071e-13,-1.198249e-15} |d| = 2.580352e-13
d[  1,  4] = { 1.050685e-10,-3.537118e-12, 7.470119e-16} |d| = 1.051280e-10
d[  1,  5] = { 1.460272e+00, 3.529991e-01, 3.657557e-15} |d| = 1.502332e+00
d[  1,  6] = {-1.125802e-01, 4.042020e-02,-4.062751e-17} |d| = 1.196164e-01

d[  2,  0] = { 2.200221e+00,-3.937259e-01, 9.558865e-16} |d| = 2.235172e+00
d[  2,  1] = { 3.957617e-01, 3.241411e-01, 3.371147e-15} |d| = 5.115611e-01
d[  2,  2] = { 1.331608e-10,-1.514195e-11,-1.361141e-14} |d| = 1.340189e-10
d[  2,  3] = {-2.232633e-01, 6.609844e-02,-4.391136e-16} |d| = 2.328422e-01
d[  2,  4] = { 3.789642e+00,-2.284867e-01, 3.854009e-15} |d| = 3.796524e+00
d[  2,  5] = {-1.511383e-10, 4.289102e-11,-1.473274e-16} |d| = 1.571064e-10
d[  2,  6] = { 8.153682e-12, 2.741892e-11, 4.542060e-15} |d| = 2.860558e-11

d[  3,  0] = {-1.252724e-12,-1.161774e-12,-4.402944e-15} |d| = 1.708525e-12
d[  3,  1] = { 4.606317e-14,-2.538993e-13,-1.198249e-15} |d| = 2.580467e-13
d[  3,  2] = {-2.232633e-01, 6.609844e-02,-4.391136e-16} |d| = 2.328422e-01
d[  3,  3] = { 7.678592e-11,-1.996177e-11,-9.760732e-15} |d| = 7.933819e-11
d[  3,  4] = { 2.606246e-11,-1.045999e-11,-3.031758e-15} |d| = 2.808315e-11
d[  3,  5] = { 2.524627e-01,-5.967738e-02, 1.211973e-16} |d| = 2.594201e-01
d[  3,  6] = {-2.479432e+00, 6.153473e-01,-1.988754e-15} |d| = 2.554649e+00

d[  4,  0] = {-4.126101e-11, 4.147464e-11,-2.868018e-15} |d| = 5.850313e-11
d[  4,  1] = { 1.050685e-10,-3.537122e-12, 7.470119e-16} |d| = 1.051280e-10
d[  4,  2] = { 3.789642e+00,-2.284867e-01, 3.854009e-15} |d| = 3.796524e+00
d[  4,  3] = { 2.606243e-11,-1.045999e-11,-3.031758e-15} |d| = 2.808312e-11
d[  4,  4] = { 2.093168e-11, 3.468992e-11,-1.034835e-14} |d| = 4.051575e-11
d[  4,  5] = { 8.672067e-01, 5.024635e-01, 1.805197e-15} |d| = 1.002256e+00
d[  4,  6] = {-1.275476e-01, 9.087091e-02, 1.832756e-16} |d| = 1.566075e-01

d[  5,  0] = {-3.716928e-01, 8.703086e-01,-1.647028e-15} |d| = 9.463575e-01
d[  5,  1] = { 1.460272e+00, 3.529991e-01, 3.657557e-15} |d| = 1.502332e+00
d[  5,  2] = {-1.511384e-10, 4.289101e-11,-1.473274e-16} |d| = 1.571065e-10
d[  5,  3] = { 2.524627e-01,-5.967738e-02, 1.211973e-16} |d| = 2.594201e-01
d[  5,  4] = { 8.672067e-01, 5.024635e-01, 1.805197e-15} |d| = 1.002256e+00
d[  5,  5] = { 1.092020e-10,-3.169292e-11,-5.564018e-15} |d| = 1.137080e-10
d[  5,  6] = { 9.731578e-11,-2.093165e-12,-1.303406e-15} |d| = 9.733829e-11

d[  6,  0] = {-1.145955e-01, 1.033146e-01,-2.164551e-16} |d| = 1.542921e-01
d[  6,  1] = {-1.125802e-01, 4.042020e-02,-4.062751e-17} |d| = 1.196164e-01
d[  6,  2] = { 8.154317e-12, 2.741896e-11, 4.542060e-15} |d| = 2.860581e-11
d[  6,  3] = {-2.479432e+00, 6.153473e-01,-1.988754e-15} |d| = 2.554649e+00
d[  6,  4] = {-1.275476e-01, 9.087091e-02, 1.832756e-16} |d| = 1.566075e-01
d[  6,  5] = { 9.731576e-11,-2.093166e-12,-1.303406e-15} |d| = 9.733827e-11
d[  6,  6] = { 8.113629e-12, 2.722948e-11,-1.050604e-14} |d| = 2.841260e-11




CAS_SCF Electron dispersion:

State 0:
<x2> =  2.602050e+02
<y2> =  5.213158e+01
<z2> =  2.161754e+01

State 1:
<x2> =  2.621940e+02
<y2> =  5.245486e+01
<z2> =  2.172155e+01

State 2:
<x2> =  2.622814e+02
<y2> =  5.222595e+01
<z2> =  2.178620e+01

State 3:
<x2> =  2.619565e+02
<y2> =  5.246897e+01
<z2> =  2.155666e+01

State 4:
<x2> =  2.626376e+02
<y2> =  5.248445e+01
<z2> =  2.168289e+01

State 5:
<x2> =  2.616675e+02
<y2> =  5.270715e+01
<z2> =  2.133865e+01

State 6:
<x2> =  2.619523e+02
<y2> =  5.264098e+01
<z2> =  2.169365e+01




CAS_SCF Quadrupole moment:

Q[  0,  0] = { 2.602050e+02,-7.547813e-01, 1.350368e-14 
              -7.547813e-01, 5.213158e+01, 1.695071e-15 
               1.350368e-14, 1.695071e-15, 2.161754e+01}
Q[  0,  1] = {-5.075761e-01,-3.941996e-01, 8.387296e-15 
              -3.941996e-01,-4.487595e-02, 1.029813e-16 
               8.387296e-15, 1.029813e-16, 8.368057e-02}
Q[  0,  2] = { 1.645657e-12,-3.401206e-12,-9.773240e-15 
              -3.401206e-12,-1.854928e-12, 3.858477e-15 
              -9.773240e-15, 3.858477e-15, 1.256085e-12}
Q[  0,  3] = {-8.591558e+00, 1.470424e+00,-7.967157e-15 
               1.470424e+00, 3.825671e-01, 2.579235e-15 
              -7.967157e-15, 2.579235e-15,-1.900332e-01}
Q[  0,  4] = {-8.440894e-01,-1.099899e-01, 8.461073e-15 
              -1.099899e-01,-1.636854e-01, 7.891743e-16 
               8.461073e-15, 7.891743e-16, 3.518001e-02}
Q[  0,  5] = { 5.515207e-11,-8.634715e-12, 1.175810e-15 
              -8.634715e-12, 6.353450e-12,-1.246210e-14 
               1.175810e-15,-1.246210e-14,-7.306500e-13}
Q[  0,  6] = {-7.149814e-11, 1.263110e-12,-9.661153e-15 
               1.263110e-12, 3.661671e-12,-1.098395e-16 
              -9.661153e-15,-1.098395e-16,-1.595576e-13}

Q[  1,  0] = {-5.075761e-01,-3.941996e-01, 8.387296e-15 
              -3.941996e-01,-4.487595e-02, 1.029813e-16 
               8.387296e-15, 1.029813e-16, 8.368057e-02}
Q[  1,  1] = { 2.621940e+02,-1.818683e+00, 2.373909e-14 
              -1.818683e+00, 5.245486e+01,-1.751752e-15 
               2.373909e-14,-1.751752e-15, 2.172155e+01}
Q[  1,  2] = {-1.704595e-11, 1.718021e-11,-6.769701e-15 
               1.718021e-11,-2.799751e-12,-3.501196e-15 
              -6.769701e-15,-3.501196e-15,-1.514000e-12}
Q[  1,  3] = { 1.892282e+00,-1.798936e-01,-2.170933e-15 
              -1.798936e-01,-2.010355e-01, 2.877103e-15 
              -2.170933e-15, 2.877103e-15, 1.432935e-01}
Q[  1,  4] = {-7.315472e-01, 3.037607e-01, 4.651209e-15 
               3.037607e-01,-1.035827e-03,-8.365087e-16 
               4.651209e-15,-8.365087e-16,-1.222489e-01}
Q[  1,  5] = {-3.936993e-12, 2.480089e-12,-9.353134e-15 
               2.480089e-12,-3.118975e-12,-5.094317e-15 
              -9.353134e-15,-5.094317e-15, 6.060729e-12}
Q[  1,  6] = { 1.787575e-10,-2.594643e-11,-2.646004e-15 
              -2.594643e-11,-1.361688e-11,-7.776501e-17 
              -2.646004e-15,-7.776501e-17, 6.041625e-12}

Q[  2,  0] = { 1.643895e-12,-3.401012e-12,-9.773240e-15 
              -3.401012e-12,-1.854614e-12, 3.858477e-15 
              -9.773240e-15, 3.858477e-15, 1.256589e-12}
Q[  2,  1] = {-1.704631e-11, 1.718018e-11,-6.769701e-15 
               1.718018e-11,-2.799702e-12,-3.501196e-15 
              -6.769701e-15,-3.501196e-15,-1.514372e-12}
Q[  2,  2] = { 2.622814e+02,-1.448808e+00, 9.753222e-15 
              -1.448808e+00, 5.222595e+01, 1.367203e-15 
               9.753222e-15, 1.367203e-15, 2.178620e+01}
Q[  2,  3] = {-1.650698e-10, 2.925007e-11,-1.235758e-14 
               2.925007e-11, 6.505358e-12, 8.778338e-16 
              -1.235758e-14, 8.778338e-16,-4.120480e-12}
Q[  2,  4] = {-6.167550e-11, 5.234677e-12,-1.900424e-14 
               5.234677e-12, 9.494724e-12, 1.050461e-15 
              -1.900424e-14, 1.050461e-15, 1.640395e-14}
Q[  2,  5] = {-8.560097e-01, 2.292530e-01,-3.594830e-15 
               2.292530e-01, 5.359363e-02, 4.620616e-16 
              -3.594830e-15, 4.620616e-16,-2.340061e-02}
Q[  2,  6] = { 8.854382e+00,-1.469892e+00, 6.908669e-15 
              -1.469892e+00,-3.786348e-01,-2.234200e-15 
               6.908669e-15,-2.234200e-15, 2.038988e-01}

Q[  3,  0] = {-8.591558e+00, 1.470424e+00,-7.967157e-15 
               1.470424e+00, 3.825671e-01, 2.579235e-15 
              -7.967157e-15, 2.579235e-15,-1.900332e-01}
Q[  3,  1] = { 1.892282e+00,-1.798936e-01,-2.170933e-15 
              -1.798936e-01,-2.010355e-01, 2.877103e-15 
              -2.170933e-15, 2.877103e-15, 1.432935e-01}
Q[  3,  2] = {-1.650698e-10, 2.924996e-11,-1.235758e-14 
               2.924996e-11, 6.505278e-12, 8.778338e-16 
              -1.235758e-14, 8.778338e-16,-4.120861e-12}
Q[  3,  3] = { 2.619565e+02,-1.390323e+00, 2.339232e-14 
              -1.390323e+00, 5.246897e+01,-3.212722e-15 
               2.339232e-14,-3.212722e-15, 2.155666e+01}
Q[  3,  4] = {-2.656168e+00, 6.084702e-01,-6.819517e-15 
               6.084702e-01, 3.199197e-02, 3.764898e-15 
              -6.819517e-15, 3.764898e-15, 2.418598e-02}
Q[  3,  5] = { 2.453859e-10,-4.838978e-11, 1.254759e-14 
              -4.838978e-11,-5.623426e-12,-1.117852e-15 
               1.254759e-14,-1.117852e-15, 2.789434e-12}
Q[  3,  6] = { 1.499163e-10,-8.018675e-12, 1.133166e-14 
              -8.018675e-12,-9.547838e-12,-7.074262e-15 
               1.133166e-14,-7.074262e-15,-1.044686e-13}

Q[  4,  0] = {-8.440894e-01,-1.099899e-01, 8.461073e-15 
              -1.099899e-01,-1.636854e-01, 7.891743e-16 
               8.461073e-15, 7.891743e-16, 3.518001e-02}
Q[  4,  1] = {-7.315472e-01, 3.037607e-01, 4.651209e-15 
               3.037607e-01,-1.035827e-03,-8.365087e-16 
               4.651209e-15,-8.365087e-16,-1.222489e-01}
Q[  4,  2] = {-6.167625e-11, 5.234901e-12,-1.900424e-14 
               5.234901e-12, 9.494899e-12, 1.050461e-15 
              -1.900424e-14, 1.050461e-15, 1.681721e-14}
Q[  4,  3] = {-2.656168e+00, 6.084702e-01,-6.819517e-15 
               6.084702e-01, 3.199197e-02, 3.764898e-15 
              -6.819517e-15, 3.764898e-15, 2.418598e-02}
Q[  4,  4] = { 2.626376e+02,-1.528825e+00, 1.406936e-14 
              -1.528825e+00, 5.248445e+01,-1.533875e-15 
               1.406936e-14,-1.533875e-15, 2.168289e+01}
Q[  4,  5] = { 3.286766e-11, 3.225042e-11,-8.681339e-15 
               3.225042e-11, 9.275009e-12,-6.901385e-15 
              -8.681339e-15,-6.901385e-15,-1.710665e-11}
Q[  4,  6] = {-2.506953e-10, 6.501118e-11, 1.988291e-14 
               6.501118e-11, 1.191522e-11,-3.639520e-15 
               1.988291e-14,-3.639520e-15,-9.227143e-12}

Q[  5,  0] = { 5.515327e-11,-8.634786e-12, 1.175810e-15 
              -8.634786e-12, 6.353286e-12,-1.246210e-14 
               1.175810e-15,-1.246210e-14,-7.323465e-13}
Q[  5,  1] = {-3.936906e-12, 2.480268e-12,-9.353134e-15 
               2.480268e-12,-3.118914e-12,-5.094317e-15 
              -9.353134e-15,-5.094317e-15, 6.060571e-12}
Q[  5,  2] = {-8.560097e-01, 2.292530e-01,-3.594830e-15 
               2.292530e-01, 5.359363e-02, 4.620616e-16 
              -3.594830e-15, 4.620616e-16,-2.340061e-02}
Q[  5,  3] = { 2.453858e-10,-4.838968e-11, 1.254759e-14 
              -4.838968e-11,-5.623340e-12,-1.117852e-15 
               1.254759e-14,-1.117852e-15, 2.789741e-12}
Q[  5,  4] = { 3.286776e-11, 3.225044e-11,-8.681339e-15 
               3.225044e-11, 9.275001e-12,-6.901385e-15 
              -8.681339e-15,-6.901385e-15,-1.710669e-11}
Q[  5,  5] = { 2.616675e+02,-9.940574e-01, 2.583795e-14 
              -9.940574e-01, 5.270715e+01,-6.105291e-15 
               2.583795e-14,-6.105291e-15, 2.133865e+01}
Q[  5,  6] = {-1.748253e+00, 4.111270e-01,-2.095016e-15 
               4.111270e-01, 3.794420e-02, 1.541940e-15 
              -2.095016e-15, 1.541940e-15,-2.987257e-02}

Q[  6,  0] = {-7.149795e-11, 1.263099e-12,-9.661153e-15 
               1.263099e-12, 3.661644e-12,-1.098395e-16 
              -9.661153e-15,-1.098395e-16,-1.597167e-13}
Q[  6,  1] = { 1.787576e-10,-2.594654e-11,-2.646004e-15 
              -2.594654e-11,-1.361700e-11,-7.776501e-17 
              -2.646004e-15,-7.776501e-17, 6.041247e-12}
Q[  6,  2] = { 8.854382e+00,-1.469892e+00, 6.908669e-15 
              -1.469892e+00,-3.786348e-01,-2.234200e-15 
               6.908669e-15,-2.234200e-15, 2.038988e-01}
Q[  6,  3] = { 1.499172e-10,-8.018734e-12, 1.133166e-14 
              -8.018734e-12,-9.547990e-12,-7.074262e-15 
               1.133166e-14,-7.074262e-15,-1.045945e-13}
Q[  6,  4] = {-2.506953e-10, 6.501123e-11, 1.988291e-14 
               6.501123e-11, 1.191526e-11,-3.639520e-15 
               1.988291e-14,-3.639520e-15,-9.226998e-12}
Q[  6,  5] = {-1.748253e+00, 4.111270e-01,-2.095016e-15 
               4.111270e-01, 3.794420e-02, 1.541940e-15 
              -2.095016e-15, 1.541940e-15,-2.987257e-02}
Q[  6,  6] = { 2.619523e+02,-1.681717e+00, 1.680012e-14 
              -1.681717e+00, 5.264098e+01,-2.271965e-15 
               1.680012e-14,-2.271965e-15, 2.169365e+01}




CAS_SCF Mulliken charges:

State 0 charges:
c(C ) =-3.59848e-01
c(C ) =-3.59848e-01
c(C ) =-8.20061e-02
c(C ) =-8.20061e-02
c(H ) = 1.40347e-01
c(H ) = 1.40347e-01
c(H ) = 1.47362e-01
c(H ) = 1.47362e-01
c(H ) = 1.54145e-01
c(H ) = 1.54145e-01

State 1 charges:
c(C ) =-3.33612e-01
c(C ) =-3.33612e-01
c(C ) =-1.02184e-01
c(C ) =-1.02184e-01
c(H ) = 1.38330e-01
c(H ) = 1.38330e-01
c(H ) = 1.45005e-01
c(H ) = 1.45005e-01
c(H ) = 1.52460e-01
c(H ) = 1.52460e-01

State 2 charges:
c(C ) =-3.89484e-01
c(C ) =-3.89484e-01
c(C ) =-4.82506e-02
c(C ) =-4.82506e-02
c(H ) = 1.38875e-01
c(H ) = 1.38875e-01
c(H ) = 1.44964e-01
c(H ) = 1.44964e-01
c(H ) = 1.53896e-01
c(H ) = 1.53896e-01

State 3 charges:
c(C ) =-3.69002e-01
c(C ) =-3.69002e-01
c(C ) =-6.84540e-02
c(C ) =-6.84540e-02
c(H ) = 1.38623e-01
c(H ) = 1.38623e-01
c(H ) = 1.46079e-01
c(H ) = 1.46079e-01
c(H ) = 1.52755e-01
c(H ) = 1.52755e-01

State 4 charges:
c(C ) =-3.65818e-01
c(C ) =-3.65818e-01
c(C ) =-6.99974e-02
c(C ) =-6.99974e-02
c(H ) = 1.38423e-01
c(H ) = 1.38423e-01
c(H ) = 1.44727e-01
c(H ) = 1.44727e-01
c(H ) = 1.52665e-01
c(H ) = 1.52665e-01

State 5 charges:
c(C ) =-3.50854e-01
c(C ) =-3.50854e-01
c(C ) =-8.65920e-02
c(C ) =-8.65920e-02
c(H ) = 1.38859e-01
c(H ) = 1.38859e-01
c(H ) = 1.46833e-01
c(H ) = 1.46833e-01
c(H ) = 1.51754e-01
c(H ) = 1.51754e-01

State 6 charges:
c(C ) =-2.95570e-01
c(C ) =-2.95570e-01
c(C ) =-1.39032e-01
c(C ) =-1.39032e-01
c(H ) = 1.38509e-01
c(H ) = 1.38509e-01
c(H ) = 1.44704e-01
c(H ) = 1.44704e-01
c(H ) = 1.51388e-01
c(H ) = 1.51388e-01


Writing CAS_SCF canonical orbitals:
visualization file: c4h6-cdas_CAS.out
data file         : c4h6-cdas_CAS.orb

Writing CAS_SCF natural orbitals:
visualization file: c4h6-cdas_CAS_NatOrb.out
data file         : c4h6-cdas_CAS_NatOrb.orb

_______________________________________________________________________


CAS_SCF:
Time to step -    0.17740
Full time    -    3.13755



_____________________Starting_CDAS_PT2_calculations____________________

Number of states                  7
State multiplicity                1 (singlet)

Active space:
Number of alpha electrons         2
Number of beta  electrons         2
Number of active orbitals         4

State averaging:
Weights:	 1.00e+00  1.00e+00  1.00e+00  0.00e+00  0.00e+00  0.00e+00  0.00e+00 

Energy Denominator SHIFT          0.000000e+00 (a.u.)

Energy scheme                                    -     HOMO

PT first order term: yes
_______________________________________________________________________



Orbital energies (3 blocks):
core     : -1.1235e+01  -1.1234e+01  -1.1224e+01  -1.1224e+01  -1.0922e+00  -1.0020e+00  -8.2561e-01  -7.5538e-01  -6.4502e-01  -6.3682e-01  -5.5953e-01  -5.4423e-01  -4.9318e-01 
active F : -4.0331e-01  -2.3617e-01   2.4712e-02   2.3610e-01 
active PT: -2.3617e-01  -2.3617e-01  -2.3617e-01  -2.3617e-01 
vacant   :  1.5915e-01   1.6351e-01   1.7220e-01   2.1440e-01   2.2600e-01   2.4789e-01   3.1018e-01   3.5648e-01   4.2631e-01   4.3154e-01   4.5303e-01   4.6907e-01   4.7489e-01   4.8285e-01   5.0577e-01   5.0660e-01   5.6564e-01   5.7597e-01   5.8201e-01   6.1214e-01   6.2796e-01   6.4390e-01   6.6227e-01   6.7160e-01   6.8299e-01   7.0425e-01   7.5494e-01   7.7406e-01   8.1268e-01   8.2624e-01   8.3268e-01   8.6492e-01   8.7288e-01   9.0368e-01   9.1141e-01   9.4816e-01   1.0630e+00   1.0839e+00   1.0917e+00   1.0979e+00   1.1365e+00   1.1478e+00   1.1986e+00   1.2038e+00   1.2333e+00   1.2405e+00   1.3075e+00   1.3333e+00   1.3455e+00   1.3751e+00   1.4119e+00   1.4192e+00   1.4244e+00   1.4830e+00   1.5010e+00   1.5486e+00   1.5749e+00   1.6173e+00   1.6341e+00   1.6551e+00   1.6806e+00   1.6985e+00   1.7094e+00   1.7157e+00   1.7765e+00   1.8912e+00   1.9689e+00   1.9738e+00   2.2329e+00   2.3420e+00   2.3425e+00   2.4182e+00   2.4733e+00   2.5423e+00   2.5587e+00   2.5936e+00   2.6072e+00   2.6456e+00   2.7243e+00   2.7453e+00   2.7556e+00   2.7670e+00   2.8309e+00   2.8615e+00   2.9344e+00   2.9769e+00   2.9844e+00   3.0342e+00   3.0445e+00   3.0513e+00   3.0789e+00   3.0903e+00   3.1248e+00   3.1396e+00   3.1753e+00   3.1825e+00   3.1950e+00   3.2163e+00   3.2379e+00   3.2577e+00   3.3008e+00   3.3154e+00   3.3354e+00   3.3572e+00   3.3644e+00   3.3900e+00   3.4217e+00   3.4294e+00   3.4463e+00   3.4850e+00   3.4910e+00   3.5258e+00   3.5432e+00   3.5892e+00   3.6113e+00   3.6200e+00   3.6764e+00   3.7059e+00   3.7671e+00   3.7851e+00   3.8018e+00   3.8279e+00   3.8570e+00   3.8694e+00   3.9114e+00   3.9186e+00   3.9866e+00   4.0384e+00   4.0568e+00   4.0680e+00   4.1048e+00   4.1116e+00   4.1327e+00   4.1536e+00   4.1571e+00   4.2074e+00   4.2121e+00   4.2811e+00   4.2872e+00   4.3244e+00   4.3304e+00   4.3424e+00   4.3604e+00   4.4127e+00   4.4207e+00   4.4708e+00   4.5187e+00   4.5597e+00   4.5994e+00   4.6928e+00   4.7080e+00   4.7298e+00   4.7920e+00   4.8084e+00   4.8673e+00   4.8803e+00   4.9407e+00   4.9789e+00   4.9967e+00   5.0471e+00   5.1290e+00   5.1773e+00   5.2085e+00   5.2981e+00   5.3153e+00   5.3292e+00   5.3460e+00   5.4427e+00   5.4696e+00   5.4930e+00   5.5284e+00   5.5293e+00   5.7007e+00   5.7927e+00   5.8325e+00   5.8671e+00   5.9305e+00   6.2890e+00   6.3202e+00   6.3683e+00   6.4966e+00   6.5363e+00   6.9938e+00   1.2079e+01   1.2094e+01   1.4531e+01   1.5231e+01 


Fock matrix calculation:
Time to step -    0.00516
Full time    -    3.14271
_______________________________________________________________________


Start calculation of PT2 correction


RI orbital transformation:
Time to step -    0.35914
Full time    -    3.50184

CCVV res table:
Time to step -    0.15070
Full time    -    3.65254

CAVV res table:
Time to step -    0.06203
Full time    -    3.71457

AAVV res table:
Time to step -    0.02613
Full time    -    3.74070

CCAV res table:
Time to step -    0.01487
Full time    -    3.75557

CCAA res table:
Time to step -    0.00050
Full time    -    3.75608

CV   res table:
Time to step -    0.01290
Full time    -    3.76897

AV   res table:
Time to step -    0.00586
Full time    -    3.77483

CA   res table:
Time to step -    0.00065
Full time    -    3.77548

PT tensors calculation:
Time to step -    0.00004
Full time    -    3.77552
_______________________________________________________________________




____________________Starting_Davidson_diagonalization__________________


Step 0
_________________________________________________
  n | E                 | dE         | norm(r)   |
____|___________________|____________|___________|
  0 |   -155.7452029829 | -1.557e+02 | 1.327e-26 |
  1 |   -155.5131794196 | -1.555e+02 | 4.198e-26 |
  2 |   -155.4801343114 | -1.555e+02 | 3.833e-26 |
  3 |   -155.4175775069 | -1.554e+02 | 3.469e-26 |
  4 |   -155.3538840279 | -1.554e+02 | 3.158e-26 |
  5 |   -155.3303636853 | -1.553e+02 | 7.655e-26 |
  6 |   -155.2726747279 | -1.553e+02 | 5.118e-26 |
____|___________________|____________|___________|
number of corr vectors=27
7 roots converged at step 0


CAS_CI WaveFunctions:

State 0  E  =    -155.7452029829 S^2 = 0.00:
 9.8369282883e-01  | 1100 | 1100
-1.2211405865e-01  | 1010 | 1010
 5.2989272974e-02  | 1001 | 0110
 5.2989272974e-02  | 0110 | 1001
-5.1640318119e-02  | 0110 | 0110
-4.3989554762e-02  | 0101 | 0101
 4.2404268882e-02  | 1010 | 0101
 4.2404268882e-02  | 0101 | 1010
-4.1561373237e-02  | 1001 | 1001
 2.2046653893e-02  | 1100 | 1001
State 1  E  =    -155.5131794196 S^2 = 0.00:
-6.9520632178e-01  | 1100 | 1010
-6.9520632178e-01  | 1010 | 1100
-9.6048713241e-02  | 1010 | 0110
-9.6048713241e-02  | 0110 | 1010
-7.5336727407e-02  | 1010 | 1001
-7.5336727407e-02  | 1001 | 1010
 2.7329544847e-02  | 0101 | 0011
 2.7329544847e-02  | 0011 | 0101
-2.2801432357e-02  | 1100 | 0101
-2.2801432357e-02  | 0101 | 1100
State 2  E  =    -155.4801343114 S^2 = 0.00:
-4.6477158195e-01  | 1010 | 1010
-4.3742416190e-01  | 1100 | 0110
-4.3742416190e-01  | 0110 | 1100
-4.0691503165e-01  | 1100 | 1001
-4.0691503165e-01  | 1001 | 1100
 1.5372453183e-01  | 0110 | 0110
 1.2379607519e-01  | 1001 | 1001
-9.0259282039e-02  | 1010 | 0101
-9.0259282039e-02  | 0101 | 1010
-6.4824062301e-02  | 1100 | 0011
State 3  E  =    -155.4175775069 S^2 = 0.00:
-5.2670574893e-01  | 1100 | 1001
-5.2670574893e-01  | 1001 | 1100
 4.6084772174e-01  | 1100 | 0110
 4.6084772174e-01  | 0110 | 1100
-7.0572700082e-02  | 0110 | 0110
-5.6339862425e-02  | 0110 | 0011
-5.6339862425e-02  | 0011 | 0110
 5.1619674394e-02  | 1010 | 1010
 4.5042651848e-02  | 1001 | 0011
 4.5042651848e-02  | 0011 | 1001
State 4  E  =    -155.3538840279 S^2 = 0.00:
-7.8271014173e-01  | 1010 | 1010
 2.7501453978e-01  | 1100 | 0110
 2.7501453978e-01  | 0110 | 1100
 1.9154778297e-01  | 1100 | 1001
 1.9154778297e-01  | 1001 | 1100
 1.8284264471e-01  | 1001 | 0110
 1.8284264471e-01  | 0110 | 1001
 1.5700778252e-01  | 0110 | 0110
-1.3360441088e-01  | 1100 | 1100
 1.1748449340e-01  | 1001 | 1001
State 5  E  =    -155.3303636853 S^2 = 0.00:
-6.8290262508e-01  | 1100 | 0101
-6.8290262508e-01  | 0101 | 1100
-1.3486094141e-01  | 1010 | 1001
-1.3486094141e-01  | 1001 | 1010
 8.3727093341e-02  | 1010 | 0011
 8.3727093341e-02  | 0011 | 1010
-7.5351435056e-02  | 1010 | 0110
-7.5351435056e-02  | 0110 | 1010
 4.3629057548e-02  | 1100 | 1010
 4.3629057548e-02  | 1010 | 1100
State 6  E  =    -155.2726747279 S^2 = 0.00:
-5.0468802603e-01  | 1010 | 1001
-5.0468802603e-01  | 1001 | 1010
 4.9060905645e-01  | 1010 | 0110
 4.9060905645e-01  | 0110 | 1010
 4.4800686634e-02  | 1001 | 0101
 4.4800686634e-02  | 0101 | 1001
 4.3000881250e-02  | 1100 | 0101
 4.3000881250e-02  | 0101 | 1100
-2.1443093379e-02  | 0110 | 0101
-2.1443093379e-02  | 0101 | 0110


Davidson diagonalization:
Time to step -    0.00241
Full time    -    3.77792
_______________________________________________________________________


CDAS-PT2 Energy summary:
E[  0] = -155.7452029829
E[  1] = -155.5131794196 | 6.3137 eV
E[  2] = -155.4801343114 | 7.2129 eV
E[  3] = -155.4175775069 | 8.9151 eV
E[  4] = -155.3538840279 | 10.6483 eV
E[  5] = -155.3303636853 | 11.2884 eV
E[  6] = -155.2726747279 | 12.8582 eV


CDAS-PT2 extended results:
__________________________________________________________________________________________
 State| E                 | S^2  | weight |      d_x      |      d_y      |      d_z      |
______|___________________|______|________|_______________|_______________|_______________|
    0 |   -155.7452029829 | 0.00 | 1.00   |  2.226476e-11 | -5.571325e-12 | -1.495903e-14 |
    1 |   -155.5131794196 | 0.00 | 1.00   |  1.228022e-10 |  1.801585e-11 | -1.423485e-14 |
    2 |   -155.4801343114 | 0.00 | 1.00   | -3.533125e-11 | -1.746249e-11 | -1.188596e-14 |
    3 |   -155.4175775069 | 0.00 | 0.00   |  3.379232e-11 | -7.990143e-12 | -1.036568e-14 |
    4 |   -155.3538840279 | 0.00 | 0.00   |  2.360060e-11 |  6.767535e-12 | -1.200327e-14 |
    5 |   -155.3303636853 | 0.00 | 0.00   | -1.543629e-12 | -1.714930e-11 | -5.580814e-15 |
    6 |   -155.2726747279 | 0.00 | 0.00   |  2.091383e-11 |  1.297021e-11 | -1.042369e-14 |
______|___________________|______|________________________________________________________|



CDAS-PT(0) Dipole moment:

d[  0,  0] = { 2.226476e-11,-5.571325e-12,-1.495903e-14} |d| = 2.295124e-11
d[  0,  1] = {-2.565659e+00, 3.804533e-01,-1.202123e-15} |d| = 2.593714e+00
d[  0,  2] = {-6.411570e-11, 2.086983e-11,-2.667573e-15} |d| = 6.742680e-11
d[  0,  3] = { 2.630585e-12, 2.824287e-12, 5.087758e-15} |d| = 3.859611e-12
d[  0,  4] = { 1.595006e-11,-1.580151e-11, 2.023604e-15} |d| = 2.245200e-11
d[  0,  5] = { 4.642645e-01,-9.848478e-01, 1.671318e-15} |d| = 1.088791e+00
d[  0,  6] = {-6.805273e-02, 7.352984e-02,-1.446490e-16} |d| = 1.001889e-01

d[  1,  0] = {-2.565659e+00, 3.804533e-01,-1.202123e-15} |d| = 2.593714e+00
d[  1,  1] = { 1.228022e-10, 1.801585e-11,-1.423485e-14} |d| = 1.241166e-10
d[  1,  2] = {-1.236804e+00,-4.129165e-01,-4.394940e-15} |d| = 1.303911e+00
d[  1,  3] = {-4.125772e-01, 4.278660e-02,-5.741247e-16} |d| = 4.147899e-01
d[  1,  4] = { 3.773751e+00,-2.557297e-01, 3.316760e-15} |d| = 3.782406e+00
d[  1,  5] = { 2.960245e-12, 1.643887e-11, 5.294598e-16} |d| = 1.670328e-11
d[  1,  6] = {-5.518847e-12,-6.294522e-12,-4.387508e-15} |d| = 8.371302e-12

d[  2,  0] = {-6.411565e-11, 2.086984e-11,-2.667573e-15} |d| = 6.742675e-11
d[  2,  1] = {-1.236804e+00,-4.129165e-01,-4.394940e-15} |d| = 1.303911e+00
d[  2,  2] = {-3.533125e-11,-1.746249e-11,-1.188596e-14} |d| = 3.941111e-11
d[  2,  3] = {-3.952563e-12, 2.648528e-12, 1.261322e-15} |d| = 4.757884e-12
d[  2,  4] = { 7.837161e-11,-1.103511e-12,-1.884633e-15} |d| = 7.837938e-11
d[  2,  5] = {-2.019212e+00,-3.941898e-01,-4.308157e-15} |d| = 2.057329e+00
d[  2,  6] = {-9.967288e-03, 4.130434e-06, 7.531017e-18} |d| = 9.967289e-03

d[  3,  0] = { 2.631699e-12, 2.824368e-12, 5.087758e-15} |d| = 3.860430e-12
d[  3,  1] = {-4.125772e-01, 4.278660e-02,-5.741247e-16} |d| = 4.147899e-01
d[  3,  2] = {-3.952635e-12, 2.648523e-12, 1.261322e-15} |d| = 4.757940e-12
d[  3,  3] = { 3.379232e-11,-7.990143e-12,-1.036568e-14} |d| = 3.472410e-11
d[  3,  4] = { 4.941531e-12,-3.977748e-12,-1.783958e-15} |d| = 6.343596e-12
d[  3,  5] = { 6.577317e-02,-5.474037e-02,-5.192834e-17} |d| = 8.557229e-02
d[  3,  6] = { 2.440090e+00,-4.566227e-01, 1.748125e-15} |d| = 2.482447e+00

d[  4,  0] = { 1.595010e-11,-1.580151e-11, 2.023604e-15} |d| = 2.245202e-11
d[  4,  1] = { 3.773751e+00,-2.557297e-01, 3.316760e-15} |d| = 3.782406e+00
d[  4,  2] = { 7.837164e-11,-1.103507e-12,-1.884633e-15} |d| = 7.837941e-11
d[  4,  3] = { 4.941527e-12,-3.977748e-12,-1.783958e-15} |d| = 6.343593e-12
d[  4,  4] = { 2.360060e-11, 6.767535e-12,-1.200327e-14} |d| = 2.455174e-11
d[  4,  5] = { 5.598812e-01, 2.564495e-01, 1.245976e-15} |d| = 6.158192e-01
d[  4,  6] = { 4.758295e-02,-5.792293e-02,-3.162849e-16} |d| = 7.496135e-02

d[  5,  0] = { 4.642645e-01,-9.848478e-01, 1.671318e-15} |d| = 1.088791e+00
d[  5,  1] = { 2.960184e-12, 1.643887e-11, 5.294598e-16} |d| = 1.670327e-11
d[  5,  2] = {-2.019212e+00,-3.941898e-01,-4.308157e-15} |d| = 2.057329e+00
d[  5,  3] = { 6.577317e-02,-5.474037e-02,-5.192834e-17} |d| = 8.557229e-02
d[  5,  4] = { 5.598812e-01, 2.564495e-01, 1.245976e-15} |d| = 6.158192e-01
d[  5,  5] = {-1.543629e-12,-1.714930e-11,-5.580814e-15} |d| = 1.721863e-11
d[  5,  6] = {-1.090518e-11, 1.182020e-12, 8.090789e-16} |d| = 1.096905e-11

d[  6,  0] = {-6.805273e-02, 7.352984e-02,-1.446490e-16} |d| = 1.001889e-01
d[  6,  1] = {-5.519525e-12,-6.294571e-12,-4.387508e-15} |d| = 8.371786e-12
d[  6,  2] = {-9.967288e-03, 4.130434e-06, 7.531017e-18} |d| = 9.967289e-03
d[  6,  3] = { 2.440090e+00,-4.566227e-01, 1.748125e-15} |d| = 2.482447e+00
d[  6,  4] = { 4.758295e-02,-5.792293e-02,-3.162849e-16} |d| = 7.496135e-02
d[  6,  5] = {-1.090517e-11, 1.182020e-12, 8.090789e-16} |d| = 1.096905e-11
d[  6,  6] = { 2.091383e-11, 1.297021e-11,-1.042369e-14} |d| = 2.460925e-11




CDAS-PT(0) Electron dispersion:

State 0:
<x2> =  2.599466e+02
<y2> =  5.208833e+01
<z2> =  2.162647e+01

State 1:
<x2> =  2.617388e+02
<y2> =  5.222656e+01
<z2> =  2.178523e+01

State 2:
<x2> =  2.617717e+02
<y2> =  5.242628e+01
<z2> =  2.167052e+01

State 3:
<x2> =  2.609963e+02
<y2> =  5.248870e+01
<z2> =  2.153606e+01

State 4:
<x2> =  2.626038e+02
<y2> =  5.244765e+01
<z2> =  2.178909e+01

State 5:
<x2> =  2.615474e+02
<y2> =  5.269989e+01
<z2> =  2.132651e+01

State 6:
<x2> =  2.621312e+02
<y2> =  5.263365e+01
<z2> =  2.169997e+01




CDAS-PT(0) Quadrupole moment:

Q[  0,  0] = { 2.599466e+02,-7.434785e-01, 1.451685e-14 
              -7.434785e-01, 5.208833e+01, 2.058775e-15 
               1.451685e-14, 2.058775e-15, 2.162647e+01}
Q[  0,  1] = { 2.335884e-11, 1.703778e-11, 1.135936e-14 
               1.703778e-11, 7.445166e-13,-3.391246e-15 
               1.135936e-14,-3.391246e-15,-3.663980e-12}
Q[  0,  2] = {-3.004864e-01,-5.144844e-01, 1.171079e-14 
              -5.144844e-01,-6.887733e-02,-1.875365e-16 
               1.171079e-14,-1.875365e-16, 9.123298e-02}
Q[  0,  3] = { 9.588417e+00,-1.668877e+00, 9.810254e-15 
              -1.668877e+00,-4.168447e-01,-3.256245e-15 
               9.810254e-15,-3.256245e-15, 2.024099e-01}
Q[  0,  4] = { 1.169486e+00, 3.339868e-03,-6.572840e-15 
               3.339868e-03, 5.976806e-02,-3.508843e-16 
              -6.572840e-15,-3.508843e-16,-6.306077e-04}
Q[  0,  5] = { 6.924304e-12,-7.588936e-12,-7.920424e-16 
              -7.588936e-12,-2.010842e-12, 1.391890e-14 
              -7.920424e-16, 1.391890e-14, 2.368152e-12}
Q[  0,  6] = {-3.586456e-11, 4.707477e-12,-5.486531e-15 
               4.707477e-12, 1.173460e-12,-2.759461e-16 
              -5.486531e-15,-2.759461e-16,-6.067007e-13}

Q[  1,  0] = { 2.336047e-11, 1.703762e-11, 1.135936e-14 
               1.703762e-11, 7.442281e-13,-3.391246e-15 
               1.135936e-14,-3.391246e-15,-3.664312e-12}
Q[  1,  1] = { 2.617388e+02,-1.398097e+00, 1.017416e-14 
              -1.398097e+00, 5.222656e+01, 1.615460e-15 
               1.017416e-14, 1.615460e-15, 2.178523e+01}
Q[  1,  2] = {-1.136326e-12,-3.763354e-12, 1.121631e-14 
              -3.763354e-12,-6.148880e-12, 5.191256e-15 
               1.121631e-14, 5.191256e-15, 3.861813e-12}
Q[  1,  3] = { 4.675099e-11,-3.267302e-12,-1.127690e-14 
              -3.267302e-12,-6.437199e-12, 1.319563e-15 
              -1.127690e-14, 1.319563e-15, 4.121233e-12}
Q[  1,  4] = {-3.965501e-11, 1.128351e-11,-1.960214e-14 
               1.128351e-11, 4.910335e-12, 1.406093e-15 
              -1.960214e-14, 1.406093e-15,-2.971377e-12}
Q[  1,  5] = {-4.630223e-01, 1.871027e-01,-2.190468e-15 
               1.871027e-01, 5.891267e-02,-8.542370e-17 
              -2.190468e-15,-8.542370e-17,-4.091715e-02}
Q[  1,  6] = {-8.536346e+00, 1.434587e+00,-7.261937e-15 
               1.434587e+00, 3.718132e-01, 2.341262e-15 
              -7.261937e-15, 2.341262e-15,-1.922191e-01}

Q[  2,  0] = {-3.004864e-01,-5.144844e-01, 1.171079e-14 
              -5.144844e-01,-6.887733e-02,-1.875365e-16 
               1.171079e-14,-1.875365e-16, 9.123298e-02}
Q[  2,  1] = {-1.136715e-12,-3.763426e-12, 1.121631e-14 
              -3.763426e-12,-6.148842e-12, 5.191256e-15 
               1.121631e-14, 5.191256e-15, 3.861569e-12}
Q[  2,  2] = { 2.617717e+02,-1.569585e+00, 2.198859e-14 
              -1.569585e+00, 5.242628e+01,-1.600723e-15 
               2.198859e-14,-1.600723e-15, 2.167052e+01}
Q[  2,  3] = {-2.686810e+00, 3.154260e-01, 2.415187e-15 
               3.154260e-01, 2.441022e-01,-3.347864e-15 
               2.415187e-15,-3.347864e-15,-1.902433e-01}
Q[  2,  4] = { 2.152892e-01,-4.189627e-01,-1.049225e-15 
              -4.189627e-01,-9.783346e-03, 8.074665e-16 
              -1.049225e-15, 8.074665e-16, 1.438046e-01}
Q[  2,  5] = {-1.423531e-11, 1.438066e-12, 1.320506e-14 
               1.438066e-12,-4.657618e-14, 5.854078e-15 
               1.320506e-14, 5.854078e-15,-1.852985e-12}
Q[  2,  6] = {-1.622584e-10, 3.164053e-11,-4.000606e-15 
               3.164053e-11, 5.906997e-12, 5.349984e-16 
              -4.000606e-15, 5.349984e-16,-3.818305e-12}

Q[  3,  0] = { 9.588417e+00,-1.668877e+00, 9.810254e-15 
              -1.668877e+00,-4.168447e-01,-3.256245e-15 
               9.810254e-15,-3.256245e-15, 2.024099e-01}
Q[  3,  1] = { 4.675110e-11,-3.267437e-12,-1.127690e-14 
              -3.267437e-12,-6.437305e-12, 1.319563e-15 
              -1.127690e-14, 1.319563e-15, 4.120846e-12}
Q[  3,  2] = {-2.686810e+00, 3.154260e-01, 2.415187e-15 
               3.154260e-01, 2.441022e-01,-3.347864e-15 
               2.415187e-15,-3.347864e-15,-1.902433e-01}
Q[  3,  3] = { 2.609963e+02,-1.204563e+00, 2.198065e-14 
              -1.204563e+00, 5.248870e+01,-2.800812e-15 
               2.198065e-14,-2.800812e-15, 2.153606e+01}
Q[  3,  4] = {-1.193127e+00, 3.215531e-01,-3.138284e-15 
               3.215531e-01,-1.712484e-02, 2.404593e-15 
              -3.138284e-15, 2.404593e-15, 2.421697e-02}
Q[  3,  5] = { 1.504984e-12,-5.277621e-12, 1.486742e-14 
              -5.277621e-12, 1.526538e-12,-1.254256e-15 
               1.486742e-14,-1.254256e-15,-2.512276e-13}
Q[  3,  6] = {-1.656025e-11,-6.859262e-12,-1.076391e-14 
              -6.859262e-12, 2.559002e-12, 4.728311e-15 
              -1.076391e-14, 4.728311e-15, 2.077465e-12}

Q[  4,  0] = { 1.169486e+00, 3.339868e-03,-6.572840e-15 
               3.339868e-03, 5.976806e-02,-3.508843e-16 
              -6.572840e-15,-3.508843e-16,-6.306077e-04}
Q[  4,  1] = {-3.965602e-11, 1.128371e-11,-1.960214e-14 
               1.128371e-11, 4.910541e-12, 1.406093e-15 
              -1.960214e-14, 1.406093e-15,-2.971098e-12}
Q[  4,  2] = { 2.152892e-01,-4.189627e-01,-1.049225e-15 
              -4.189627e-01,-9.783346e-03, 8.074665e-16 
              -1.049225e-15, 8.074665e-16, 1.438046e-01}
Q[  4,  3] = {-1.193127e+00, 3.215531e-01,-3.138284e-15 
               3.215531e-01,-1.712484e-02, 2.404593e-15 
              -3.138284e-15, 2.404593e-15, 2.421697e-02}
Q[  4,  4] = { 2.626038e+02,-1.662130e+00, 1.002066e-14 
              -1.662130e+00, 5.244765e+01,-1.953170e-17 
               1.002066e-14,-1.953170e-17, 2.178909e+01}
Q[  4,  5] = {-2.874296e-12, 1.057305e-11,-4.326226e-15 
               1.057305e-11, 3.607658e-12,-3.629047e-15 
              -4.326226e-15,-3.629047e-15,-5.691482e-12}
Q[  4,  6] = { 9.067478e-11,-2.109328e-11,-1.884834e-14 
              -2.109328e-11,-4.890083e-12, 3.119923e-15 
              -1.884834e-14, 3.119923e-15, 2.698078e-12}

Q[  5,  0] = { 6.923054e-12,-7.588858e-12,-7.920424e-16 
              -7.588858e-12,-2.010669e-12, 1.391890e-14 
              -7.920424e-16, 1.391890e-14, 2.369860e-12}
Q[  5,  1] = {-4.630223e-01, 1.871027e-01,-2.190468e-15 
               1.871027e-01, 5.891267e-02,-8.542370e-17 
              -2.190468e-15,-8.542370e-17,-4.091715e-02}
Q[  5,  2] = {-1.423544e-11, 1.437893e-12, 1.320506e-14 
               1.437893e-12,-4.662011e-14, 5.854078e-15 
               1.320506e-14, 5.854078e-15,-1.852993e-12}
Q[  5,  3] = { 1.504917e-12,-5.277522e-12, 1.486742e-14 
              -5.277522e-12, 1.526623e-12,-1.254256e-15 
               1.486742e-14,-1.254256e-15,-2.509479e-13}
Q[  5,  4] = {-2.874250e-12, 1.057307e-11,-4.326226e-15 
               1.057307e-11, 3.607658e-12,-3.629047e-15 
              -4.326226e-15,-3.629047e-15,-5.691437e-12}
Q[  5,  5] = { 2.615474e+02,-9.369546e-01, 2.605631e-14 
              -9.369546e-01, 5.269989e+01,-6.026685e-15 
               2.605631e-14,-6.026685e-15, 2.132651e+01}
Q[  5,  6] = { 9.423387e-01,-2.567178e-01, 1.634910e-15 
              -2.567178e-01,-1.105554e-02,-1.146409e-15 
               1.634910e-15,-1.146409e-15, 1.217307e-02}

Q[  6,  0] = {-3.586444e-11, 4.707468e-12,-5.486531e-15 
               4.707468e-12, 1.173443e-12,-2.759461e-16 
              -5.486531e-15,-2.759461e-16,-6.068164e-13}
Q[  6,  1] = {-8.536346e+00, 1.434587e+00,-7.261937e-15 
               1.434587e+00, 3.718132e-01, 2.341262e-15 
              -7.261937e-15, 2.341262e-15,-1.922191e-01}
Q[  6,  2] = {-1.622584e-10, 3.164043e-11,-4.000606e-15 
               3.164043e-11, 5.906910e-12, 5.349984e-16 
              -4.000606e-15, 5.349984e-16,-3.818599e-12}
Q[  6,  3] = {-1.656126e-11,-6.859176e-12,-1.076391e-14 
              -6.859176e-12, 2.559178e-12, 4.728311e-15 
              -1.076391e-14, 4.728311e-15, 2.077621e-12}
Q[  6,  4] = { 9.067477e-11,-2.109339e-11,-1.884834e-14 
              -2.109339e-11,-4.890161e-12, 3.119923e-15 
              -1.884834e-14, 3.119923e-15, 2.697761e-12}
Q[  6,  5] = { 9.423387e-01,-2.567178e-01, 1.634910e-15 
              -2.567178e-01,-1.105554e-02,-1.146409e-15 
               1.634910e-15,-1.146409e-15, 1.217307e-02}
Q[  6,  6] = { 2.621312e+02,-1.753339e+00, 1.698996e-14 
              -1.753339e+00, 5.263365e+01,-2.559921e-15 
               1.698996e-14,-2.559921e-15, 2.169997e+01}




CDAS-PT(0) Mulliken charges:

State 0 charges:
c(C ) =-3.55836e-01
c(C ) =-3.55836e-01
c(C ) =-8.65266e-02
c(C ) =-8.65266e-02
c(H ) = 1.40489e-01
c(H ) = 1.40489e-01
c(H ) = 1.47593e-01
c(H ) = 1.47593e-01
c(H ) = 1.54281e-01
c(H ) = 1.54281e-01

State 1 charges:
c(C ) =-3.66664e-01
c(C ) =-3.66664e-01
c(C ) =-7.14749e-02
c(C ) =-7.14749e-02
c(H ) = 1.39157e-01
c(H ) = 1.39157e-01
c(H ) = 1.45289e-01
c(H ) = 1.45289e-01
c(H ) = 1.53693e-01
c(H ) = 1.53693e-01

State 2 charges:
c(C ) =-3.38491e-01
c(C ) =-3.38491e-01
c(C ) =-9.84612e-02
c(C ) =-9.84612e-02
c(H ) = 1.38718e-01
c(H ) = 1.38718e-01
c(H ) = 1.45586e-01
c(H ) = 1.45586e-01
c(H ) = 1.52647e-01
c(H ) = 1.52647e-01

State 3 charges:
c(C ) =-3.31222e-01
c(C ) =-3.31222e-01
c(C ) =-1.07014e-01
c(C ) =-1.07014e-01
c(H ) = 1.39205e-01
c(H ) = 1.39205e-01
c(H ) = 1.46672e-01
c(H ) = 1.46672e-01
c(H ) = 1.52360e-01
c(H ) = 1.52360e-01

State 4 charges:
c(C ) =-3.48425e-01
c(C ) =-3.48425e-01
c(C ) =-8.68428e-02
c(C ) =-8.68428e-02
c(H ) = 1.38468e-01
c(H ) = 1.38468e-01
c(H ) = 1.44167e-01
c(H ) = 1.44167e-01
c(H ) = 1.52633e-01
c(H ) = 1.52633e-01

State 5 charges:
c(C ) =-3.48906e-01
c(C ) =-3.48906e-01
c(C ) =-8.88276e-02
c(C ) =-8.88276e-02
c(H ) = 1.38972e-01
c(H ) = 1.38972e-01
c(H ) = 1.46977e-01
c(H ) = 1.46977e-01
c(H ) = 1.51785e-01
c(H ) = 1.51785e-01

State 6 charges:
c(C ) =-3.07779e-01
c(C ) =-3.07779e-01
c(C ) =-1.26662e-01
c(C ) =-1.26662e-01
c(H ) = 1.38319e-01
c(H ) = 1.38319e-01
c(H ) = 1.44640e-01
c(H ) = 1.44640e-01
c(H ) = 1.51483e-01
c(H ) = 1.51483e-01
PT1 dipole moment - d(1):

calculation of 1st order correction of one-electron property (dipole moment d(1)):
Time to step -    0.04185
Full time    -    3.81978
calculation of first order properties:
Time to step -    0.00036
Full time    -    3.82014
calculation of 1st order correction of one-electron property (dipole moment d(1)):
Time to step -    0.00396
Full time    -    3.82410
calculation of first order properties:
Time to step -    0.00026
Full time    -    3.82435
calculation of 1st order correction of one-electron property (dipole moment d(1)):
Time to step -    0.00381
Full time    -    3.82817
calculation of first order properties:
Time to step -    0.00025
Full time    -    3.82842



Dipole CDAS(0+1):

d[  0,  0] = { 3.066241e-11, 4.238487e-13,-3.862257e-14} |d| = 3.066537e-11
d[  0,  1] = {-2.342990e+00, 2.629152e-01, 5.126996e-16} |d| = 2.357695e+00
d[  0,  2] = {-5.992255e-11, 1.396590e-11, 1.832730e-15} |d| = 6.152851e-11
d[  0,  3] = { 4.731114e-13, 2.326274e-12, 4.017183e-17} |d| = 2.373896e-12
d[  0,  4] = { 1.704903e-11,-1.178810e-11, 1.248912e-15} |d| = 2.072748e-11
d[  0,  5] = { 4.692780e-01,-7.660054e-01, 1.356435e-14} |d| = 8.983240e-01
d[  0,  6] = {-4.883709e-02, 6.070563e-02,-3.808431e-15} |d| = 7.791172e-02

d[  1,  0] = {-2.342990e+00, 2.629152e-01, 5.126996e-16} |d| = 2.357695e+00
d[  1,  1] = { 1.159213e-10, 1.539994e-11,-3.909106e-14} |d| = 1.169398e-10
d[  1,  2] = {-1.082290e+00,-2.659025e-01, 4.660953e-15} |d| = 1.114476e+00
d[  1,  3] = {-3.975619e-01, 4.853937e-02,-3.608415e-15} |d| = 4.005141e-01
d[  1,  4] = { 3.274650e+00,-1.637137e-01,-4.996519e-15} |d| = 3.278740e+00
d[  1,  5] = { 4.011245e-12, 9.874085e-12, 6.749679e-16} |d| = 1.065775e-11
d[  1,  6] = {-3.374090e-12,-2.679125e-12, 4.036528e-16} |d| = 4.308387e-12

d[  2,  0] = {-5.992249e-11, 1.396591e-11, 1.832730e-15} |d| = 6.152846e-11
d[  2,  1] = {-1.082290e+00,-2.659025e-01, 4.660953e-15} |d| = 1.114476e+00
d[  2,  2] = {-1.908679e-11,-7.770622e-12,-3.518153e-14} |d| = 2.060800e-11
d[  2,  3] = {-3.355044e-12, 2.002950e-12, 1.558415e-16} |d| = 3.907446e-12
d[  2,  4] = { 6.679460e-11,-6.543872e-13, 2.619407e-15} |d| = 6.679781e-11
d[  2,  5] = {-1.808623e+00,-2.469622e-01, 5.878645e-15} |d| = 1.825406e+00
d[  2,  6] = {-1.185603e-02,-2.409904e-02,-1.441301e-16} |d| = 2.685757e-02

d[  3,  0] = { 4.742260e-13, 2.326355e-12, 4.017183e-17} |d| = 2.374198e-12
d[  3,  1] = {-3.975619e-01, 4.853937e-02,-3.608415e-15} |d| = 4.005141e-01
d[  3,  2] = {-3.355116e-12, 2.002945e-12, 1.558415e-16} |d| = 3.907505e-12
d[  3,  3] = { 4.050369e-11,-7.894234e-13,-3.859048e-14} |d| = 4.051140e-11
d[  3,  4] = { 4.376607e-12,-1.710637e-12, 5.407383e-16} |d| = 4.699039e-12
d[  3,  5] = { 7.622898e-02,-5.266870e-02, 5.211264e-15} |d| = 9.265446e-02
d[  3,  6] = { 2.068018e+00,-2.694180e-01,-1.166449e-16} |d| = 2.085494e+00

d[  4,  0] = { 1.704907e-11,-1.178810e-11, 1.248912e-15} |d| = 2.072752e-11
d[  4,  1] = { 3.274650e+00,-1.637137e-01,-4.996519e-15} |d| = 3.278740e+00
d[  4,  2] = { 6.679463e-11,-6.543838e-13, 2.619407e-15} |d| = 6.679784e-11
d[  4,  3] = { 4.376603e-12,-1.710638e-12, 5.407383e-16} |d| = 4.699036e-12
d[  4,  4] = { 3.226734e-11, 8.405357e-12,-3.943704e-14} |d| = 3.334416e-11
d[  4,  5] = { 4.708975e-01, 1.239654e-01,-3.439199e-15} |d| = 4.869414e-01
d[  4,  6] = {-4.649890e-03, 2.844573e-02,-6.871040e-15} |d| = 2.882327e-02

d[  5,  0] = { 4.692780e-01,-7.660054e-01, 1.356435e-14} |d| = 8.983240e-01
d[  5,  1] = { 4.011184e-12, 9.874080e-12, 6.749679e-16} |d| = 1.065772e-11
d[  5,  2] = {-1.808623e+00,-2.469622e-01, 5.878645e-15} |d| = 1.825406e+00
d[  5,  3] = { 7.622898e-02,-5.266870e-02, 5.211264e-15} |d| = 9.265446e-02
d[  5,  4] = { 4.708975e-01, 1.239654e-01,-3.439199e-15} |d| = 4.869414e-01
d[  5,  5] = { 1.071723e-11,-6.119811e-12,-3.708457e-14} |d| = 1.234150e-11
d[  5,  6] = {-9.037288e-12, 3.894309e-13,-5.046647e-16} |d| = 9.045675e-12

d[  6,  0] = {-4.883709e-02, 6.070563e-02,-3.808431e-15} |d| = 7.791172e-02
d[  6,  1] = {-3.374768e-12,-2.679174e-12, 4.036528e-16} |d| = 4.308948e-12
d[  6,  2] = {-1.185603e-02,-2.409904e-02,-1.441301e-16} |d| = 2.685757e-02
d[  6,  3] = { 2.068018e+00,-2.694180e-01,-1.166449e-16} |d| = 2.085494e+00
d[  6,  4] = {-4.649890e-03, 2.844573e-02,-6.871040e-15} |d| = 2.882327e-02
d[  6,  5] = {-9.037282e-12, 3.894314e-13,-5.046647e-16} |d| = 9.045669e-12
d[  6,  6] = { 3.103374e-11, 1.054636e-11,-3.650515e-14} |d| = 3.277683e-11


_______________________________________________________________________


CDAS-PT2:
Time to step -    0.00020
Full time    -    3.82861


Calculation finished at: 13:28 (EEST), 23 September 2026 (Wednesday).
