
NonOrtogonal quantum chemistry and Perturbation Theory
                  NOPT version 3.4.2


sQM - standart QM module.

Compilation options:
1) linear algebra package - OpenBLAS
2) non-parallel BLAS matrix multiplication in the OMP parallel cycles
3) build git commit e98f7e25e79f

selected command  line options:
-i           ferrocene_cas.inp	 input file

Calculation started at: 16:24 (EEST), 22 September 2026 (Tuesday).

_______________________________________________________________________

Input file:

   0: $PAR NUM_THREADS=16 N_MOL=1 RHF=0 MP2=0 CAS=1 D5=1 RI=1 NAME=ferrocene $PAREND
   1: $MOL
   2: _CHARGE=0;
   3: _BASIS=cc-pvtz;
   4: _RI_BASIS=def2-universal-jkfit,; 
   5: _UNITS= ang;
   6: _xyz
   7:   21
   8:   Ferrocene (Sayfutyarova et al. JCTC 2017)
   9:   Fe 0.000000 0.000000 0.000000
  10:   C -0.713500 -0.982049 -1.648000
  11:   C 0.713500 -0.982049 -1.648000
  12:   C 1.154467 0.375109 -1.648000
  13:   C 0.000000 1.213879 -1.648000
  14:   C -1.154467 0.375109 -1.648000
  15:   H -1.347694 -1.854942 -1.638208
  16:   H 1.347694 -1.854942 -1.638208
  17:   H 2.180615 0.708525 -1.638208
  18:   H 0.000000 2.292835 -1.638208
  19:   H -2.180615 0.708525 -1.638208
  20:   C -0.713500 -0.982049 1.648000
  21:   C -1.154467 0.375109 1.648000
  22:   C 0.000000 1.213879 1.648000
  23:   C 1.154467 0.375109 1.648000
  24:   C 0.713500 -0.982049 1.648000
  25:   H -1.347694 -1.854942 1.638208
  26:   H -2.180615 0.708525 1.638208
  27:   H 0.000000 2.292835 1.638208
  28:   H 2.180615 0.708525 1.638208
  29:   H 1.347694 -1.854942 1.638208
  30: $END
  31: $act_space n_alp=5 n_bet=5 n_val=7 mult=1 $end
  32: _MO INP=ferrocene_RHF.orb
  33: $CAS n_s=7 w_state=all_1; cisolver=aldet maxit=50 dE=1e-12 grad=1e-6 $END
  34: $AVAS atoms=1; shells=3d; $END
  35: $DAV dr=1E-12 de=1e-10 $end
_______________________________________________________________________



_____________________________Input_summary_____________________________


Number of threads:  16

Job name: ferrocene

Methods:
Restricted Hartree-Fock                          -     no 
Complete Active Space SCF                        -     yes
eXtended MultiConfiguration QuasiDegenerate PT   -     no 
Complete Degenerate Active Space PT              -     no 
Second order Moller-Plesset PT                   -     no 
State-specific DSRG-PT2                          -     no 
Settings:
D5                                               -     yes
Resolution of Identity                           -     yes
Spin-orbit                                       -     no 
Symmetry point group                             -     no(C1)
Printing:
dipole moment                                    -     yes
electron dispersion                              -     no 
quadrupole moment                                -     no 
Mulliken charges                                 -     no 
_______________________________________________________________________


Reading molecule:
-----------------------------------------------------------------------

WARNING: read_cl is blocked in the 3.0 version

                      units    = ang
                      charge   = 0
                      basis    = cc-pvtz (library)
                      RI basis = def2-universal-jkfit (library)
                      included   ferrocene_RHF.orb (orbitals)
_______________________________________________________________________

Molecule structure (a.u.):
 ________________________________________________________________________________________
| Atom |    C    |     X     |     Y     |     Z     |   n_ecp   |     q     |    type   |
| _____|_________|___________|___________|___________|___________|___________|___________|
|  Fe  |    26   |     0.000 |     0.000 |     0.000 |           |           |    real   |
|  C   |     6   |    -1.348 |    -1.856 |    -3.114 |           |           |    real   |
|  C   |     6   |     1.348 |    -1.856 |    -3.114 |           |           |    real   |
|  C   |     6   |     2.182 |     0.709 |    -3.114 |           |           |    real   |
|  C   |     6   |     0.000 |     2.294 |    -3.114 |           |           |    real   |
|  C   |     6   |    -2.182 |     0.709 |    -3.114 |           |           |    real   |
|  H   |     1   |    -2.547 |    -3.505 |    -3.096 |           |           |    real   |
|  H   |     1   |     2.547 |    -3.505 |    -3.096 |           |           |    real   |
|  H   |     1   |     4.121 |     1.339 |    -3.096 |           |           |    real   |
|  H   |     1   |     0.000 |     4.333 |    -3.096 |           |           |    real   |
|  H   |     1   |    -4.121 |     1.339 |    -3.096 |           |           |    real   |
|  C   |     6   |    -1.348 |    -1.856 |     3.114 |           |           |    real   |
|  C   |     6   |    -2.182 |     0.709 |     3.114 |           |           |    real   |
|  C   |     6   |     0.000 |     2.294 |     3.114 |           |           |    real   |
|  C   |     6   |     2.182 |     0.709 |     3.114 |           |           |    real   |
|  C   |     6   |     1.348 |    -1.856 |     3.114 |           |           |    real   |
|  H   |     1   |    -2.547 |    -3.505 |     3.096 |           |           |    real   |
|  H   |     1   |    -4.121 |     1.339 |     3.096 |           |           |    real   |
|  H   |     1   |     0.000 |     4.333 |     3.096 |           |           |    real   |
|  H   |     1   |     4.121 |     1.339 |     3.096 |           |           |    real   |
|  H   |     1   |     2.547 |    -3.505 |     3.096 |           |           |    real   |
| _____|_________|___________|___________|___________|___________|___________|___________|

Molecule contains 96 electrons

C - nuclear charge (a.u.)
q - additional (partial) charge (a.u.)
n_ecp - number of electrons frozen by ECP
X,Y,Z - cartesian coordinates (Bohr)



 Basis set information:

 ____________________________________________________________________________________
|     Atom     |    L    |       alpha       |         c         |       c(lib)      |
|______________|_________|___________________|___________________|___________________|
|   Fe(  0)    |         |                   |                   |                   |
|              |     0   |    4316265.000000 |          0.543216 |          0.000008 |
|              |         |     646342.400000 |          1.016749 |          0.000063 |
|              |         |     147089.700000 |          1.761263 |          0.000329 |
|              |         |      41661.520000 |          2.883361 |          0.001387 |
|              |         |      13590.770000 |          4.506386 |          0.005023 |
|              |         |       4905.750000 |          6.726711 |          0.016101 |
|              |         |       1912.746000 |          9.461695 |          0.045900 |
|              |         |        792.604300 |         12.095939 |          0.113615 |
|              |         |        344.806500 |         13.024553 |          0.228387 |
|              |         |        155.899900 |         10.128767 |          0.322116 |
|              |         |         72.230910 |          4.209174 |          0.238366 |
|              |         |         32.725060 |          0.722064 |          0.074047 |
|              |         |         15.667620 |          0.517154 |          0.092142 |
|              |         |          7.503483 |          0.301783 |          0.093398 |
|              |         |          3.312223 |          0.027542 |          0.015740 |
|              |         |          1.558471 |         -0.000416 |         -0.000419 |
|              |         |          0.683914 |          0.000029 |          0.000054 |
|              |         |          0.146757 |         -0.000006 |         -0.000038 |
|              |         |          0.070583 |          0.000004 |          0.000043 |
|              |---------|-------------------|-------------------|-------------------|
|              |     0   |    4316265.000000 |         -0.280485 |         -0.000004 |
|              |         |     646342.400000 |         -0.524984 |         -0.000032 |
|              |         |     147089.700000 |         -0.909751 |         -0.000170 |
|              |         |      41661.520000 |         -1.490430 |         -0.000717 |
|              |         |      13590.770000 |         -2.335715 |         -0.002604 |
|              |         |       4905.750000 |         -3.508897 |         -0.008399 |
|              |         |       1912.746000 |         -5.017545 |         -0.024341 |
|              |         |        792.604300 |         -6.656041 |         -0.062519 |
|              |         |        344.806500 |         -7.789651 |         -0.136593 |
|              |         |        155.899900 |         -7.272158 |         -0.231271 |
|              |         |         72.230910 |         -4.209286 |         -0.238373 |
|              |         |         32.725060 |          0.304619 |          0.031238 |
|              |         |         15.667620 |          2.855004 |          0.508682 |
|              |         |          7.503483 |          1.611593 |          0.498769 |
|              |         |          3.312223 |          0.158073 |          0.090336 |
|              |         |          1.558471 |         -0.005970 |         -0.006005 |
|              |         |          0.683914 |          0.000124 |          0.000231 |
|              |         |          0.146757 |         -0.000095 |         -0.000564 |
|              |         |          0.070583 |          0.000049 |          0.000499 |
|              |---------|-------------------|-------------------|-------------------|
|              |     0   |    4316265.000000 |          0.064381 |          0.000001 |
|              |         |     646342.400000 |          0.120550 |          0.000007 |
|              |         |     147089.700000 |          0.208836 |          0.000039 |
|              |         |      41661.520000 |          0.342585 |          0.000165 |
|              |         |      13590.770000 |          0.537405 |          0.000599 |
|              |         |       4905.750000 |          0.812080 |          0.001942 |
|              |         |       1912.746000 |          1.173216 |          0.005687 |
|              |         |        792.604300 |          1.599564 |          0.015013 |
|              |         |        344.806500 |          1.970349 |          0.034525 |
|              |         |        155.899900 |          2.044099 |          0.064958 |
|              |         |         72.230910 |          1.363575 |          0.077162 |
|              |         |         32.725060 |         -0.182821 |         -0.018734 |
|              |         |         15.667620 |         -1.690187 |         -0.300918 |
|              |         |          7.503483 |         -1.472776 |         -0.455466 |
|              |         |          3.312223 |          0.225279 |          0.128646 |
|              |         |          1.558471 |          0.714632 |          0.718332 |
|              |         |          0.683914 |          0.217333 |          0.405174 |
|              |         |          0.146757 |          0.003667 |          0.021682 |
|              |         |          0.070583 |         -0.000815 |         -0.008344 |
|              |---------|-------------------|-------------------|-------------------|
|              |     0   |    4316265.000000 |         -0.018800 |         -0.000000 |
|              |         |     646342.400000 |         -0.035190 |         -0.000002 |
|              |         |     147089.700000 |         -0.060991 |         -0.000008 |
|              |         |      41661.520000 |         -0.099989 |         -0.000036 |
|              |         |      13590.770000 |         -0.156984 |         -0.000130 |
|              |         |       4905.750000 |         -0.237003 |         -0.000420 |
|              |         |       1912.746000 |         -0.342890 |         -0.001232 |
|              |         |        792.604300 |         -0.467034 |         -0.003249 |
|              |         |        344.806500 |         -0.577027 |         -0.007494 |
|              |         |        155.899900 |         -0.598690 |         -0.014101 |
|              |         |         72.230910 |         -0.403327 |         -0.016916 |
|              |         |         32.725060 |          0.055550 |          0.004219 |
|              |         |         15.667620 |          0.517884 |          0.068338 |
|              |         |          7.503483 |          0.479122 |          0.109820 |
|              |         |          3.312223 |         -0.094720 |         -0.040090 |
|              |         |          1.558471 |         -0.291910 |         -0.217474 |
|              |         |          0.683914 |         -0.178406 |         -0.246513 |
|              |         |          0.146757 |          0.062324 |          0.273143 |
|              |         |          0.070583 |          0.075750 |          0.574832 |
|              |---------|-------------------|-------------------|-------------------|
|              |     0   |    4316265.000000 |         -0.027305 |         -0.000000 |
|              |         |     646342.400000 |         -0.052284 |         -0.000003 |
|              |         |     147089.700000 |         -0.087672 |         -0.000016 |
|              |         |      41661.520000 |         -0.150115 |         -0.000072 |
|              |         |      13590.770000 |         -0.223050 |         -0.000246 |
|              |         |       4905.750000 |         -0.360224 |         -0.000854 |
|              |         |       1912.746000 |         -0.479996 |         -0.002308 |
|              |         |        792.604300 |         -0.722825 |         -0.006728 |
|              |         |        344.806500 |         -0.786177 |         -0.013662 |
|              |         |        155.899900 |         -0.971649 |         -0.030622 |
|              |         |         72.230910 |         -0.468837 |         -0.026311 |
|              |         |         32.725060 |         -0.096040 |         -0.009760 |
|              |         |         15.667620 |          1.020517 |          0.180191 |
|              |         |          7.503483 |          0.498736 |          0.152963 |
|              |         |          3.312223 |          0.097211 |          0.055054 |
|              |         |          1.558471 |         -0.958132 |         -0.955136 |
|              |         |          0.683914 |          0.139911 |          0.258681 |
|              |         |          0.146757 |          0.312749 |          1.834049 |
|              |         |          0.070583 |         -0.091916 |         -0.933324 |
|              |---------|-------------------|-------------------|-------------------|
|              |     0   |    4316265.000000 |         -0.027220 |         -0.000001 |
|              |         |     646342.400000 |         -0.052374 |         -0.000006 |
|              |         |     147089.700000 |         -0.087203 |         -0.000028 |
|              |         |      41661.520000 |         -0.150702 |         -0.000125 |
|              |         |      13590.770000 |         -0.221305 |         -0.000426 |
|              |         |       4905.750000 |         -0.362591 |         -0.001499 |
|              |         |       1912.746000 |         -0.474894 |         -0.003979 |
|              |         |        792.604300 |         -0.730855 |         -0.011857 |
|              |         |        344.806500 |         -0.774844 |         -0.023467 |
|              |         |        155.899900 |         -0.995430 |         -0.054677 |
|              |         |         72.230910 |         -0.449214 |         -0.043938 |
|              |         |         32.725060 |         -0.134151 |         -0.023761 |
|              |         |         15.667620 |          1.116517 |          0.343593 |
|              |         |          7.503483 |          0.597323 |          0.319296 |
|              |         |          3.312223 |         -0.136082 |         -0.134321 |
|              |         |          1.558471 |         -1.278337 |         -2.221020 |
|              |         |          0.683914 |          0.797896 |          2.571142 |
|              |         |          0.146757 |         -0.022429 |         -0.229240 |
|              |         |          0.070583 |         -0.103544 |         -1.832452 |
|              |---------|-------------------|-------------------|-------------------|
|              |     0   |          0.031449 |          0.053225 |          1.000000 |
|              |---------|-------------------|-------------------|-------------------|
|              |     1   |      17745.690000 |         11.969883 |          0.000041 |
|              |         |       4200.721000 |         17.787754 |          0.000369 |
|              |         |       1364.429000 |         25.165426 |          0.002129 |
|              |         |        522.080600 |         33.327683 |          0.009369 |
|              |         |        221.459500 |         40.303844 |          0.033097 |
|              |         |        100.909600 |         43.049701 |          0.094431 |
|              |         |         48.401150 |         37.864622 |          0.208077 |
|              |         |         23.985360 |         25.144686 |          0.332333 |
|              |         |         12.182500 |         10.802835 |          0.332987 |
|              |         |          6.242298 |          2.205899 |          0.156843 |
|              |         |          3.110944 |          0.126906 |          0.021549 |
|              |         |          1.509958 |         -0.004998 |         -0.002095 |
|              |         |          0.710845 |         -0.001618 |         -0.001739 |
|              |         |          0.273190 |         -0.000084 |         -0.000300 |
|              |         |          0.104233 |          0.000002 |          0.000029 |
|              |---------|-------------------|-------------------|-------------------|
|              |     1   |      17745.690000 |         -4.379721 |         -0.000015 |
|              |         |       4200.721000 |         -6.267397 |         -0.000130 |
|              |         |       1364.429000 |         -8.878051 |         -0.000751 |
|              |         |        522.080600 |        -11.843356 |         -0.003329 |
|              |         |        221.459500 |        -14.507468 |         -0.011912 |
|              |         |        100.909600 |        -15.927240 |         -0.034933 |
|              |         |         48.401150 |        -14.557571 |         -0.079989 |
|              |         |         23.985360 |        -10.187862 |         -0.134636 |
|              |         |         12.182500 |         -4.496934 |         -0.138598 |
|              |         |          6.242298 |          0.425889 |          0.030278 |
|              |         |          3.110944 |          1.962592 |          0.333216 |
|              |         |          1.509958 |          1.088443 |          0.456153 |
|              |         |          0.710845 |          0.265235 |          0.285051 |
|              |         |          0.273190 |          0.012992 |          0.046144 |
|              |         |          0.104233 |         -0.000274 |         -0.003249 |
|              |---------|-------------------|-------------------|-------------------|
|              |     1   |      17745.690000 |          1.227908 |          0.000003 |
|              |         |       4200.721000 |          1.959887 |          0.000029 |
|              |         |       1364.429000 |          2.734330 |          0.000165 |
|              |         |        522.080600 |          3.660550 |          0.000734 |
|              |         |        221.459500 |          4.483229 |          0.002626 |
|              |         |        100.909600 |          4.937333 |          0.007725 |
|              |         |         48.401150 |          4.524078 |          0.017733 |
|              |         |         23.985360 |          3.188070 |          0.030055 |
|              |         |         12.182500 |          1.414248 |          0.031094 |
|              |         |          6.242298 |         -0.198125 |         -0.010048 |
|              |         |          3.110944 |         -0.729094 |         -0.088306 |
|              |         |          1.509958 |         -0.434250 |         -0.129824 |
|              |         |          0.710845 |         -0.100353 |         -0.076937 |
|              |         |          0.273190 |          0.083936 |          0.212661 |
|              |         |          0.104233 |          0.067824 |          0.573061 |
|              |---------|-------------------|-------------------|-------------------|
|              |     1   |      17745.690000 |          1.523385 |          0.000005 |
|              |         |       4200.721000 |          2.112894 |          0.000042 |
|              |         |       1364.429000 |          2.972893 |          0.000241 |
|              |         |        522.080600 |          4.027868 |          0.001085 |
|              |         |        221.459500 |          4.868594 |          0.003831 |
|              |         |        100.909600 |          5.434622 |          0.011423 |
|              |         |         48.401150 |          4.898106 |          0.025792 |
|              |         |         23.985360 |          3.538823 |          0.044818 |
|              |         |         12.182500 |          1.509939 |          0.044598 |
|              |         |          6.242298 |         -0.164051 |         -0.011177 |
|              |         |          3.110944 |         -0.848964 |         -0.138134 |
|              |         |          1.509958 |         -0.468808 |         -0.188285 |
|              |         |          0.710845 |         -0.104278 |         -0.107399 |
|              |         |          0.273190 |          0.130702 |          0.444863 |
|              |         |          0.104233 |          0.056406 |          0.640239 |
|              |---------|-------------------|-------------------|-------------------|
|              |     1   |      17745.690000 |          3.394162 |          0.000011 |
|              |         |       4200.721000 |          4.432491 |          0.000087 |
|              |         |       1364.429000 |          6.758647 |          0.000541 |
|              |         |        522.080600 |          8.368949 |          0.002226 |
|              |         |        221.459500 |         11.059527 |          0.008593 |
|              |         |        100.909600 |         11.245316 |          0.023339 |
|              |         |         48.401150 |         11.317373 |          0.058844 |
|              |         |         23.985360 |          7.060139 |          0.088289 |
|              |         |         12.182500 |          4.224029 |          0.123192 |
|              |         |          6.242298 |         -0.939237 |         -0.063186 |
|              |         |          3.110944 |         -2.209009 |         -0.354902 |
|              |         |          1.509958 |         -1.562669 |         -0.619708 |
|              |         |          0.710845 |          0.799421 |          0.812986 |
|              |         |          0.273190 |          0.243726 |          0.819118 |
|              |         |          0.104233 |         -0.080453 |         -0.901705 |
|              |---------|-------------------|-------------------|-------------------|
|              |     1   |          0.038291 |          0.024144 |          1.000000 |
|              |---------|-------------------|-------------------|-------------------|
|              |     2   |        113.344000 |         23.238251 |          0.003530 |
|              |         |         33.641400 |         20.258682 |          0.025784 |
|              |         |         12.331000 |         13.447304 |          0.099119 |
|              |         |          4.994780 |          6.670609 |          0.239073 |
|              |         |          2.072800 |          2.138538 |          0.357199 |
|              |         |          0.830753 |          0.437765 |          0.362188 |
|              |         |          0.309178 |          0.050682 |          0.236461 |
|              |---------|-------------------|-------------------|-------------------|
|              |     2   |        113.344000 |        -32.475957 |         -0.003890 |
|              |         |         33.641400 |        -28.340314 |         -0.028442 |
|              |         |         12.331000 |        -19.343733 |         -0.112429 |
|              |         |          4.994780 |         -9.704570 |         -0.274257 |
|              |         |          2.072800 |         -2.395814 |         -0.315546 |
|              |         |          0.830753 |          0.087538 |          0.057109 |
|              |         |          0.309178 |          0.153198 |          0.563604 |
|              |---------|-------------------|-------------------|-------------------|
|              |     2   |        113.344000 |         43.862493 |          0.005695 |
|              |         |         33.641400 |         38.609251 |          0.042001 |
|              |         |         12.331000 |         27.545379 |          0.173540 |
|              |         |          4.994780 |         13.389239 |          0.410157 |
|              |         |          2.072800 |          0.793274 |          0.113252 |
|              |         |          0.830753 |         -1.088399 |         -0.769680 |
|              |         |          0.309178 |         -0.007935 |         -0.031643 |
|              |---------|-------------------|-------------------|-------------------|
|              |     2   |          0.100130 |          0.029336 |          1.000000 |
|              |---------|-------------------|-------------------|-------------------|
|              |     3   |          3.275800 |         21.252917 |          1.000000 |
|              |---------|-------------------|-------------------|-------------------|
|              |     3   |          0.792000 |          0.871136 |          1.000000 |
|              |---------|-------------------|-------------------|-------------------|
|              |     4   |          2.089700 |          8.446295 |          1.000000 |
|--------------|---------|-------------------|-------------------|-------------------|
|   C (  1)    |         |                   |                   |                   |
|              |     0   |       8236.000000 |          0.334227 |          0.000531 |
|              |         |       1235.000000 |          0.623075 |          0.004108 |
|              |         |        280.800000 |          1.053106 |          0.021087 |
|              |         |         79.270000 |          1.583163 |          0.081853 |
|              |         |         25.590000 |          1.945099 |          0.234817 |
|              |         |          8.997000 |          1.642947 |          0.434401 |
|              |         |          3.319000 |          0.619659 |          0.346129 |
|              |         |          0.364300 |         -0.003067 |         -0.008983 |
|              |---------|-------------------|-------------------|-------------------|
|              |     0   |       8236.000000 |         -0.121010 |         -0.000113 |
|              |         |       1235.000000 |         -0.226569 |         -0.000878 |
|              |         |        280.800000 |         -0.385753 |         -0.004540 |
|              |         |         79.270000 |         -0.596702 |         -0.018133 |
|              |         |         25.590000 |         -0.785835 |         -0.055760 |
|              |         |          8.997000 |         -0.816533 |         -0.126895 |
|              |         |          3.319000 |         -0.518870 |         -0.170352 |
|              |         |          0.364300 |          0.347735 |          0.598684 |
|              |---------|-------------------|-------------------|-------------------|
|              |     0   |          0.905900 |          0.661790 |          1.000000 |
|              |---------|-------------------|-------------------|-------------------|
|              |     0   |          0.128500 |          0.152963 |          1.000000 |
|              |---------|-------------------|-------------------|-------------------|
|              |     1   |         18.710000 |          2.186852 |          0.014031 |
|              |         |          4.133000 |          2.050312 |          0.086866 |
|              |         |          1.200000 |          1.459945 |          0.290216 |
|              |---------|-------------------|-------------------|-------------------|
|              |     1   |          0.382700 |          0.429055 |          1.000000 |
|              |---------|-------------------|-------------------|-------------------|
|              |     1   |          0.120900 |          0.101619 |          1.000000 |
|              |---------|-------------------|-------------------|-------------------|
|              |     2   |          1.097000 |          1.935401 |          1.000000 |
|              |---------|-------------------|-------------------|-------------------|
|              |     2   |          0.318000 |          0.221644 |          1.000000 |
|              |---------|-------------------|-------------------|-------------------|
|              |     3   |          0.761000 |          0.796288 |          1.000000 |
|--------------|---------|-------------------|-------------------|-------------------|
|   C (  2)    |         |                   |                   |                   |
|              |     0   |       8236.000000 |          0.334227 |          0.000531 |
|              |         |       1235.000000 |          0.623075 |          0.004108 |
|              |         |        280.800000 |          1.053106 |          0.021087 |
|              |         |         79.270000 |          1.583163 |          0.081853 |
|              |         |         25.590000 |          1.945099 |          0.234817 |
|              |         |          8.997000 |          1.642947 |          0.434401 |
|              |         |          3.319000 |          0.619659 |          0.346129 |
|              |         |          0.364300 |         -0.003067 |         -0.008983 |
|              |---------|-------------------|-------------------|-------------------|
|              |     0   |       8236.000000 |         -0.121010 |         -0.000113 |
|              |         |       1235.000000 |         -0.226569 |         -0.000878 |
|              |         |        280.800000 |         -0.385753 |         -0.004540 |
|              |         |         79.270000 |         -0.596702 |         -0.018133 |
|              |         |         25.590000 |         -0.785835 |         -0.055760 |
|              |         |          8.997000 |         -0.816533 |         -0.126895 |
|              |         |          3.319000 |         -0.518870 |         -0.170352 |
|              |         |          0.364300 |          0.347735 |          0.598684 |
|              |---------|-------------------|-------------------|-------------------|
|              |     0   |          0.905900 |          0.661790 |          1.000000 |
|              |---------|-------------------|-------------------|-------------------|
|              |     0   |          0.128500 |          0.152963 |          1.000000 |
|              |---------|-------------------|-------------------|-------------------|
|              |     1   |         18.710000 |          2.186852 |          0.014031 |
|              |         |          4.133000 |          2.050312 |          0.086866 |
|              |         |          1.200000 |          1.459945 |          0.290216 |
|              |---------|-------------------|-------------------|-------------------|
|              |     1   |          0.382700 |          0.429055 |          1.000000 |
|              |---------|-------------------|-------------------|-------------------|
|              |     1   |          0.120900 |          0.101619 |          1.000000 |
|              |---------|-------------------|-------------------|-------------------|
|              |     2   |          1.097000 |          1.935401 |          1.000000 |
|              |---------|-------------------|-------------------|-------------------|
|              |     2   |          0.318000 |          0.221644 |          1.000000 |
|              |---------|-------------------|-------------------|-------------------|
|              |     3   |          0.761000 |          0.796288 |          1.000000 |
|--------------|---------|-------------------|-------------------|-------------------|
|   C (  3)    |         |                   |                   |                   |
|              |     0   |       8236.000000 |          0.334227 |          0.000531 |
|              |         |       1235.000000 |          0.623075 |          0.004108 |
|              |         |        280.800000 |          1.053106 |          0.021087 |
|              |         |         79.270000 |          1.583163 |          0.081853 |
|              |         |         25.590000 |          1.945099 |          0.234817 |
|              |         |          8.997000 |          1.642947 |          0.434401 |
|              |         |          3.319000 |          0.619659 |          0.346129 |
|              |         |          0.364300 |         -0.003067 |         -0.008983 |
|              |---------|-------------------|-------------------|-------------------|
|              |     0   |       8236.000000 |         -0.121010 |         -0.000113 |
|              |         |       1235.000000 |         -0.226569 |         -0.000878 |
|              |         |        280.800000 |         -0.385753 |         -0.004540 |
|              |         |         79.270000 |         -0.596702 |         -0.018133 |
|              |         |         25.590000 |         -0.785835 |         -0.055760 |
|              |         |          8.997000 |         -0.816533 |         -0.126895 |
|              |         |          3.319000 |         -0.518870 |         -0.170352 |
|              |         |          0.364300 |          0.347735 |          0.598684 |
|              |---------|-------------------|-------------------|-------------------|
|              |     0   |          0.905900 |          0.661790 |          1.000000 |
|              |---------|-------------------|-------------------|-------------------|
|              |     0   |          0.128500 |          0.152963 |          1.000000 |
|              |---------|-------------------|-------------------|-------------------|
|              |     1   |         18.710000 |          2.186852 |          0.014031 |
|              |         |          4.133000 |          2.050312 |          0.086866 |
|              |         |          1.200000 |          1.459945 |          0.290216 |
|              |---------|-------------------|-------------------|-------------------|
|              |     1   |          0.382700 |          0.429055 |          1.000000 |
|              |---------|-------------------|-------------------|-------------------|
|              |     1   |          0.120900 |          0.101619 |          1.000000 |
|              |---------|-------------------|-------------------|-------------------|
|              |     2   |          1.097000 |          1.935401 |          1.000000 |
|              |---------|-------------------|-------------------|-------------------|
|              |     2   |          0.318000 |          0.221644 |          1.000000 |
|              |---------|-------------------|-------------------|-------------------|
|              |     3   |          0.761000 |          0.796288 |          1.000000 |
|--------------|---------|-------------------|-------------------|-------------------|
|   C (  4)    |         |                   |                   |                   |
|              |     0   |       8236.000000 |          0.334227 |          0.000531 |
|              |         |       1235.000000 |          0.623075 |          0.004108 |
|              |         |        280.800000 |          1.053106 |          0.021087 |
|              |         |         79.270000 |          1.583163 |          0.081853 |
|              |         |         25.590000 |          1.945099 |          0.234817 |
|              |         |          8.997000 |          1.642947 |          0.434401 |
|              |         |          3.319000 |          0.619659 |          0.346129 |
|              |         |          0.364300 |         -0.003067 |         -0.008983 |
|              |---------|-------------------|-------------------|-------------------|
|              |     0   |       8236.000000 |         -0.121010 |         -0.000113 |
|              |         |       1235.000000 |         -0.226569 |         -0.000878 |
|              |         |        280.800000 |         -0.385753 |         -0.004540 |
|              |         |         79.270000 |         -0.596702 |         -0.018133 |
|              |         |         25.590000 |         -0.785835 |         -0.055760 |
|              |         |          8.997000 |         -0.816533 |         -0.126895 |
|              |         |          3.319000 |         -0.518870 |         -0.170352 |
|              |         |          0.364300 |          0.347735 |          0.598684 |
|              |---------|-------------------|-------------------|-------------------|
|              |     0   |          0.905900 |          0.661790 |          1.000000 |
|              |---------|-------------------|-------------------|-------------------|
|              |     0   |          0.128500 |          0.152963 |          1.000000 |
|              |---------|-------------------|-------------------|-------------------|
|              |     1   |         18.710000 |          2.186852 |          0.014031 |
|              |         |          4.133000 |          2.050312 |          0.086866 |
|              |         |          1.200000 |          1.459945 |          0.290216 |
|              |---------|-------------------|-------------------|-------------------|
|              |     1   |          0.382700 |          0.429055 |          1.000000 |
|              |---------|-------------------|-------------------|-------------------|
|              |     1   |          0.120900 |          0.101619 |          1.000000 |
|              |---------|-------------------|-------------------|-------------------|
|              |     2   |          1.097000 |          1.935401 |          1.000000 |
|              |---------|-------------------|-------------------|-------------------|
|              |     2   |          0.318000 |          0.221644 |          1.000000 |
|              |---------|-------------------|-------------------|-------------------|
|              |     3   |          0.761000 |          0.796288 |          1.000000 |
|--------------|---------|-------------------|-------------------|-------------------|
|   C (  5)    |         |                   |                   |                   |
|              |     0   |       8236.000000 |          0.334227 |          0.000531 |
|              |         |       1235.000000 |          0.623075 |          0.004108 |
|              |         |        280.800000 |          1.053106 |          0.021087 |
|              |         |         79.270000 |          1.583163 |          0.081853 |
|              |         |         25.590000 |          1.945099 |          0.234817 |
|              |         |          8.997000 |          1.642947 |          0.434401 |
|              |         |          3.319000 |          0.619659 |          0.346129 |
|              |         |          0.364300 |         -0.003067 |         -0.008983 |
|              |---------|-------------------|-------------------|-------------------|
|              |     0   |       8236.000000 |         -0.121010 |         -0.000113 |
|              |         |       1235.000000 |         -0.226569 |         -0.000878 |
|              |         |        280.800000 |         -0.385753 |         -0.004540 |
|              |         |         79.270000 |         -0.596702 |         -0.018133 |
|              |         |         25.590000 |         -0.785835 |         -0.055760 |
|              |         |          8.997000 |         -0.816533 |         -0.126895 |
|              |         |          3.319000 |         -0.518870 |         -0.170352 |
|              |         |          0.364300 |          0.347735 |          0.598684 |
|              |---------|-------------------|-------------------|-------------------|
|              |     0   |          0.905900 |          0.661790 |          1.000000 |
|              |---------|-------------------|-------------------|-------------------|
|              |     0   |          0.128500 |          0.152963 |          1.000000 |
|              |---------|-------------------|-------------------|-------------------|
|              |     1   |         18.710000 |          2.186852 |          0.014031 |
|              |         |          4.133000 |          2.050312 |          0.086866 |
|              |         |          1.200000 |          1.459945 |          0.290216 |
|              |---------|-------------------|-------------------|-------------------|
|              |     1   |          0.382700 |          0.429055 |          1.000000 |
|              |---------|-------------------|-------------------|-------------------|
|              |     1   |          0.120900 |          0.101619 |          1.000000 |
|              |---------|-------------------|-------------------|-------------------|
|              |     2   |          1.097000 |          1.935401 |          1.000000 |
|              |---------|-------------------|-------------------|-------------------|
|              |     2   |          0.318000 |          0.221644 |          1.000000 |
|              |---------|-------------------|-------------------|-------------------|
|              |     3   |          0.761000 |          0.796288 |          1.000000 |
|--------------|---------|-------------------|-------------------|-------------------|
|   H (  6)    |         |                   |                   |                   |
|              |     0   |         33.870000 |          0.255108 |          0.006068 |
|              |         |          5.095000 |          0.460098 |          0.045308 |
|              |         |          1.159000 |          0.678414 |          0.202822 |
|              |---------|-------------------|-------------------|-------------------|
|              |     0   |          0.325800 |          0.307343 |          1.000000 |
|              |---------|-------------------|-------------------|-------------------|
|              |     0   |          0.102700 |          0.129297 |          1.000000 |
|              |---------|-------------------|-------------------|-------------------|
|              |     1   |          1.407000 |          2.184277 |          1.000000 |
|              |---------|-------------------|-------------------|-------------------|
|              |     1   |          0.388000 |          0.436495 |          1.000000 |
|              |---------|-------------------|-------------------|-------------------|
|              |     2   |          1.057000 |          1.813597 |          1.000000 |
|--------------|---------|-------------------|-------------------|-------------------|
|   H (  7)    |         |                   |                   |                   |
|              |     0   |         33.870000 |          0.255108 |          0.006068 |
|              |         |          5.095000 |          0.460098 |          0.045308 |
|              |         |          1.159000 |          0.678414 |          0.202822 |
|              |---------|-------------------|-------------------|-------------------|
|              |     0   |          0.325800 |          0.307343 |          1.000000 |
|              |---------|-------------------|-------------------|-------------------|
|              |     0   |          0.102700 |          0.129297 |          1.000000 |
|              |---------|-------------------|-------------------|-------------------|
|              |     1   |          1.407000 |          2.184277 |          1.000000 |
|              |---------|-------------------|-------------------|-------------------|
|              |     1   |          0.388000 |          0.436495 |          1.000000 |
|              |---------|-------------------|-------------------|-------------------|
|              |     2   |          1.057000 |          1.813597 |          1.000000 |
|--------------|---------|-------------------|-------------------|-------------------|
|   H (  8)    |         |                   |                   |                   |
|              |     0   |         33.870000 |          0.255108 |          0.006068 |
|              |         |          5.095000 |          0.460098 |          0.045308 |
|              |         |          1.159000 |          0.678414 |          0.202822 |
|              |---------|-------------------|-------------------|-------------------|
|              |     0   |          0.325800 |          0.307343 |          1.000000 |
|              |---------|-------------------|-------------------|-------------------|
|              |     0   |          0.102700 |          0.129297 |          1.000000 |
|              |---------|-------------------|-------------------|-------------------|
|              |     1   |          1.407000 |          2.184277 |          1.000000 |
|              |---------|-------------------|-------------------|-------------------|
|              |     1   |          0.388000 |          0.436495 |          1.000000 |
|              |---------|-------------------|-------------------|-------------------|
|              |     2   |          1.057000 |          1.813597 |          1.000000 |
|--------------|---------|-------------------|-------------------|-------------------|
|   H (  9)    |         |                   |                   |                   |
|              |     0   |         33.870000 |          0.255108 |          0.006068 |
|              |         |          5.095000 |          0.460098 |          0.045308 |
|              |         |          1.159000 |          0.678414 |          0.202822 |
|              |---------|-------------------|-------------------|-------------------|
|              |     0   |          0.325800 |          0.307343 |          1.000000 |
|              |---------|-------------------|-------------------|-------------------|
|              |     0   |          0.102700 |          0.129297 |          1.000000 |
|              |---------|-------------------|-------------------|-------------------|
|              |     1   |          1.407000 |          2.184277 |          1.000000 |
|              |---------|-------------------|-------------------|-------------------|
|              |     1   |          0.388000 |          0.436495 |          1.000000 |
|              |---------|-------------------|-------------------|-------------------|
|              |     2   |          1.057000 |          1.813597 |          1.000000 |
|--------------|---------|-------------------|-------------------|-------------------|
|   H ( 10)    |         |                   |                   |                   |
|              |     0   |         33.870000 |          0.255108 |          0.006068 |
|              |         |          5.095000 |          0.460098 |          0.045308 |
|              |         |          1.159000 |          0.678414 |          0.202822 |
|              |---------|-------------------|-------------------|-------------------|
|              |     0   |          0.325800 |          0.307343 |          1.000000 |
|              |---------|-------------------|-------------------|-------------------|
|              |     0   |          0.102700 |          0.129297 |          1.000000 |
|              |---------|-------------------|-------------------|-------------------|
|              |     1   |          1.407000 |          2.184277 |          1.000000 |
|              |---------|-------------------|-------------------|-------------------|
|              |     1   |          0.388000 |          0.436495 |          1.000000 |
|              |---------|-------------------|-------------------|-------------------|
|              |     2   |          1.057000 |          1.813597 |          1.000000 |
|--------------|---------|-------------------|-------------------|-------------------|
|   C ( 11)    |         |                   |                   |                   |
|              |     0   |       8236.000000 |          0.334227 |          0.000531 |
|              |         |       1235.000000 |          0.623075 |          0.004108 |
|              |         |        280.800000 |          1.053106 |          0.021087 |
|              |         |         79.270000 |          1.583163 |          0.081853 |
|              |         |         25.590000 |          1.945099 |          0.234817 |
|              |         |          8.997000 |          1.642947 |          0.434401 |
|              |         |          3.319000 |          0.619659 |          0.346129 |
|              |         |          0.364300 |         -0.003067 |         -0.008983 |
|              |---------|-------------------|-------------------|-------------------|
|              |     0   |       8236.000000 |         -0.121010 |         -0.000113 |
|              |         |       1235.000000 |         -0.226569 |         -0.000878 |
|              |         |        280.800000 |         -0.385753 |         -0.004540 |
|              |         |         79.270000 |         -0.596702 |         -0.018133 |
|              |         |         25.590000 |         -0.785835 |         -0.055760 |
|              |         |          8.997000 |         -0.816533 |         -0.126895 |
|              |         |          3.319000 |         -0.518870 |         -0.170352 |
|              |         |          0.364300 |          0.347735 |          0.598684 |
|              |---------|-------------------|-------------------|-------------------|
|              |     0   |          0.905900 |          0.661790 |          1.000000 |
|              |---------|-------------------|-------------------|-------------------|
|              |     0   |          0.128500 |          0.152963 |          1.000000 |
|              |---------|-------------------|-------------------|-------------------|
|              |     1   |         18.710000 |          2.186852 |          0.014031 |
|              |         |          4.133000 |          2.050312 |          0.086866 |
|              |         |          1.200000 |          1.459945 |          0.290216 |
|              |---------|-------------------|-------------------|-------------------|
|              |     1   |          0.382700 |          0.429055 |          1.000000 |
|              |---------|-------------------|-------------------|-------------------|
|              |     1   |          0.120900 |          0.101619 |          1.000000 |
|              |---------|-------------------|-------------------|-------------------|
|              |     2   |          1.097000 |          1.935401 |          1.000000 |
|              |---------|-------------------|-------------------|-------------------|
|              |     2   |          0.318000 |          0.221644 |          1.000000 |
|              |---------|-------------------|-------------------|-------------------|
|              |     3   |          0.761000 |          0.796288 |          1.000000 |
|--------------|---------|-------------------|-------------------|-------------------|
|   C ( 12)    |         |                   |                   |                   |
|              |     0   |       8236.000000 |          0.334227 |          0.000531 |
|              |         |       1235.000000 |          0.623075 |          0.004108 |
|              |         |        280.800000 |          1.053106 |          0.021087 |
|              |         |         79.270000 |          1.583163 |          0.081853 |
|              |         |         25.590000 |          1.945099 |          0.234817 |
|              |         |          8.997000 |          1.642947 |          0.434401 |
|              |         |          3.319000 |          0.619659 |          0.346129 |
|              |         |          0.364300 |         -0.003067 |         -0.008983 |
|              |---------|-------------------|-------------------|-------------------|
|              |     0   |       8236.000000 |         -0.121010 |         -0.000113 |
|              |         |       1235.000000 |         -0.226569 |         -0.000878 |
|              |         |        280.800000 |         -0.385753 |         -0.004540 |
|              |         |         79.270000 |         -0.596702 |         -0.018133 |
|              |         |         25.590000 |         -0.785835 |         -0.055760 |
|              |         |          8.997000 |         -0.816533 |         -0.126895 |
|              |         |          3.319000 |         -0.518870 |         -0.170352 |
|              |         |          0.364300 |          0.347735 |          0.598684 |
|              |---------|-------------------|-------------------|-------------------|
|              |     0   |          0.905900 |          0.661790 |          1.000000 |
|              |---------|-------------------|-------------------|-------------------|
|              |     0   |          0.128500 |          0.152963 |          1.000000 |
|              |---------|-------------------|-------------------|-------------------|
|              |     1   |         18.710000 |          2.186852 |          0.014031 |
|              |         |          4.133000 |          2.050312 |          0.086866 |
|              |         |          1.200000 |          1.459945 |          0.290216 |
|              |---------|-------------------|-------------------|-------------------|
|              |     1   |          0.382700 |          0.429055 |          1.000000 |
|              |---------|-------------------|-------------------|-------------------|
|              |     1   |          0.120900 |          0.101619 |          1.000000 |
|              |---------|-------------------|-------------------|-------------------|
|              |     2   |          1.097000 |          1.935401 |          1.000000 |
|              |---------|-------------------|-------------------|-------------------|
|              |     2   |          0.318000 |          0.221644 |          1.000000 |
|              |---------|-------------------|-------------------|-------------------|
|              |     3   |          0.761000 |          0.796288 |          1.000000 |
|--------------|---------|-------------------|-------------------|-------------------|
|   C ( 13)    |         |                   |                   |                   |
|              |     0   |       8236.000000 |          0.334227 |          0.000531 |
|              |         |       1235.000000 |          0.623075 |          0.004108 |
|              |         |        280.800000 |          1.053106 |          0.021087 |
|              |         |         79.270000 |          1.583163 |          0.081853 |
|              |         |         25.590000 |          1.945099 |          0.234817 |
|              |         |          8.997000 |          1.642947 |          0.434401 |
|              |         |          3.319000 |          0.619659 |          0.346129 |
|              |         |          0.364300 |         -0.003067 |         -0.008983 |
|              |---------|-------------------|-------------------|-------------------|
|              |     0   |       8236.000000 |         -0.121010 |         -0.000113 |
|              |         |       1235.000000 |         -0.226569 |         -0.000878 |
|              |         |        280.800000 |         -0.385753 |         -0.004540 |
|              |         |         79.270000 |         -0.596702 |         -0.018133 |
|              |         |         25.590000 |         -0.785835 |         -0.055760 |
|              |         |          8.997000 |         -0.816533 |         -0.126895 |
|              |         |          3.319000 |         -0.518870 |         -0.170352 |
|              |         |          0.364300 |          0.347735 |          0.598684 |
|              |---------|-------------------|-------------------|-------------------|
|              |     0   |          0.905900 |          0.661790 |          1.000000 |
|              |---------|-------------------|-------------------|-------------------|
|              |     0   |          0.128500 |          0.152963 |          1.000000 |
|              |---------|-------------------|-------------------|-------------------|
|              |     1   |         18.710000 |          2.186852 |          0.014031 |
|              |         |          4.133000 |          2.050312 |          0.086866 |
|              |         |          1.200000 |          1.459945 |          0.290216 |
|              |---------|-------------------|-------------------|-------------------|
|              |     1   |          0.382700 |          0.429055 |          1.000000 |
|              |---------|-------------------|-------------------|-------------------|
|              |     1   |          0.120900 |          0.101619 |          1.000000 |
|              |---------|-------------------|-------------------|-------------------|
|              |     2   |          1.097000 |          1.935401 |          1.000000 |
|              |---------|-------------------|-------------------|-------------------|
|              |     2   |          0.318000 |          0.221644 |          1.000000 |
|              |---------|-------------------|-------------------|-------------------|
|              |     3   |          0.761000 |          0.796288 |          1.000000 |
|--------------|---------|-------------------|-------------------|-------------------|
|   C ( 14)    |         |                   |                   |                   |
|              |     0   |       8236.000000 |          0.334227 |          0.000531 |
|              |         |       1235.000000 |          0.623075 |          0.004108 |
|              |         |        280.800000 |          1.053106 |          0.021087 |
|              |         |         79.270000 |          1.583163 |          0.081853 |
|              |         |         25.590000 |          1.945099 |          0.234817 |
|              |         |          8.997000 |          1.642947 |          0.434401 |
|              |         |          3.319000 |          0.619659 |          0.346129 |
|              |         |          0.364300 |         -0.003067 |         -0.008983 |
|              |---------|-------------------|-------------------|-------------------|
|              |     0   |       8236.000000 |         -0.121010 |         -0.000113 |
|              |         |       1235.000000 |         -0.226569 |         -0.000878 |
|              |         |        280.800000 |         -0.385753 |         -0.004540 |
|              |         |         79.270000 |         -0.596702 |         -0.018133 |
|              |         |         25.590000 |         -0.785835 |         -0.055760 |
|              |         |          8.997000 |         -0.816533 |         -0.126895 |
|              |         |          3.319000 |         -0.518870 |         -0.170352 |
|              |         |          0.364300 |          0.347735 |          0.598684 |
|              |---------|-------------------|-------------------|-------------------|
|              |     0   |          0.905900 |          0.661790 |          1.000000 |
|              |---------|-------------------|-------------------|-------------------|
|              |     0   |          0.128500 |          0.152963 |          1.000000 |
|              |---------|-------------------|-------------------|-------------------|
|              |     1   |         18.710000 |          2.186852 |          0.014031 |
|              |         |          4.133000 |          2.050312 |          0.086866 |
|              |         |          1.200000 |          1.459945 |          0.290216 |
|              |---------|-------------------|-------------------|-------------------|
|              |     1   |          0.382700 |          0.429055 |          1.000000 |
|              |---------|-------------------|-------------------|-------------------|
|              |     1   |          0.120900 |          0.101619 |          1.000000 |
|              |---------|-------------------|-------------------|-------------------|
|              |     2   |          1.097000 |          1.935401 |          1.000000 |
|              |---------|-------------------|-------------------|-------------------|
|              |     2   |          0.318000 |          0.221644 |          1.000000 |
|              |---------|-------------------|-------------------|-------------------|
|              |     3   |          0.761000 |          0.796288 |          1.000000 |
|--------------|---------|-------------------|-------------------|-------------------|
|   C ( 15)    |         |                   |                   |                   |
|              |     0   |       8236.000000 |          0.334227 |          0.000531 |
|              |         |       1235.000000 |          0.623075 |          0.004108 |
|              |         |        280.800000 |          1.053106 |          0.021087 |
|              |         |         79.270000 |          1.583163 |          0.081853 |
|              |         |         25.590000 |          1.945099 |          0.234817 |
|              |         |          8.997000 |          1.642947 |          0.434401 |
|              |         |          3.319000 |          0.619659 |          0.346129 |
|              |         |          0.364300 |         -0.003067 |         -0.008983 |
|              |---------|-------------------|-------------------|-------------------|
|              |     0   |       8236.000000 |         -0.121010 |         -0.000113 |
|              |         |       1235.000000 |         -0.226569 |         -0.000878 |
|              |         |        280.800000 |         -0.385753 |         -0.004540 |
|              |         |         79.270000 |         -0.596702 |         -0.018133 |
|              |         |         25.590000 |         -0.785835 |         -0.055760 |
|              |         |          8.997000 |         -0.816533 |         -0.126895 |
|              |         |          3.319000 |         -0.518870 |         -0.170352 |
|              |         |          0.364300 |          0.347735 |          0.598684 |
|              |---------|-------------------|-------------------|-------------------|
|              |     0   |          0.905900 |          0.661790 |          1.000000 |
|              |---------|-------------------|-------------------|-------------------|
|              |     0   |          0.128500 |          0.152963 |          1.000000 |
|              |---------|-------------------|-------------------|-------------------|
|              |     1   |         18.710000 |          2.186852 |          0.014031 |
|              |         |          4.133000 |          2.050312 |          0.086866 |
|              |         |          1.200000 |          1.459945 |          0.290216 |
|              |---------|-------------------|-------------------|-------------------|
|              |     1   |          0.382700 |          0.429055 |          1.000000 |
|              |---------|-------------------|-------------------|-------------------|
|              |     1   |          0.120900 |          0.101619 |          1.000000 |
|              |---------|-------------------|-------------------|-------------------|
|              |     2   |          1.097000 |          1.935401 |          1.000000 |
|              |---------|-------------------|-------------------|-------------------|
|              |     2   |          0.318000 |          0.221644 |          1.000000 |
|              |---------|-------------------|-------------------|-------------------|
|              |     3   |          0.761000 |          0.796288 |          1.000000 |
|--------------|---------|-------------------|-------------------|-------------------|
|   H ( 16)    |         |                   |                   |                   |
|              |     0   |         33.870000 |          0.255108 |          0.006068 |
|              |         |          5.095000 |          0.460098 |          0.045308 |
|              |         |          1.159000 |          0.678414 |          0.202822 |
|              |---------|-------------------|-------------------|-------------------|
|              |     0   |          0.325800 |          0.307343 |          1.000000 |
|              |---------|-------------------|-------------------|-------------------|
|              |     0   |          0.102700 |          0.129297 |          1.000000 |
|              |---------|-------------------|-------------------|-------------------|
|              |     1   |          1.407000 |          2.184277 |          1.000000 |
|              |---------|-------------------|-------------------|-------------------|
|              |     1   |          0.388000 |          0.436495 |          1.000000 |
|              |---------|-------------------|-------------------|-------------------|
|              |     2   |          1.057000 |          1.813597 |          1.000000 |
|--------------|---------|-------------------|-------------------|-------------------|
|   H ( 17)    |         |                   |                   |                   |
|              |     0   |         33.870000 |          0.255108 |          0.006068 |
|              |         |          5.095000 |          0.460098 |          0.045308 |
|              |         |          1.159000 |          0.678414 |          0.202822 |
|              |---------|-------------------|-------------------|-------------------|
|              |     0   |          0.325800 |          0.307343 |          1.000000 |
|              |---------|-------------------|-------------------|-------------------|
|              |     0   |          0.102700 |          0.129297 |          1.000000 |
|              |---------|-------------------|-------------------|-------------------|
|              |     1   |          1.407000 |          2.184277 |          1.000000 |
|              |---------|-------------------|-------------------|-------------------|
|              |     1   |          0.388000 |          0.436495 |          1.000000 |
|              |---------|-------------------|-------------------|-------------------|
|              |     2   |          1.057000 |          1.813597 |          1.000000 |
|--------------|---------|-------------------|-------------------|-------------------|
|   H ( 18)    |         |                   |                   |                   |
|              |     0   |         33.870000 |          0.255108 |          0.006068 |
|              |         |          5.095000 |          0.460098 |          0.045308 |
|              |         |          1.159000 |          0.678414 |          0.202822 |
|              |---------|-------------------|-------------------|-------------------|
|              |     0   |          0.325800 |          0.307343 |          1.000000 |
|              |---------|-------------------|-------------------|-------------------|
|              |     0   |          0.102700 |          0.129297 |          1.000000 |
|              |---------|-------------------|-------------------|-------------------|
|              |     1   |          1.407000 |          2.184277 |          1.000000 |
|              |---------|-------------------|-------------------|-------------------|
|              |     1   |          0.388000 |          0.436495 |          1.000000 |
|              |---------|-------------------|-------------------|-------------------|
|              |     2   |          1.057000 |          1.813597 |          1.000000 |
|--------------|---------|-------------------|-------------------|-------------------|
|   H ( 19)    |         |                   |                   |                   |
|              |     0   |         33.870000 |          0.255108 |          0.006068 |
|              |         |          5.095000 |          0.460098 |          0.045308 |
|              |         |          1.159000 |          0.678414 |          0.202822 |
|              |---------|-------------------|-------------------|-------------------|
|              |     0   |          0.325800 |          0.307343 |          1.000000 |
|              |---------|-------------------|-------------------|-------------------|
|              |     0   |          0.102700 |          0.129297 |          1.000000 |
|              |---------|-------------------|-------------------|-------------------|
|              |     1   |          1.407000 |          2.184277 |          1.000000 |
|              |---------|-------------------|-------------------|-------------------|
|              |     1   |          0.388000 |          0.436495 |          1.000000 |
|              |---------|-------------------|-------------------|-------------------|
|              |     2   |          1.057000 |          1.813597 |          1.000000 |
|--------------|---------|-------------------|-------------------|-------------------|
|   H ( 20)    |         |                   |                   |                   |
|              |     0   |         33.870000 |          0.255108 |          0.006068 |
|              |         |          5.095000 |          0.460098 |          0.045308 |
|              |         |          1.159000 |          0.678414 |          0.202822 |
|              |---------|-------------------|-------------------|-------------------|
|              |     0   |          0.325800 |          0.307343 |          1.000000 |
|              |---------|-------------------|-------------------|-------------------|
|              |     0   |          0.102700 |          0.129297 |          1.000000 |
|              |---------|-------------------|-------------------|-------------------|
|              |     1   |          1.407000 |          2.184277 |          1.000000 |
|              |---------|-------------------|-------------------|-------------------|
|              |     1   |          0.388000 |          0.436495 |          1.000000 |
|              |---------|-------------------|-------------------|-------------------|
|              |     2   |          1.057000 |          1.813597 |          1.000000 |
|______________|_________|___________________|___________________|___________________|



 RI basis set information:

 ____________________________________________________________________________________
|     Atom     |    L    |       alpha       |         c         |       c(lib)      |
|______________|_________|___________________|___________________|___________________|
|   Fe(  0)    |         |                   |                   |                   |
|              |     0   |      10075.767577 |         66.300191 |          0.140766 |
|              |         |       4123.814128 |         40.430349 |          0.167755 |
|              |         |       1755.251041 |         67.764672 |          0.533569 |
|              |         |        776.244446 |         56.264379 |          0.816914 |
|              |---------|-------------------|-------------------|-------------------|
|              |     0   |        356.288970 |         58.446953 |          1.000000 |
|              |---------|-------------------|-------------------|-------------------|
|              |     0   |        169.510590 |         33.481717 |          1.000000 |
|              |---------|-------------------|-------------------|-------------------|
|              |     0   |         83.472560 |         19.681939 |          1.000000 |
|              |---------|-------------------|-------------------|-------------------|
|              |     0   |         42.473388 |         11.857627 |          1.000000 |
|              |---------|-------------------|-------------------|-------------------|
|              |     0   |         22.289446 |          7.311131 |          1.000000 |
|              |---------|-------------------|-------------------|-------------------|
|              |     0   |         12.038744 |          4.606234 |          1.000000 |
|              |---------|-------------------|-------------------|-------------------|
|              |     0   |          6.676674 |          2.960263 |          1.000000 |
|              |---------|-------------------|-------------------|-------------------|
|              |     0   |          3.792651 |          1.936945 |          1.000000 |
|              |---------|-------------------|-------------------|-------------------|
|              |     0   |          2.200635 |          1.287719 |          1.000000 |
|              |---------|-------------------|-------------------|-------------------|
|              |     0   |          1.300508 |          0.867950 |          1.000000 |
|              |---------|-------------------|-------------------|-------------------|
|              |     0   |          0.780370 |          0.591746 |          1.000000 |
|              |---------|-------------------|-------------------|-------------------|
|              |     0   |          0.473925 |          0.407092 |          1.000000 |
|              |---------|-------------------|-------------------|-------------------|
|              |     0   |          0.290327 |          0.281888 |          1.000000 |
|              |---------|-------------------|-------------------|-------------------|
|              |     0   |          0.178790 |          0.195960 |          1.000000 |
|              |---------|-------------------|-------------------|-------------------|
|              |     0   |          0.110296 |          0.136405 |          1.000000 |
|              |---------|-------------------|-------------------|-------------------|
|              |     1   |       1528.731608 |       4284.846976 |          0.393915 |
|              |         |        626.351278 |       3277.370530 |          0.919147 |
|              |---------|-------------------|-------------------|-------------------|
|              |     1   |        264.597240 |       1521.148894 |          1.000000 |
|              |---------|-------------------|-------------------|-------------------|
|              |     1   |        115.038620 |        537.025202 |          1.000000 |
|              |---------|-------------------|-------------------|-------------------|
|              |     1   |         51.371419 |        196.038803 |          1.000000 |
|              |---------|-------------------|-------------------|-------------------|
|              |     1   |         23.510732 |         73.794293 |          1.000000 |
|              |---------|-------------------|-------------------|-------------------|
|              |     1   |         11.001329 |         28.559231 |          1.000000 |
|              |---------|-------------------|-------------------|-------------------|
|              |     1   |          5.249892 |         11.327344 |          1.000000 |
|              |---------|-------------------|-------------------|-------------------|
|              |     1   |          2.548023 |          4.588748 |          1.000000 |
|              |---------|-------------------|-------------------|-------------------|
|              |     1   |          1.254185 |          1.891874 |          1.000000 |
|              |---------|-------------------|-------------------|-------------------|
|              |     1   |          0.624208 |          0.790863 |          1.000000 |
|              |---------|-------------------|-------------------|-------------------|
|              |     1   |          0.313158 |          0.333922 |          1.000000 |
|              |---------|-------------------|-------------------|-------------------|
|              |     1   |          0.157868 |          0.141842 |          1.000000 |
|              |---------|-------------------|-------------------|-------------------|
|              |     1   |          0.079712 |          0.060373 |          1.000000 |
|              |---------|-------------------|-------------------|-------------------|
|              |     2   |        385.992263 |      13175.174549 |          0.279904 |
|              |         |        156.999268 |       9361.384943 |          0.960028 |
|              |---------|-------------------|-------------------|-------------------|
|              |     2   |         66.308047 |       2536.006526 |          1.000000 |
|              |---------|-------------------|-------------------|-------------------|
|              |     2   |         29.000409 |        596.508537 |          1.000000 |
|              |---------|-------------------|-------------------|-------------------|
|              |     2   |         13.094271 |        148.354867 |          1.000000 |
|              |---------|-------------------|-------------------|-------------------|
|              |     2   |          6.083031 |         38.781051 |          1.000000 |
|              |---------|-------------------|-------------------|-------------------|
|              |     2   |          2.896680 |         10.586087 |          1.000000 |
|              |---------|-------------------|-------------------|-------------------|
|              |     2   |          1.408224 |          2.996299 |          1.000000 |
|              |---------|-------------------|-------------------|-------------------|
|              |     2   |          0.695932 |          0.872773 |          1.000000 |
|              |---------|-------------------|-------------------|-------------------|
|              |     2   |          0.348035 |          0.259567 |          1.000000 |
|              |---------|-------------------|-------------------|-------------------|
|              |     2   |          0.175309 |          0.078175 |          1.000000 |
|              |---------|-------------------|-------------------|-------------------|
|              |     2   |          0.088519 |          0.023644 |          1.000000 |
|              |---------|-------------------|-------------------|-------------------|
|              |     3   |        112.411003 |      15279.547566 |          0.288892 |
|              |         |         40.062477 |       4969.260423 |          0.957362 |
|              |---------|-------------------|-------------------|-------------------|
|              |     3   |         17.195276 |        886.390380 |          1.000000 |
|              |---------|-------------------|-------------------|-------------------|
|              |     3   |          7.694891 |        145.181077 |          1.000000 |
|              |---------|-------------------|-------------------|-------------------|
|              |     3   |          3.619154 |         26.596253 |          1.000000 |
|              |---------|-------------------|-------------------|-------------------|
|              |     3   |          1.684114 |          4.756532 |          1.000000 |
|              |---------|-------------------|-------------------|-------------------|
|              |     3   |          0.742245 |          0.752812 |          1.000000 |
|              |---------|-------------------|-------------------|-------------------|
|              |     3   |          0.397598 |          0.184801 |          1.000000 |
|              |---------|-------------------|-------------------|-------------------|
|              |     3   |          0.199907 |          0.039338 |          1.000000 |
|              |---------|-------------------|-------------------|-------------------|
|              |     3   |          0.102976 |          0.008843 |          1.000000 |
|              |---------|-------------------|-------------------|-------------------|
|              |     4   |         46.935838 |       3860.564137 |          0.087703 |
|              |         |         19.023966 |       1270.609132 |          0.345888 |
|              |         |          8.580367 |        289.544390 |          0.704004 |
|              |---------|-------------------|-------------------|-------------------|
|              |     4   |          4.010065 |         50.710947 |          0.614043 |
|              |---------|-------------------|-------------------|-------------------|
|              |     4   |          1.934346 |          6.829744 |          1.000000 |
|              |---------|-------------------|-------------------|-------------------|
|              |     4   |          0.967042 |          1.014870 |          1.000000 |
|              |---------|-------------------|-------------------|-------------------|
|              |     4   |          0.492582 |          0.158764 |          1.000000 |
|              |---------|-------------------|-------------------|-------------------|
|              |     5   |          9.353996 |       1061.903480 |          1.000000 |
|              |---------|-------------------|-------------------|-------------------|
|              |     5   |          2.915434 |         24.023141 |          1.000000 |
|              |---------|-------------------|-------------------|-------------------|
|              |     5   |          0.908677 |          0.543469 |          1.000000 |
|              |---------|-------------------|-------------------|-------------------|
|              |     6   |          5.222161 |        220.098045 |          1.000000 |
|--------------|---------|-------------------|-------------------|-------------------|
|   C (  1)    |         |                   |                   |                   |
|              |     0   |        384.443824 |          6.464008 |          0.182579 |
|              |         |        167.562663 |          2.273369 |          0.119704 |
|              |         |         76.619620 |          5.451024 |          0.516174 |
|              |         |         36.679529 |          3.255354 |          0.535616 |
|              |         |         18.338092 |          2.175038 |          0.601900 |
|              |---------|-------------------|-------------------|-------------------|
|              |     0   |          9.547063 |          3.870904 |          0.191659 |
|              |---------|-------------------|-------------------|-------------------|
|              |     0   |          5.158414 |          2.439480 |          1.000000 |
|              |---------|-------------------|-------------------|-------------------|
|              |     0   |          2.881670 |          1.576316 |          1.000000 |
|              |---------|-------------------|-------------------|-------------------|
|              |     0   |          1.657352 |          1.041049 |          1.000000 |
|              |---------|-------------------|-------------------|-------------------|
|              |     0   |          0.976810 |          0.700274 |          1.000000 |
|              |---------|-------------------|-------------------|-------------------|
|              |     0   |          0.587020 |          0.477969 |          1.000000 |
|              |---------|-------------------|-------------------|-------------------|
|              |     0   |          0.357793 |          0.329711 |          1.000000 |
|              |---------|-------------------|-------------------|-------------------|
|              |     0   |          0.219955 |          0.228908 |          1.000000 |
|              |---------|-------------------|-------------------|-------------------|
|              |     0   |          0.135608 |          0.159266 |          1.000000 |
|              |---------|-------------------|-------------------|-------------------|
|              |     1   |         62.067956 |         51.883191 |          0.257473 |
|              |         |         20.012751 |         28.674072 |          0.585660 |
|              |         |         10.205359 |         10.919719 |          0.517566 |
|              |---------|-------------------|-------------------|-------------------|
|              |     1   |          5.636704 |         12.380029 |          0.568186 |
|              |---------|-------------------|-------------------|-------------------|
|              |     1   |          2.874492 |          5.335086 |          1.000000 |
|              |---------|-------------------|-------------------|-------------------|
|              |     1   |          1.451379 |          2.270734 |          1.000000 |
|              |---------|-------------------|-------------------|-------------------|
|              |     1   |          0.732833 |          0.966487 |          1.000000 |
|              |---------|-------------------|-------------------|-------------------|
|              |     1   |          0.370026 |          0.411367 |          1.000000 |
|              |---------|-------------------|-------------------|-------------------|
|              |     1   |          0.186836 |          0.175092 |          1.000000 |
|              |---------|-------------------|-------------------|-------------------|
|              |     1   |          0.095282 |          0.075458 |          1.000000 |
|              |---------|-------------------|-------------------|-------------------|
|              |     2   |         11.282006 |         29.458015 |          0.134342 |
|              |         |          4.378949 |         17.577341 |          0.419991 |
|              |---------|-------------------|-------------------|-------------------|
|              |     2   |          1.751770 |          4.390301 |          0.897530 |
|              |---------|-------------------|-------------------|-------------------|
|              |     2   |          0.716485 |          0.918379 |          1.000000 |
|              |---------|-------------------|-------------------|-------------------|
|              |     2   |          0.297040 |          0.196714 |          1.000000 |
|              |---------|-------------------|-------------------|-------------------|
|              |     2   |          0.123709 |          0.042473 |          1.000000 |
|              |---------|-------------------|-------------------|-------------------|
|              |     3   |          1.878623 |          3.034016 |          0.623711 |
|              |         |          0.686036 |          0.394177 |          0.781655 |
|              |---------|-------------------|-------------------|-------------------|
|              |     4   |          1.143060 |          1.607406 |          1.000000 |
|--------------|---------|-------------------|-------------------|-------------------|
|   C (  2)    |         |                   |                   |                   |
|              |     0   |        384.443824 |          6.464008 |          0.182579 |
|              |         |        167.562663 |          2.273369 |          0.119704 |
|              |         |         76.619620 |          5.451024 |          0.516174 |
|              |         |         36.679529 |          3.255354 |          0.535616 |
|              |         |         18.338092 |          2.175038 |          0.601900 |
|              |---------|-------------------|-------------------|-------------------|
|              |     0   |          9.547063 |          3.870904 |          0.191659 |
|              |---------|-------------------|-------------------|-------------------|
|              |     0   |          5.158414 |          2.439480 |          1.000000 |
|              |---------|-------------------|-------------------|-------------------|
|              |     0   |          2.881670 |          1.576316 |          1.000000 |
|              |---------|-------------------|-------------------|-------------------|
|              |     0   |          1.657352 |          1.041049 |          1.000000 |
|              |---------|-------------------|-------------------|-------------------|
|              |     0   |          0.976810 |          0.700274 |          1.000000 |
|              |---------|-------------------|-------------------|-------------------|
|              |     0   |          0.587020 |          0.477969 |          1.000000 |
|              |---------|-------------------|-------------------|-------------------|
|              |     0   |          0.357793 |          0.329711 |          1.000000 |
|              |---------|-------------------|-------------------|-------------------|
|              |     0   |          0.219955 |          0.228908 |          1.000000 |
|              |---------|-------------------|-------------------|-------------------|
|              |     0   |          0.135608 |          0.159266 |          1.000000 |
|              |---------|-------------------|-------------------|-------------------|
|              |     1   |         62.067956 |         51.883191 |          0.257473 |
|              |         |         20.012751 |         28.674072 |          0.585660 |
|              |         |         10.205359 |         10.919719 |          0.517566 |
|              |---------|-------------------|-------------------|-------------------|
|              |     1   |          5.636704 |         12.380029 |          0.568186 |
|              |---------|-------------------|-------------------|-------------------|
|              |     1   |          2.874492 |          5.335086 |          1.000000 |
|              |---------|-------------------|-------------------|-------------------|
|              |     1   |          1.451379 |          2.270734 |          1.000000 |
|              |---------|-------------------|-------------------|-------------------|
|              |     1   |          0.732833 |          0.966487 |          1.000000 |
|              |---------|-------------------|-------------------|-------------------|
|              |     1   |          0.370026 |          0.411367 |          1.000000 |
|              |---------|-------------------|-------------------|-------------------|
|              |     1   |          0.186836 |          0.175092 |          1.000000 |
|              |---------|-------------------|-------------------|-------------------|
|              |     1   |          0.095282 |          0.075458 |          1.000000 |
|              |---------|-------------------|-------------------|-------------------|
|              |     2   |         11.282006 |         29.458015 |          0.134342 |
|              |         |          4.378949 |         17.577341 |          0.419991 |
|              |---------|-------------------|-------------------|-------------------|
|              |     2   |          1.751770 |          4.390301 |          0.897530 |
|              |---------|-------------------|-------------------|-------------------|
|              |     2   |          0.716485 |          0.918379 |          1.000000 |
|              |---------|-------------------|-------------------|-------------------|
|              |     2   |          0.297040 |          0.196714 |          1.000000 |
|              |---------|-------------------|-------------------|-------------------|
|              |     2   |          0.123709 |          0.042473 |          1.000000 |
|              |---------|-------------------|-------------------|-------------------|
|              |     3   |          1.878623 |          3.034016 |          0.623711 |
|              |         |          0.686036 |          0.394177 |          0.781655 |
|              |---------|-------------------|-------------------|-------------------|
|              |     4   |          1.143060 |          1.607406 |          1.000000 |
|--------------|---------|-------------------|-------------------|-------------------|
|   C (  3)    |         |                   |                   |                   |
|              |     0   |        384.443824 |          6.464008 |          0.182579 |
|              |         |        167.562663 |          2.273369 |          0.119704 |
|              |         |         76.619620 |          5.451024 |          0.516174 |
|              |         |         36.679529 |          3.255354 |          0.535616 |
|              |         |         18.338092 |          2.175038 |          0.601900 |
|              |---------|-------------------|-------------------|-------------------|
|              |     0   |          9.547063 |          3.870904 |          0.191659 |
|              |---------|-------------------|-------------------|-------------------|
|              |     0   |          5.158414 |          2.439480 |          1.000000 |
|              |---------|-------------------|-------------------|-------------------|
|              |     0   |          2.881670 |          1.576316 |          1.000000 |
|              |---------|-------------------|-------------------|-------------------|
|              |     0   |          1.657352 |          1.041049 |          1.000000 |
|              |---------|-------------------|-------------------|-------------------|
|              |     0   |          0.976810 |          0.700274 |          1.000000 |
|              |---------|-------------------|-------------------|-------------------|
|              |     0   |          0.587020 |          0.477969 |          1.000000 |
|              |---------|-------------------|-------------------|-------------------|
|              |     0   |          0.357793 |          0.329711 |          1.000000 |
|              |---------|-------------------|-------------------|-------------------|
|              |     0   |          0.219955 |          0.228908 |          1.000000 |
|              |---------|-------------------|-------------------|-------------------|
|              |     0   |          0.135608 |          0.159266 |          1.000000 |
|              |---------|-------------------|-------------------|-------------------|
|              |     1   |         62.067956 |         51.883191 |          0.257473 |
|              |         |         20.012751 |         28.674072 |          0.585660 |
|              |         |         10.205359 |         10.919719 |          0.517566 |
|              |---------|-------------------|-------------------|-------------------|
|              |     1   |          5.636704 |         12.380029 |          0.568186 |
|              |---------|-------------------|-------------------|-------------------|
|              |     1   |          2.874492 |          5.335086 |          1.000000 |
|              |---------|-------------------|-------------------|-------------------|
|              |     1   |          1.451379 |          2.270734 |          1.000000 |
|              |---------|-------------------|-------------------|-------------------|
|              |     1   |          0.732833 |          0.966487 |          1.000000 |
|              |---------|-------------------|-------------------|-------------------|
|              |     1   |          0.370026 |          0.411367 |          1.000000 |
|              |---------|-------------------|-------------------|-------------------|
|              |     1   |          0.186836 |          0.175092 |          1.000000 |
|              |---------|-------------------|-------------------|-------------------|
|              |     1   |          0.095282 |          0.075458 |          1.000000 |
|              |---------|-------------------|-------------------|-------------------|
|              |     2   |         11.282006 |         29.458015 |          0.134342 |
|              |         |          4.378949 |         17.577341 |          0.419991 |
|              |---------|-------------------|-------------------|-------------------|
|              |     2   |          1.751770 |          4.390301 |          0.897530 |
|              |---------|-------------------|-------------------|-------------------|
|              |     2   |          0.716485 |          0.918379 |          1.000000 |
|              |---------|-------------------|-------------------|-------------------|
|              |     2   |          0.297040 |          0.196714 |          1.000000 |
|              |---------|-------------------|-------------------|-------------------|
|              |     2   |          0.123709 |          0.042473 |          1.000000 |
|              |---------|-------------------|-------------------|-------------------|
|              |     3   |          1.878623 |          3.034016 |          0.623711 |
|              |         |          0.686036 |          0.394177 |          0.781655 |
|              |---------|-------------------|-------------------|-------------------|
|              |     4   |          1.143060 |          1.607406 |          1.000000 |
|--------------|---------|-------------------|-------------------|-------------------|
|   C (  4)    |         |                   |                   |                   |
|              |     0   |        384.443824 |          6.464008 |          0.182579 |
|              |         |        167.562663 |          2.273369 |          0.119704 |
|              |         |         76.619620 |          5.451024 |          0.516174 |
|              |         |         36.679529 |          3.255354 |          0.535616 |
|              |         |         18.338092 |          2.175038 |          0.601900 |
|              |---------|-------------------|-------------------|-------------------|
|              |     0   |          9.547063 |          3.870904 |          0.191659 |
|              |---------|-------------------|-------------------|-------------------|
|              |     0   |          5.158414 |          2.439480 |          1.000000 |
|              |---------|-------------------|-------------------|-------------------|
|              |     0   |          2.881670 |          1.576316 |          1.000000 |
|              |---------|-------------------|-------------------|-------------------|
|              |     0   |          1.657352 |          1.041049 |          1.000000 |
|              |---------|-------------------|-------------------|-------------------|
|              |     0   |          0.976810 |          0.700274 |          1.000000 |
|              |---------|-------------------|-------------------|-------------------|
|              |     0   |          0.587020 |          0.477969 |          1.000000 |
|              |---------|-------------------|-------------------|-------------------|
|              |     0   |          0.357793 |          0.329711 |          1.000000 |
|              |---------|-------------------|-------------------|-------------------|
|              |     0   |          0.219955 |          0.228908 |          1.000000 |
|              |---------|-------------------|-------------------|-------------------|
|              |     0   |          0.135608 |          0.159266 |          1.000000 |
|              |---------|-------------------|-------------------|-------------------|
|              |     1   |         62.067956 |         51.883191 |          0.257473 |
|              |         |         20.012751 |         28.674072 |          0.585660 |
|              |         |         10.205359 |         10.919719 |          0.517566 |
|              |---------|-------------------|-------------------|-------------------|
|              |     1   |          5.636704 |         12.380029 |          0.568186 |
|              |---------|-------------------|-------------------|-------------------|
|              |     1   |          2.874492 |          5.335086 |          1.000000 |
|              |---------|-------------------|-------------------|-------------------|
|              |     1   |          1.451379 |          2.270734 |          1.000000 |
|              |---------|-------------------|-------------------|-------------------|
|              |     1   |          0.732833 |          0.966487 |          1.000000 |
|              |---------|-------------------|-------------------|-------------------|
|              |     1   |          0.370026 |          0.411367 |          1.000000 |
|              |---------|-------------------|-------------------|-------------------|
|              |     1   |          0.186836 |          0.175092 |          1.000000 |
|              |---------|-------------------|-------------------|-------------------|
|              |     1   |          0.095282 |          0.075458 |          1.000000 |
|              |---------|-------------------|-------------------|-------------------|
|              |     2   |         11.282006 |         29.458015 |          0.134342 |
|              |         |          4.378949 |         17.577341 |          0.419991 |
|              |---------|-------------------|-------------------|-------------------|
|              |     2   |          1.751770 |          4.390301 |          0.897530 |
|              |---------|-------------------|-------------------|-------------------|
|              |     2   |          0.716485 |          0.918379 |          1.000000 |
|              |---------|-------------------|-------------------|-------------------|
|              |     2   |          0.297040 |          0.196714 |          1.000000 |
|              |---------|-------------------|-------------------|-------------------|
|              |     2   |          0.123709 |          0.042473 |          1.000000 |
|              |---------|-------------------|-------------------|-------------------|
|              |     3   |          1.878623 |          3.034016 |          0.623711 |
|              |         |          0.686036 |          0.394177 |          0.781655 |
|              |---------|-------------------|-------------------|-------------------|
|              |     4   |          1.143060 |          1.607406 |          1.000000 |
|--------------|---------|-------------------|-------------------|-------------------|
|   C (  5)    |         |                   |                   |                   |
|              |     0   |        384.443824 |          6.464008 |          0.182579 |
|              |         |        167.562663 |          2.273369 |          0.119704 |
|              |         |         76.619620 |          5.451024 |          0.516174 |
|              |         |         36.679529 |          3.255354 |          0.535616 |
|              |         |         18.338092 |          2.175038 |          0.601900 |
|              |---------|-------------------|-------------------|-------------------|
|              |     0   |          9.547063 |          3.870904 |          0.191659 |
|              |---------|-------------------|-------------------|-------------------|
|              |     0   |          5.158414 |          2.439480 |          1.000000 |
|              |---------|-------------------|-------------------|-------------------|
|              |     0   |          2.881670 |          1.576316 |          1.000000 |
|              |---------|-------------------|-------------------|-------------------|
|              |     0   |          1.657352 |          1.041049 |          1.000000 |
|              |---------|-------------------|-------------------|-------------------|
|              |     0   |          0.976810 |          0.700274 |          1.000000 |
|              |---------|-------------------|-------------------|-------------------|
|              |     0   |          0.587020 |          0.477969 |          1.000000 |
|              |---------|-------------------|-------------------|-------------------|
|              |     0   |          0.357793 |          0.329711 |          1.000000 |
|              |---------|-------------------|-------------------|-------------------|
|              |     0   |          0.219955 |          0.228908 |          1.000000 |
|              |---------|-------------------|-------------------|-------------------|
|              |     0   |          0.135608 |          0.159266 |          1.000000 |
|              |---------|-------------------|-------------------|-------------------|
|              |     1   |         62.067956 |         51.883191 |          0.257473 |
|              |         |         20.012751 |         28.674072 |          0.585660 |
|              |         |         10.205359 |         10.919719 |          0.517566 |
|              |---------|-------------------|-------------------|-------------------|
|              |     1   |          5.636704 |         12.380029 |          0.568186 |
|              |---------|-------------------|-------------------|-------------------|
|              |     1   |          2.874492 |          5.335086 |          1.000000 |
|              |---------|-------------------|-------------------|-------------------|
|              |     1   |          1.451379 |          2.270734 |          1.000000 |
|              |---------|-------------------|-------------------|-------------------|
|              |     1   |          0.732833 |          0.966487 |          1.000000 |
|              |---------|-------------------|-------------------|-------------------|
|              |     1   |          0.370026 |          0.411367 |          1.000000 |
|              |---------|-------------------|-------------------|-------------------|
|              |     1   |          0.186836 |          0.175092 |          1.000000 |
|              |---------|-------------------|-------------------|-------------------|
|              |     1   |          0.095282 |          0.075458 |          1.000000 |
|              |---------|-------------------|-------------------|-------------------|
|              |     2   |         11.282006 |         29.458015 |          0.134342 |
|              |         |          4.378949 |         17.577341 |          0.419991 |
|              |---------|-------------------|-------------------|-------------------|
|              |     2   |          1.751770 |          4.390301 |          0.897530 |
|              |---------|-------------------|-------------------|-------------------|
|              |     2   |          0.716485 |          0.918379 |          1.000000 |
|              |---------|-------------------|-------------------|-------------------|
|              |     2   |          0.297040 |          0.196714 |          1.000000 |
|              |---------|-------------------|-------------------|-------------------|
|              |     2   |          0.123709 |          0.042473 |          1.000000 |
|              |---------|-------------------|-------------------|-------------------|
|              |     3   |          1.878623 |          3.034016 |          0.623711 |
|              |         |          0.686036 |          0.394177 |          0.781655 |
|              |---------|-------------------|-------------------|-------------------|
|              |     4   |          1.143060 |          1.607406 |          1.000000 |
|--------------|---------|-------------------|-------------------|-------------------|
|   H (  6)    |         |                   |                   |                   |
|              |     0   |         22.068343 |          0.307959 |          0.053034 |
|              |         |          4.390571 |          0.682679 |          0.394652 |
|              |         |          1.054079 |          0.544223 |          0.917299 |
|              |---------|-------------------|-------------------|-------------------|
|              |     0   |          0.271787 |          0.268276 |          1.000000 |
|              |---------|-------------------|-------------------|-------------------|
|              |     1   |          1.852998 |          3.081653 |          1.000000 |
|              |---------|-------------------|-------------------|-------------------|
|              |     1   |          0.388103 |          0.436641 |          1.000000 |
|              |---------|-------------------|-------------------|-------------------|
|              |     2   |          2.557993 |          8.515956 |          1.000000 |
|              |---------|-------------------|-------------------|-------------------|
|              |     2   |          0.329265 |          0.235567 |          1.000000 |
|--------------|---------|-------------------|-------------------|-------------------|
|   H (  7)    |         |                   |                   |                   |
|              |     0   |         22.068343 |          0.307959 |          0.053034 |
|              |         |          4.390571 |          0.682679 |          0.394652 |
|              |         |          1.054079 |          0.544223 |          0.917299 |
|              |---------|-------------------|-------------------|-------------------|
|              |     0   |          0.271787 |          0.268276 |          1.000000 |
|              |---------|-------------------|-------------------|-------------------|
|              |     1   |          1.852998 |          3.081653 |          1.000000 |
|              |---------|-------------------|-------------------|-------------------|
|              |     1   |          0.388103 |          0.436641 |          1.000000 |
|              |---------|-------------------|-------------------|-------------------|
|              |     2   |          2.557993 |          8.515956 |          1.000000 |
|              |---------|-------------------|-------------------|-------------------|
|              |     2   |          0.329265 |          0.235567 |          1.000000 |
|--------------|---------|-------------------|-------------------|-------------------|
|   H (  8)    |         |                   |                   |                   |
|              |     0   |         22.068343 |          0.307959 |          0.053034 |
|              |         |          4.390571 |          0.682679 |          0.394652 |
|              |         |          1.054079 |          0.544223 |          0.917299 |
|              |---------|-------------------|-------------------|-------------------|
|              |     0   |          0.271787 |          0.268276 |          1.000000 |
|              |---------|-------------------|-------------------|-------------------|
|              |     1   |          1.852998 |          3.081653 |          1.000000 |
|              |---------|-------------------|-------------------|-------------------|
|              |     1   |          0.388103 |          0.436641 |          1.000000 |
|              |---------|-------------------|-------------------|-------------------|
|              |     2   |          2.557993 |          8.515956 |          1.000000 |
|              |---------|-------------------|-------------------|-------------------|
|              |     2   |          0.329265 |          0.235567 |          1.000000 |
|--------------|---------|-------------------|-------------------|-------------------|
|   H (  9)    |         |                   |                   |                   |
|              |     0   |         22.068343 |          0.307959 |          0.053034 |
|              |         |          4.390571 |          0.682679 |          0.394652 |
|              |         |          1.054079 |          0.544223 |          0.917299 |
|              |---------|-------------------|-------------------|-------------------|
|              |     0   |          0.271787 |          0.268276 |          1.000000 |
|              |---------|-------------------|-------------------|-------------------|
|              |     1   |          1.852998 |          3.081653 |          1.000000 |
|              |---------|-------------------|-------------------|-------------------|
|              |     1   |          0.388103 |          0.436641 |          1.000000 |
|              |---------|-------------------|-------------------|-------------------|
|              |     2   |          2.557993 |          8.515956 |          1.000000 |
|              |---------|-------------------|-------------------|-------------------|
|              |     2   |          0.329265 |          0.235567 |          1.000000 |
|--------------|---------|-------------------|-------------------|-------------------|
|   H ( 10)    |         |                   |                   |                   |
|              |     0   |         22.068343 |          0.307959 |          0.053034 |
|              |         |          4.390571 |          0.682679 |          0.394652 |
|              |         |          1.054079 |          0.544223 |          0.917299 |
|              |---------|-------------------|-------------------|-------------------|
|              |     0   |          0.271787 |          0.268276 |          1.000000 |
|              |---------|-------------------|-------------------|-------------------|
|              |     1   |          1.852998 |          3.081653 |          1.000000 |
|              |---------|-------------------|-------------------|-------------------|
|              |     1   |          0.388103 |          0.436641 |          1.000000 |
|              |---------|-------------------|-------------------|-------------------|
|              |     2   |          2.557993 |          8.515956 |          1.000000 |
|              |---------|-------------------|-------------------|-------------------|
|              |     2   |          0.329265 |          0.235567 |          1.000000 |
|--------------|---------|-------------------|-------------------|-------------------|
|   C ( 11)    |         |                   |                   |                   |
|              |     0   |        384.443824 |          6.464008 |          0.182579 |
|              |         |        167.562663 |          2.273369 |          0.119704 |
|              |         |         76.619620 |          5.451024 |          0.516174 |
|              |         |         36.679529 |          3.255354 |          0.535616 |
|              |         |         18.338092 |          2.175038 |          0.601900 |
|              |---------|-------------------|-------------------|-------------------|
|              |     0   |          9.547063 |          3.870904 |          0.191659 |
|              |---------|-------------------|-------------------|-------------------|
|              |     0   |          5.158414 |          2.439480 |          1.000000 |
|              |---------|-------------------|-------------------|-------------------|
|              |     0   |          2.881670 |          1.576316 |          1.000000 |
|              |---------|-------------------|-------------------|-------------------|
|              |     0   |          1.657352 |          1.041049 |          1.000000 |
|              |---------|-------------------|-------------------|-------------------|
|              |     0   |          0.976810 |          0.700274 |          1.000000 |
|              |---------|-------------------|-------------------|-------------------|
|              |     0   |          0.587020 |          0.477969 |          1.000000 |
|              |---------|-------------------|-------------------|-------------------|
|              |     0   |          0.357793 |          0.329711 |          1.000000 |
|              |---------|-------------------|-------------------|-------------------|
|              |     0   |          0.219955 |          0.228908 |          1.000000 |
|              |---------|-------------------|-------------------|-------------------|
|              |     0   |          0.135608 |          0.159266 |          1.000000 |
|              |---------|-------------------|-------------------|-------------------|
|              |     1   |         62.067956 |         51.883191 |          0.257473 |
|              |         |         20.012751 |         28.674072 |          0.585660 |
|              |         |         10.205359 |         10.919719 |          0.517566 |
|              |---------|-------------------|-------------------|-------------------|
|              |     1   |          5.636704 |         12.380029 |          0.568186 |
|              |---------|-------------------|-------------------|-------------------|
|              |     1   |          2.874492 |          5.335086 |          1.000000 |
|              |---------|-------------------|-------------------|-------------------|
|              |     1   |          1.451379 |          2.270734 |          1.000000 |
|              |---------|-------------------|-------------------|-------------------|
|              |     1   |          0.732833 |          0.966487 |          1.000000 |
|              |---------|-------------------|-------------------|-------------------|
|              |     1   |          0.370026 |          0.411367 |          1.000000 |
|              |---------|-------------------|-------------------|-------------------|
|              |     1   |          0.186836 |          0.175092 |          1.000000 |
|              |---------|-------------------|-------------------|-------------------|
|              |     1   |          0.095282 |          0.075458 |          1.000000 |
|              |---------|-------------------|-------------------|-------------------|
|              |     2   |         11.282006 |         29.458015 |          0.134342 |
|              |         |          4.378949 |         17.577341 |          0.419991 |
|              |---------|-------------------|-------------------|-------------------|
|              |     2   |          1.751770 |          4.390301 |          0.897530 |
|              |---------|-------------------|-------------------|-------------------|
|              |     2   |          0.716485 |          0.918379 |          1.000000 |
|              |---------|-------------------|-------------------|-------------------|
|              |     2   |          0.297040 |          0.196714 |          1.000000 |
|              |---------|-------------------|-------------------|-------------------|
|              |     2   |          0.123709 |          0.042473 |          1.000000 |
|              |---------|-------------------|-------------------|-------------------|
|              |     3   |          1.878623 |          3.034016 |          0.623711 |
|              |         |          0.686036 |          0.394177 |          0.781655 |
|              |---------|-------------------|-------------------|-------------------|
|              |     4   |          1.143060 |          1.607406 |          1.000000 |
|--------------|---------|-------------------|-------------------|-------------------|
|   C ( 12)    |         |                   |                   |                   |
|              |     0   |        384.443824 |          6.464008 |          0.182579 |
|              |         |        167.562663 |          2.273369 |          0.119704 |
|              |         |         76.619620 |          5.451024 |          0.516174 |
|              |         |         36.679529 |          3.255354 |          0.535616 |
|              |         |         18.338092 |          2.175038 |          0.601900 |
|              |---------|-------------------|-------------------|-------------------|
|              |     0   |          9.547063 |          3.870904 |          0.191659 |
|              |---------|-------------------|-------------------|-------------------|
|              |     0   |          5.158414 |          2.439480 |          1.000000 |
|              |---------|-------------------|-------------------|-------------------|
|              |     0   |          2.881670 |          1.576316 |          1.000000 |
|              |---------|-------------------|-------------------|-------------------|
|              |     0   |          1.657352 |          1.041049 |          1.000000 |
|              |---------|-------------------|-------------------|-------------------|
|              |     0   |          0.976810 |          0.700274 |          1.000000 |
|              |---------|-------------------|-------------------|-------------------|
|              |     0   |          0.587020 |          0.477969 |          1.000000 |
|              |---------|-------------------|-------------------|-------------------|
|              |     0   |          0.357793 |          0.329711 |          1.000000 |
|              |---------|-------------------|-------------------|-------------------|
|              |     0   |          0.219955 |          0.228908 |          1.000000 |
|              |---------|-------------------|-------------------|-------------------|
|              |     0   |          0.135608 |          0.159266 |          1.000000 |
|              |---------|-------------------|-------------------|-------------------|
|              |     1   |         62.067956 |         51.883191 |          0.257473 |
|              |         |         20.012751 |         28.674072 |          0.585660 |
|              |         |         10.205359 |         10.919719 |          0.517566 |
|              |---------|-------------------|-------------------|-------------------|
|              |     1   |          5.636704 |         12.380029 |          0.568186 |
|              |---------|-------------------|-------------------|-------------------|
|              |     1   |          2.874492 |          5.335086 |          1.000000 |
|              |---------|-------------------|-------------------|-------------------|
|              |     1   |          1.451379 |          2.270734 |          1.000000 |
|              |---------|-------------------|-------------------|-------------------|
|              |     1   |          0.732833 |          0.966487 |          1.000000 |
|              |---------|-------------------|-------------------|-------------------|
|              |     1   |          0.370026 |          0.411367 |          1.000000 |
|              |---------|-------------------|-------------------|-------------------|
|              |     1   |          0.186836 |          0.175092 |          1.000000 |
|              |---------|-------------------|-------------------|-------------------|
|              |     1   |          0.095282 |          0.075458 |          1.000000 |
|              |---------|-------------------|-------------------|-------------------|
|              |     2   |         11.282006 |         29.458015 |          0.134342 |
|              |         |          4.378949 |         17.577341 |          0.419991 |
|              |---------|-------------------|-------------------|-------------------|
|              |     2   |          1.751770 |          4.390301 |          0.897530 |
|              |---------|-------------------|-------------------|-------------------|
|              |     2   |          0.716485 |          0.918379 |          1.000000 |
|              |---------|-------------------|-------------------|-------------------|
|              |     2   |          0.297040 |          0.196714 |          1.000000 |
|              |---------|-------------------|-------------------|-------------------|
|              |     2   |          0.123709 |          0.042473 |          1.000000 |
|              |---------|-------------------|-------------------|-------------------|
|              |     3   |          1.878623 |          3.034016 |          0.623711 |
|              |         |          0.686036 |          0.394177 |          0.781655 |
|              |---------|-------------------|-------------------|-------------------|
|              |     4   |          1.143060 |          1.607406 |          1.000000 |
|--------------|---------|-------------------|-------------------|-------------------|
|   C ( 13)    |         |                   |                   |                   |
|              |     0   |        384.443824 |          6.464008 |          0.182579 |
|              |         |        167.562663 |          2.273369 |          0.119704 |
|              |         |         76.619620 |          5.451024 |          0.516174 |
|              |         |         36.679529 |          3.255354 |          0.535616 |
|              |         |         18.338092 |          2.175038 |          0.601900 |
|              |---------|-------------------|-------------------|-------------------|
|              |     0   |          9.547063 |          3.870904 |          0.191659 |
|              |---------|-------------------|-------------------|-------------------|
|              |     0   |          5.158414 |          2.439480 |          1.000000 |
|              |---------|-------------------|-------------------|-------------------|
|              |     0   |          2.881670 |          1.576316 |          1.000000 |
|              |---------|-------------------|-------------------|-------------------|
|              |     0   |          1.657352 |          1.041049 |          1.000000 |
|              |---------|-------------------|-------------------|-------------------|
|              |     0   |          0.976810 |          0.700274 |          1.000000 |
|              |---------|-------------------|-------------------|-------------------|
|              |     0   |          0.587020 |          0.477969 |          1.000000 |
|              |---------|-------------------|-------------------|-------------------|
|              |     0   |          0.357793 |          0.329711 |          1.000000 |
|              |---------|-------------------|-------------------|-------------------|
|              |     0   |          0.219955 |          0.228908 |          1.000000 |
|              |---------|-------------------|-------------------|-------------------|
|              |     0   |          0.135608 |          0.159266 |          1.000000 |
|              |---------|-------------------|-------------------|-------------------|
|              |     1   |         62.067956 |         51.883191 |          0.257473 |
|              |         |         20.012751 |         28.674072 |          0.585660 |
|              |         |         10.205359 |         10.919719 |          0.517566 |
|              |---------|-------------------|-------------------|-------------------|
|              |     1   |          5.636704 |         12.380029 |          0.568186 |
|              |---------|-------------------|-------------------|-------------------|
|              |     1   |          2.874492 |          5.335086 |          1.000000 |
|              |---------|-------------------|-------------------|-------------------|
|              |     1   |          1.451379 |          2.270734 |          1.000000 |
|              |---------|-------------------|-------------------|-------------------|
|              |     1   |          0.732833 |          0.966487 |          1.000000 |
|              |---------|-------------------|-------------------|-------------------|
|              |     1   |          0.370026 |          0.411367 |          1.000000 |
|              |---------|-------------------|-------------------|-------------------|
|              |     1   |          0.186836 |          0.175092 |          1.000000 |
|              |---------|-------------------|-------------------|-------------------|
|              |     1   |          0.095282 |          0.075458 |          1.000000 |
|              |---------|-------------------|-------------------|-------------------|
|              |     2   |         11.282006 |         29.458015 |          0.134342 |
|              |         |          4.378949 |         17.577341 |          0.419991 |
|              |---------|-------------------|-------------------|-------------------|
|              |     2   |          1.751770 |          4.390301 |          0.897530 |
|              |---------|-------------------|-------------------|-------------------|
|              |     2   |          0.716485 |          0.918379 |          1.000000 |
|              |---------|-------------------|-------------------|-------------------|
|              |     2   |          0.297040 |          0.196714 |          1.000000 |
|              |---------|-------------------|-------------------|-------------------|
|              |     2   |          0.123709 |          0.042473 |          1.000000 |
|              |---------|-------------------|-------------------|-------------------|
|              |     3   |          1.878623 |          3.034016 |          0.623711 |
|              |         |          0.686036 |          0.394177 |          0.781655 |
|              |---------|-------------------|-------------------|-------------------|
|              |     4   |          1.143060 |          1.607406 |          1.000000 |
|--------------|---------|-------------------|-------------------|-------------------|
|   C ( 14)    |         |                   |                   |                   |
|              |     0   |        384.443824 |          6.464008 |          0.182579 |
|              |         |        167.562663 |          2.273369 |          0.119704 |
|              |         |         76.619620 |          5.451024 |          0.516174 |
|              |         |         36.679529 |          3.255354 |          0.535616 |
|              |         |         18.338092 |          2.175038 |          0.601900 |
|              |---------|-------------------|-------------------|-------------------|
|              |     0   |          9.547063 |          3.870904 |          0.191659 |
|              |---------|-------------------|-------------------|-------------------|
|              |     0   |          5.158414 |          2.439480 |          1.000000 |
|              |---------|-------------------|-------------------|-------------------|
|              |     0   |          2.881670 |          1.576316 |          1.000000 |
|              |---------|-------------------|-------------------|-------------------|
|              |     0   |          1.657352 |          1.041049 |          1.000000 |
|              |---------|-------------------|-------------------|-------------------|
|              |     0   |          0.976810 |          0.700274 |          1.000000 |
|              |---------|-------------------|-------------------|-------------------|
|              |     0   |          0.587020 |          0.477969 |          1.000000 |
|              |---------|-------------------|-------------------|-------------------|
|              |     0   |          0.357793 |          0.329711 |          1.000000 |
|              |---------|-------------------|-------------------|-------------------|
|              |     0   |          0.219955 |          0.228908 |          1.000000 |
|              |---------|-------------------|-------------------|-------------------|
|              |     0   |          0.135608 |          0.159266 |          1.000000 |
|              |---------|-------------------|-------------------|-------------------|
|              |     1   |         62.067956 |         51.883191 |          0.257473 |
|              |         |         20.012751 |         28.674072 |          0.585660 |
|              |         |         10.205359 |         10.919719 |          0.517566 |
|              |---------|-------------------|-------------------|-------------------|
|              |     1   |          5.636704 |         12.380029 |          0.568186 |
|              |---------|-------------------|-------------------|-------------------|
|              |     1   |          2.874492 |          5.335086 |          1.000000 |
|              |---------|-------------------|-------------------|-------------------|
|              |     1   |          1.451379 |          2.270734 |          1.000000 |
|              |---------|-------------------|-------------------|-------------------|
|              |     1   |          0.732833 |          0.966487 |          1.000000 |
|              |---------|-------------------|-------------------|-------------------|
|              |     1   |          0.370026 |          0.411367 |          1.000000 |
|              |---------|-------------------|-------------------|-------------------|
|              |     1   |          0.186836 |          0.175092 |          1.000000 |
|              |---------|-------------------|-------------------|-------------------|
|              |     1   |          0.095282 |          0.075458 |          1.000000 |
|              |---------|-------------------|-------------------|-------------------|
|              |     2   |         11.282006 |         29.458015 |          0.134342 |
|              |         |          4.378949 |         17.577341 |          0.419991 |
|              |---------|-------------------|-------------------|-------------------|
|              |     2   |          1.751770 |          4.390301 |          0.897530 |
|              |---------|-------------------|-------------------|-------------------|
|              |     2   |          0.716485 |          0.918379 |          1.000000 |
|              |---------|-------------------|-------------------|-------------------|
|              |     2   |          0.297040 |          0.196714 |          1.000000 |
|              |---------|-------------------|-------------------|-------------------|
|              |     2   |          0.123709 |          0.042473 |          1.000000 |
|              |---------|-------------------|-------------------|-------------------|
|              |     3   |          1.878623 |          3.034016 |          0.623711 |
|              |         |          0.686036 |          0.394177 |          0.781655 |
|              |---------|-------------------|-------------------|-------------------|
|              |     4   |          1.143060 |          1.607406 |          1.000000 |
|--------------|---------|-------------------|-------------------|-------------------|
|   C ( 15)    |         |                   |                   |                   |
|              |     0   |        384.443824 |          6.464008 |          0.182579 |
|              |         |        167.562663 |          2.273369 |          0.119704 |
|              |         |         76.619620 |          5.451024 |          0.516174 |
|              |         |         36.679529 |          3.255354 |          0.535616 |
|              |         |         18.338092 |          2.175038 |          0.601900 |
|              |---------|-------------------|-------------------|-------------------|
|              |     0   |          9.547063 |          3.870904 |          0.191659 |
|              |---------|-------------------|-------------------|-------------------|
|              |     0   |          5.158414 |          2.439480 |          1.000000 |
|              |---------|-------------------|-------------------|-------------------|
|              |     0   |          2.881670 |          1.576316 |          1.000000 |
|              |---------|-------------------|-------------------|-------------------|
|              |     0   |          1.657352 |          1.041049 |          1.000000 |
|              |---------|-------------------|-------------------|-------------------|
|              |     0   |          0.976810 |          0.700274 |          1.000000 |
|              |---------|-------------------|-------------------|-------------------|
|              |     0   |          0.587020 |          0.477969 |          1.000000 |
|              |---------|-------------------|-------------------|-------------------|
|              |     0   |          0.357793 |          0.329711 |          1.000000 |
|              |---------|-------------------|-------------------|-------------------|
|              |     0   |          0.219955 |          0.228908 |          1.000000 |
|              |---------|-------------------|-------------------|-------------------|
|              |     0   |          0.135608 |          0.159266 |          1.000000 |
|              |---------|-------------------|-------------------|-------------------|
|              |     1   |         62.067956 |         51.883191 |          0.257473 |
|              |         |         20.012751 |         28.674072 |          0.585660 |
|              |         |         10.205359 |         10.919719 |          0.517566 |
|              |---------|-------------------|-------------------|-------------------|
|              |     1   |          5.636704 |         12.380029 |          0.568186 |
|              |---------|-------------------|-------------------|-------------------|
|              |     1   |          2.874492 |          5.335086 |          1.000000 |
|              |---------|-------------------|-------------------|-------------------|
|              |     1   |          1.451379 |          2.270734 |          1.000000 |
|              |---------|-------------------|-------------------|-------------------|
|              |     1   |          0.732833 |          0.966487 |          1.000000 |
|              |---------|-------------------|-------------------|-------------------|
|              |     1   |          0.370026 |          0.411367 |          1.000000 |
|              |---------|-------------------|-------------------|-------------------|
|              |     1   |          0.186836 |          0.175092 |          1.000000 |
|              |---------|-------------------|-------------------|-------------------|
|              |     1   |          0.095282 |          0.075458 |          1.000000 |
|              |---------|-------------------|-------------------|-------------------|
|              |     2   |         11.282006 |         29.458015 |          0.134342 |
|              |         |          4.378949 |         17.577341 |          0.419991 |
|              |---------|-------------------|-------------------|-------------------|
|              |     2   |          1.751770 |          4.390301 |          0.897530 |
|              |---------|-------------------|-------------------|-------------------|
|              |     2   |          0.716485 |          0.918379 |          1.000000 |
|              |---------|-------------------|-------------------|-------------------|
|              |     2   |          0.297040 |          0.196714 |          1.000000 |
|              |---------|-------------------|-------------------|-------------------|
|              |     2   |          0.123709 |          0.042473 |          1.000000 |
|              |---------|-------------------|-------------------|-------------------|
|              |     3   |          1.878623 |          3.034016 |          0.623711 |
|              |         |          0.686036 |          0.394177 |          0.781655 |
|              |---------|-------------------|-------------------|-------------------|
|              |     4   |          1.143060 |          1.607406 |          1.000000 |
|--------------|---------|-------------------|-------------------|-------------------|
|   H ( 16)    |         |                   |                   |                   |
|              |     0   |         22.068343 |          0.307959 |          0.053034 |
|              |         |          4.390571 |          0.682679 |          0.394652 |
|              |         |          1.054079 |          0.544223 |          0.917299 |
|              |---------|-------------------|-------------------|-------------------|
|              |     0   |          0.271787 |          0.268276 |          1.000000 |
|              |---------|-------------------|-------------------|-------------------|
|              |     1   |          1.852998 |          3.081653 |          1.000000 |
|              |---------|-------------------|-------------------|-------------------|
|              |     1   |          0.388103 |          0.436641 |          1.000000 |
|              |---------|-------------------|-------------------|-------------------|
|              |     2   |          2.557993 |          8.515956 |          1.000000 |
|              |---------|-------------------|-------------------|-------------------|
|              |     2   |          0.329265 |          0.235567 |          1.000000 |
|--------------|---------|-------------------|-------------------|-------------------|
|   H ( 17)    |         |                   |                   |                   |
|              |     0   |         22.068343 |          0.307959 |          0.053034 |
|              |         |          4.390571 |          0.682679 |          0.394652 |
|              |         |          1.054079 |          0.544223 |          0.917299 |
|              |---------|-------------------|-------------------|-------------------|
|              |     0   |          0.271787 |          0.268276 |          1.000000 |
|              |---------|-------------------|-------------------|-------------------|
|              |     1   |          1.852998 |          3.081653 |          1.000000 |
|              |---------|-------------------|-------------------|-------------------|
|              |     1   |          0.388103 |          0.436641 |          1.000000 |
|              |---------|-------------------|-------------------|-------------------|
|              |     2   |          2.557993 |          8.515956 |          1.000000 |
|              |---------|-------------------|-------------------|-------------------|
|              |     2   |          0.329265 |          0.235567 |          1.000000 |
|--------------|---------|-------------------|-------------------|-------------------|
|   H ( 18)    |         |                   |                   |                   |
|              |     0   |         22.068343 |          0.307959 |          0.053034 |
|              |         |          4.390571 |          0.682679 |          0.394652 |
|              |         |          1.054079 |          0.544223 |          0.917299 |
|              |---------|-------------------|-------------------|-------------------|
|              |     0   |          0.271787 |          0.268276 |          1.000000 |
|              |---------|-------------------|-------------------|-------------------|
|              |     1   |          1.852998 |          3.081653 |          1.000000 |
|              |---------|-------------------|-------------------|-------------------|
|              |     1   |          0.388103 |          0.436641 |          1.000000 |
|              |---------|-------------------|-------------------|-------------------|
|              |     2   |          2.557993 |          8.515956 |          1.000000 |
|              |---------|-------------------|-------------------|-------------------|
|              |     2   |          0.329265 |          0.235567 |          1.000000 |
|--------------|---------|-------------------|-------------------|-------------------|
|   H ( 19)    |         |                   |                   |                   |
|              |     0   |         22.068343 |          0.307959 |          0.053034 |
|              |         |          4.390571 |          0.682679 |          0.394652 |
|              |         |          1.054079 |          0.544223 |          0.917299 |
|              |---------|-------------------|-------------------|-------------------|
|              |     0   |          0.271787 |          0.268276 |          1.000000 |
|              |---------|-------------------|-------------------|-------------------|
|              |     1   |          1.852998 |          3.081653 |          1.000000 |
|              |---------|-------------------|-------------------|-------------------|
|              |     1   |          0.388103 |          0.436641 |          1.000000 |
|              |---------|-------------------|-------------------|-------------------|
|              |     2   |          2.557993 |          8.515956 |          1.000000 |
|              |---------|-------------------|-------------------|-------------------|
|              |     2   |          0.329265 |          0.235567 |          1.000000 |
|--------------|---------|-------------------|-------------------|-------------------|
|   H ( 20)    |         |                   |                   |                   |
|              |     0   |         22.068343 |          0.307959 |          0.053034 |
|              |         |          4.390571 |          0.682679 |          0.394652 |
|              |         |          1.054079 |          0.544223 |          0.917299 |
|              |---------|-------------------|-------------------|-------------------|
|              |     0   |          0.271787 |          0.268276 |          1.000000 |
|              |---------|-------------------|-------------------|-------------------|
|              |     1   |          1.852998 |          3.081653 |          1.000000 |
|              |---------|-------------------|-------------------|-------------------|
|              |     1   |          0.388103 |          0.436641 |          1.000000 |
|              |---------|-------------------|-------------------|-------------------|
|              |     2   |          2.557993 |          8.515956 |          1.000000 |
|              |---------|-------------------|-------------------|-------------------|
|              |     2   |          0.329265 |          0.235567 |          1.000000 |
|______________|_________|___________________|___________________|___________________|



 Pseudopotential information:

 ________________________________________________________________ 





Calculation of 1-el matrices:
Time to step -    0.47980
Full time    -    0.47980



_____________________Starting_AVAS_orbital_steering____________________

AVAS settings:
Reference basis:                  cc-pvtz-minao
Target atoms:                     1
Target shells:                    3d

Reference functions:              5
Active window:                    5 occupied + 2 virtual

AVAS occupied-block sigma (descending) (5 of 48 selected)
  0.99392607  0.97467147  0.97467144  0.32737883  0.32737861
  ---- selection boundary ----
  0.00000000  0.00000000  0.00000000  0.00000000  0.00000000  0.00000000
  0.00000000  0.00000000  0.00000000  0.00000000  0.00000000  0.00000000
  0.00000000  0.00000000  0.00000000  0.00000000  0.00000000  0.00000000
  0.00000000  0.00000000
  ... 23 smaller values not printed

AVAS virtual-block  sigma (descending) (2 of 460 selected)
  0.67262139  0.67262117
  ---- selection boundary ----
  0.02532856  0.02532853  0.00607393  0.00000000  0.00000000  0.00000000
  0.00000000  0.00000000  0.00000000  0.00000000  0.00000000  0.00000000
  0.00000000  0.00000000  0.00000000  0.00000000  0.00000000  0.00000000
  0.00000000  0.00000000
  ... 438 smaller values not printed

NOTE: the occupied boundary after 5 orbitals is not the largest gap of its spectrum

Writing AVAS orbitals:
visualization file: ferrocene_AVAS.out
data file         : ferrocene_AVAS.orb

_______________________________________________________________________





______________________Starting_CASSCF_calculations_____________________

Number of states                  7
State multiplicity                1 (singlet)

Active space:
Number of alpha electrons         5
Number of beta  electrons         5
Number of active orbitals         7

Number of core orbitals:          43

Preparation of virtual orbitals:  yes
State tracking:                   no 
State averaging:
Weights:	all equal to 1

SCF settings:
Energy convergence:               1.000000e-12
Orbital gradient convergence:     1.000000e-06
Rotation matrix convergence :     1.000000e-07
Maximum number of iterations:     50
Maximum SOSCF step          :     1.000000e-01

CI solver:                        determinant CI (aldet)
Davidson diagonalization settings:
Number of correlation vectors:    21
Number of basis functions:        300
Maximum number of iterations:     250
Energy convergence:               1.000000e-10
Residue convergence:              1.000000e-12
Orthogonality cut-off:            1.000000e-08
Energy denominator shift:         3.000000e-02
Sparsed multiplication:           no

_______________________________________________________________________




RI integrals calculation:
Time to step -    1.84904
Full time    -    2.32884


____________________Starting_Davidson_diagonalization__________________


Step 0
_________________________________________________
  n | E                 | dE         | norm(r)   |
____|___________________|____________|___________|
  0 |  -1646.9454702425 | -1.647e+03 | 3.040e-24 |
  1 |  -1646.8416894844 | -1.647e+03 | 3.918e-24 |
  2 |  -1646.8416894843 | -1.647e+03 | 5.126e-24 |
  3 |  -1646.8236297478 | -1.647e+03 | 4.476e-24 |
  4 |  -1646.8236297447 | -1.647e+03 | 5.017e-24 |
  5 |  -1646.7319144350 | -1.647e+03 | 6.973e-24 |
  6 |  -1646.7319143295 | -1.647e+03 | 8.872e-24 |
____|___________________|____________|___________|
number of corr vectors=196
7 roots converged at step 0


CAS_CI WaveFunctions:

State 0  E  =   -1646.9454702425 S^2 = 0.00:
 9.7612343385e-01  | 1111100 | 1111100
 7.2036597397e-02  | 1100111 | 1111100
 7.2036597397e-02  | 1111100 | 1100111
-6.5845204648e-02  | 1101110 | 1101110
-6.5845197713e-02  | 1110110 | 1110110
-6.5845151649e-02  | 1110101 | 1110101
-6.5845139013e-02  | 1101101 | 1101101
-4.6202945596e-02  | 1011101 | 1011101
-4.6202886596e-02  | 0111110 | 0111110
 3.9830029057e-02  | 1011101 | 0111110
State 1  E  =   -1646.8416894844 S^2 = 0.00:
 4.9750749523e-01  | 1111100 | 1101110
 4.9750749523e-01  | 1101110 | 1111100
-4.9750521163e-01  | 1111100 | 1110101
-4.9750521163e-01  | 1110101 | 1111100
 2.4812646532e-02  | 1111001 | 1101011
 2.4812646532e-02  | 1101011 | 1111001
 2.4812597879e-02  | 1111010 | 1110011
 2.4812597879e-02  | 1110011 | 1111010
-2.4064580084e-02  | 1011101 | 1001111
-2.4064580084e-02  | 1001111 | 1011101
State 2  E  =   -1646.8416894843 S^2 = 0.00:
 4.9750726702e-01  | 1111100 | 1110110
 4.9750726702e-01  | 1110110 | 1111100
 4.9750543984e-01  | 1111100 | 1101101
 4.9750543984e-01  | 1101101 | 1111100
 2.4812638707e-02  | 1111001 | 1110011
 2.4812638707e-02  | 1110011 | 1111001
-2.4812605743e-02  | 1111010 | 1101011
-2.4812605743e-02  | 1101011 | 1111010
-2.4064570765e-02  | 1011101 | 1010111
-2.4064570765e-02  | 1010111 | 1011101
State 3  E  =   -1646.8236297478 S^2 = 0.00:
-4.3768867634e-01  | 1111100 | 1110101
-4.3768867634e-01  | 1110101 | 1111100
-4.3768644981e-01  | 1111100 | 1101110
-4.3768644981e-01  | 1101110 | 1111100
 3.1988711222e-01  | 1111100 | 1111001
 3.1988711222e-01  | 1111001 | 1111100
-7.0812335969e-02  | 1110101 | 1100111
-7.0812335969e-02  | 1100111 | 1110101
-7.0812287976e-02  | 1101110 | 1100111
-7.0812287976e-02  | 1100111 | 1101110
State 4  E  =   -1646.8236297447 S^2 = 0.00:
 4.3768855179e-01  | 1111100 | 1101101
 4.3768855179e-01  | 1101101 | 1111100
-4.3768681388e-01  | 1111100 | 1110110
-4.3768681388e-01  | 1110110 | 1111100
-3.1988679036e-01  | 1111100 | 1111010
-3.1988679036e-01  | 1111010 | 1111100
 7.0812339605e-02  | 1101101 | 1100111
 7.0812339605e-02  | 1100111 | 1101101
-7.0812307459e-02  | 1110110 | 1100111
-7.0812307459e-02  | 1100111 | 1110110
State 5  E  =   -1646.7319144350 S^2 = 0.00:
 6.1417307474e-01  | 1111100 | 1111010
 6.1417307474e-01  | 1111010 | 1111100
 2.2124942085e-01  | 1111100 | 1101101
 2.2124942085e-01  | 1101101 | 1111100
-2.2124876690e-01  | 1111100 | 1110110
-2.2124876690e-01  | 1110110 | 1111100
-7.2109142171e-02  | 1101101 | 1101011
-7.2109142171e-02  | 1101011 | 1101101
-7.2109110966e-02  | 1110101 | 1110011
-7.2109110966e-02  | 1110011 | 1110101
State 6  E  =   -1646.7319143295 S^2 = 0.00:
-6.1417289998e-01  | 1111100 | 1111001
-6.1417289998e-01  | 1111001 | 1111100
-2.2124967487e-01  | 1111100 | 1110101
-2.2124967487e-01  | 1110101 | 1111100
-2.2124896538e-01  | 1111100 | 1101110
-2.2124896538e-01  | 1101110 | 1111100
-7.2109197502e-02  | 1110110 | 1110011
-7.2109197502e-02  | 1110011 | 1110110
-7.2109168534e-02  | 1101110 | 1101011
-7.2109168534e-02  | 1101011 | 1101110


Davidson diagonalization:
Time to step -    1.02094
Full time    -    3.34978
_______________________________________________________________________
Primary CI and calculation canonical orbitals:
Time to step -    0.63975
Full time    -    3.98953


CAS_SCF density averaging:
__________________________________________
 State| E                 | S^2  | weight |
______|___________________|______|________|
    0 |  -1646.9454702425 | 0.00 | 1.00   |
    1 |  -1646.8416894844 | 0.00 | 1.00   |
    2 |  -1646.8416894843 | 0.00 | 1.00   |
    3 |  -1646.8236297478 | 0.00 | 1.00   |
    4 |  -1646.8236297447 | 0.00 | 1.00   |
    5 |  -1646.7319144350 | 0.00 | 1.00   |
    6 |  -1646.7319143295 | 0.00 | 1.00   |
______|___________________|______|________|

Start CAS_SCF iterations
_________________________________________________________________________________
  N | E                 | dE         | LAG.ASYM. | ROT.STEP  | N_dav | sweep_dE  |
____|___________________|____________|___________|___________|_______|___________|
  0 |  -1646.8199910669 | -1.647e+03 | 1.872e-01 | 1.000e+00 |   0   | 0.000e+00 |
 SOSCF is scaling rotation angle matrix Xmax=3.05921e-01                         |
  1 |  -1646.8411886235 | -2.120e-02 | 1.364e-01 | 1.000e-01 |   0   | 0.000e+00 |
 SOSCF is scaling rotation angle matrix Xmax=5.88597e-01                         |
  2 |  -1646.8522353238 | -1.105e-02 | 1.093e-01 | 1.000e-01 |   0   | 0.000e+00 |
 SOSCF is scaling rotation angle matrix Xmax=3.64451e-01                         |
  3 |  -1646.8610905549 | -8.855e-03 | 8.007e-02 | 1.000e-01 |   0   | 0.000e+00 |
 SOSCF is scaling rotation angle matrix Xmax=1.15156e-01                         |
  4 |  -1646.8678929076 | -6.802e-03 | 1.376e-02 | 1.000e-01 |   0   | 0.000e+00 |
  5 |  -1646.8685100214 | -6.171e-04 | 1.563e-02 | 4.732e-02 |   0   | 0.000e+00 |
  6 |  -1646.8685557728 | -4.575e-05 | 2.212e-03 | 1.062e-02 |   0   | 0.000e+00 |
  7 |  -1646.8685592118 | -3.439e-06 | 5.062e-04 | 1.744e-03 |   0   | 0.000e+00 |
  8 |  -1646.8685596780 | -4.663e-07 | 3.372e-04 | 5.453e-04 |   0   | 0.000e+00 |
  9 |  -1646.8685597196 | -4.156e-08 | 2.018e-04 | 2.512e-04 |   0   | 0.000e+00 |
 10 |  -1646.8685597269 | -7.300e-09 | 2.798e-05 | 3.105e-05 |   0   | 0.000e+00 |
 11 |  -1646.8685597265 |  4.136e-10 | 2.271e-06 | 1.766e-05 |   0   | 0.000e+00 |
 12 |  -1646.8685597281 | -1.641e-09 | 8.589e-07 | 2.578e-06 |   0   | 0.000e+00 |
____|___________________|____________|___________|___________|_______|___________|

Lagrangian converged after 12 iterations

CAS_SCF iterations:
Time to step -   23.93319
Full time    -   27.92273
Preparation of canonical orbitals:
Time to step -    1.75252
Full time    -   29.67524
CAS_SCF WaveFunctions:

State 0  E  =   -1646.9562389734 S^2 = 0.00:
 9.5767714123e-01  | 1111100 | 1111100
 8.1529893519e-02  | 1110011 | 1111100
 8.1529893519e-02  | 1111100 | 1110011
-7.1853438442e-02  | 1110110 | 1110110
-7.1853432295e-02  | 1111010 | 1111010
-7.1853357045e-02  | 1110101 | 1110101
-7.1853347784e-02  | 1111001 | 1111001
-6.9211862601e-02  | 1011101 | 1011101
-6.9211777452e-02  | 0111110 | 0111110
 5.9563184114e-02  | 1011101 | 0111110
State 1  E  =   -1646.8785137945 S^2 = 0.00:
-4.9216199720e-01  | 1111100 | 1110110
-4.9216199720e-01  | 1110110 | 1111100
 4.9215416722e-01  | 1111001 | 1111100
 4.9215416722e-01  | 1111100 | 1111001
 4.1041642973e-02  | 1011101 | 1010111
 4.1041642973e-02  | 1010111 | 1011101
 4.1040949497e-02  | 0111110 | 0111011
 4.1040949497e-02  | 0111011 | 0111110
 3.7036257917e-02  | 1101101 | 1100111
 3.7036257917e-02  | 1100111 | 1101101
State 2  E  =   -1646.8785137944 S^2 = 0.00:
-4.9216113156e-01  | 1111100 | 1111010
-4.9216113156e-01  | 1111010 | 1111100
-4.9215503288e-01  | 1110101 | 1111100
-4.9215503288e-01  | 1111100 | 1110101
 4.1041560925e-02  | 1011101 | 1011011
 4.1041560925e-02  | 1011011 | 1011101
-4.1041016206e-02  | 0110111 | 0111110
-4.1041016206e-02  | 0111110 | 0110111
 3.7036225809e-02  | 1101101 | 1101011
 3.7036225809e-02  | 1101011 | 1101101
State 3  E  =   -1646.8757655393 S^2 = 0.00:
-4.6030087384e-01  | 1111100 | 1101110
-4.6030087384e-01  | 1101110 | 1111100
-3.6401633856e-01  | 1111100 | 1110101
-3.6401633856e-01  | 1110101 | 1111100
 3.6400845528e-01  | 1111100 | 1111010
 3.6400845528e-01  | 1111010 | 1111100
-6.2064959143e-02  | 1110101 | 1110011
-6.2064959143e-02  | 1110011 | 1110101
 6.2064679817e-02  | 1111010 | 1110011
 6.2064679817e-02  | 1110011 | 1111010
State 4  E  =   -1646.8757655249 S^2 = 0.00:
 4.6030043041e-01  | 1111100 | 1101101
 4.6030043041e-01  | 1101101 | 1111100
 3.6401775767e-01  | 1111100 | 1111001
 3.6401775767e-01  | 1111001 | 1111100
 3.6400759244e-01  | 1111100 | 1110110
 3.6400759244e-01  | 1110110 | 1111100
 6.2065046952e-02  | 1111001 | 1110011
 6.2065046952e-02  | 1110011 | 1111001
 6.2064682472e-02  | 1110110 | 1110011
 6.2064682472e-02  | 1110011 | 1110110
State 5  E  =   -1646.8075602727 S^2 = 0.00:
-5.0617704074e-01  | 1111100 | 1101110
-5.0617704074e-01  | 1101110 | 1111100
 3.1887565815e-01  | 1111100 | 1110101
 3.1887565815e-01  | 1110101 | 1111100
-3.1887524387e-01  | 1111010 | 1111100
-3.1887524387e-01  | 1111100 | 1111010
-7.3811756135e-02  | 1100111 | 1110101
-7.3811756135e-02  | 1110101 | 1100111
-7.3811730481e-02  | 1111001 | 1101011
-7.3811730481e-02  | 1101011 | 1111001
State 6  E  =   -1646.8075601974 S^2 = 0.00:
 5.0617741586e-01  | 1101101 | 1111100
 5.0617741586e-01  | 1111100 | 1101101
-3.1887537631e-01  | 1111100 | 1111001
-3.1887537631e-01  | 1111001 | 1111100
-3.1887489672e-01  | 1110110 | 1111100
-3.1887489672e-01  | 1111100 | 1110110
-7.3811888745e-02  | 1111010 | 1101011
-7.3811888745e-02  | 1101011 | 1111010
-7.3811880624e-02  | 1100111 | 1110110
-7.3811880624e-02  | 1110110 | 1100111


CAS_SCF density averaging:
__________________________________________
 State| E                 | S^2  | weight |
______|___________________|______|________|
    0 |  -1646.9562389734 | 0.00 | 1.00   |
    1 |  -1646.8785137945 | 0.00 | 1.00   |
    2 |  -1646.8785137944 | 0.00 | 1.00   |
    3 |  -1646.8757655393 | 0.00 | 1.00   |
    4 |  -1646.8757655249 | 0.00 | 1.00   |
    5 |  -1646.8075602727 | 0.00 | 1.00   |
    6 |  -1646.8075601974 | 0.00 | 1.00   |
______|___________________|______|________|


CAS_SCF Energy summary:
E[  0] = -1646.9562389734
E[  1] = -1646.8785137945 | 2.1150 eV
E[  2] = -1646.8785137944 | 2.1150 eV
E[  3] = -1646.8757655393 | 2.1898 eV
E[  4] = -1646.8757655249 | 2.1898 eV
E[  5] = -1646.8075602727 | 4.0458 eV
E[  6] = -1646.8075601974 | 4.0458 eV


CAS_SCF Dipole moment:

d[  0,  0] = {-3.452759e-10,-3.976903e-07,-2.854558e-10} |d| = 3.976906e-07
d[  0,  1] = {-1.211627e-09,-1.511749e-09, 2.136917e-09} |d| = 2.884413e-09
d[  0,  2] = { 1.540544e-09,-1.188784e-09,-1.821726e-07} |d| = 1.821830e-07
d[  0,  3] = {-1.197462e-10, 6.700143e-11, 4.802885e-08} |d| = 4.802905e-08
d[  0,  4] = { 7.644352e-11, 1.189939e-10, 3.001039e-12} |d| = 1.414644e-10
d[  0,  5] = { 1.036713e-10,-6.950379e-11, 9.197777e-08} |d| = 9.197785e-08
d[  0,  6] = {-5.191474e-11,-1.026446e-10, 1.432128e-12} |d| = 1.150353e-10

d[  1,  0] = {-1.211627e-09,-1.511749e-09, 2.136917e-09} |d| = 2.884414e-09
d[  1,  1] = {-1.144667e-08,-7.243610e-07,-4.133432e-10} |d| = 7.244516e-07
d[  1,  2] = { 4.737760e-07,-1.108528e-08,-7.340791e-17} |d| = 4.739057e-07
d[  1,  3] = {-2.474496e-02, 2.898126e-04, 6.833574e-12} |d| = 2.474666e-02
d[  1,  4] = { 2.898127e-04, 2.474507e-02,-1.636498e-11} |d| = 2.474677e-02
d[  1,  5] = { 2.207007e-02,-2.587136e-04,-1.228272e-11} |d| = 2.207158e-02
d[  1,  6] = {-2.587140e-04,-2.207018e-02, 1.987410e-11} |d| = 2.207170e-02

d[  2,  0] = { 1.540544e-09,-1.188784e-09,-1.821726e-07} |d| = 1.821830e-07
d[  2,  1] = { 4.737760e-07,-1.108527e-08,-2.310442e-17} |d| = 4.739057e-07
d[  2,  2] = { 1.072385e-08, 2.231923e-07,-4.133432e-10} |d| = 2.234502e-07
d[  2,  3] = {-2.898108e-04,-2.474512e-02,-1.524279e-11} |d| = 2.474681e-02
d[  2,  4] = {-2.474513e-02, 2.898120e-04,-6.522250e-12} |d| = 2.474683e-02
d[  2,  5] = { 2.587133e-04, 2.207010e-02, 1.887281e-11} |d| = 2.207161e-02
d[  2,  6] = { 2.207013e-02,-2.587146e-04, 1.200537e-11} |d| = 2.207164e-02

d[  3,  0] = {-1.197462e-10, 6.700176e-11, 4.802885e-08} |d| = 4.802905e-08
d[  3,  1] = {-2.474496e-02, 2.898126e-04, 6.833569e-12} |d| = 2.474666e-02
d[  3,  2] = {-2.898108e-04,-2.474512e-02,-1.524277e-11} |d| = 2.474681e-02
d[  3,  3] = {-3.650424e-10,-5.006112e-07,-3.736114e-10} |d| = 5.006114e-07
d[  3,  4] = {-5.123904e-07, 1.734508e-11,-1.740039e-12} |d| = 5.123904e-07
d[  3,  5] = { 1.912682e-11, 2.120680e-07, 5.686184e-11} |d| = 2.120681e-07
d[  3,  6] = { 1.334908e-07,-3.517816e-12,-6.323542e-12} |d| = 1.334908e-07

d[  4,  0] = { 7.644335e-11, 1.189940e-10, 3.001035e-12} |d| = 1.414643e-10
d[  4,  1] = { 2.898127e-04, 2.474507e-02,-1.636497e-11} |d| = 2.474677e-02
d[  4,  2] = {-2.474513e-02, 2.898120e-04,-6.522245e-12} |d| = 2.474683e-02
d[  4,  3] = {-5.123904e-07, 1.734506e-11,-1.740034e-12} |d| = 5.123904e-07
d[  4,  4] = {-3.408460e-10, 2.850780e-07,-3.937359e-10} |d| = 2.850784e-07
d[  4,  5] = { 2.042126e-07, 5.344535e-12,-7.208159e-12} |d| = 2.042126e-07
d[  4,  6] = {-7.724248e-12,-2.227770e-07, 2.518283e-11} |d| = 2.227770e-07

d[  5,  0] = { 1.036713e-10,-6.950383e-11, 9.197777e-08} |d| = 9.197785e-08
d[  5,  1] = { 2.207007e-02,-2.587136e-04,-1.228273e-11} |d| = 2.207158e-02
d[  5,  2] = { 2.587133e-04, 2.207010e-02, 1.887276e-11} |d| = 2.207161e-02
d[  5,  3] = { 1.912684e-11, 2.120680e-07, 5.686179e-11} |d| = 2.120681e-07
d[  5,  4] = { 2.042126e-07, 5.344654e-12,-7.208111e-12} |d| = 2.042126e-07
d[  5,  5] = {-3.329025e-10,-2.576489e-07,-2.550251e-10} |d| = 2.576493e-07
d[  5,  6] = {-4.377781e-08, 1.832407e-11,-1.280782e-11} |d| = 4.377781e-08

d[  6,  0] = {-5.191495e-11,-1.026447e-10, 1.432115e-12} |d| = 1.150354e-10
d[  6,  1] = {-2.587140e-04,-2.207018e-02, 1.987405e-11} |d| = 2.207170e-02
d[  6,  2] = { 2.207013e-02,-2.587146e-04, 1.200539e-11} |d| = 2.207164e-02
d[  6,  3] = { 1.334908e-07,-3.517933e-12,-6.323586e-12} |d| = 1.334908e-07
d[  6,  4] = {-7.724263e-12,-2.227770e-07, 2.518289e-11} |d| = 2.227770e-07
d[  6,  5] = {-4.377781e-08, 1.832402e-11,-1.280782e-11} |d| = 4.377781e-08
d[  6,  6] = {-3.509534e-10,-8.170231e-08,-2.999461e-10} |d| = 8.170362e-08




Writing CAS_SCF canonical orbitals:
visualization file: ferrocene_CAS.out
data file         : ferrocene_CAS.orb

Writing CAS_SCF natural orbitals:
visualization file: ferrocene_CAS_NatOrb.out
data file         : ferrocene_CAS_NatOrb.orb

_______________________________________________________________________


CAS_SCF:
Time to step -    0.14153
Full time    -   29.81677


Calculation finished at: 16:25 (EEST), 22 September 2026 (Tuesday).
