
NonOrtogonal quantum chemistry and Perturbation Theory
                  NOPT version 3.4.2


sQM - standart QM module.

Compilation options:
1) linear algebra package - OpenBLAS
2) non-parallel BLAS matrix multiplication in the OMP parallel cycles
3) build git commit 0541b3eef4a5

selected command  line options:
-i           4ene_sx_dmrg.inp	 input file

Calculation started at: 14:20 (EEST), 29 September 2026 (Tuesday).

_______________________________________________________________________

Input file:

   0: $PAR NUM_THREADS=16 N_MOL=1 RHF=0 CAS=1 D5=1 RI=1 NAME=4ene $PAREND
   1: $MOL
   2: _CHARGE=0;
   3: _BASIS=jun-cc-pvdz;
   4: _RI_BASIS=jun-cc-pvdz-jkfit;
   5: _UNITS= ang;
   6: _xyz
   7: 18
   8: 4ene 
   9: C   4.33581459  -0.21013946   0.00000000
  10: C  -4.33581459   0.21013946   0.00000000
  11: C   3.13707423   0.41982979   0.00000000
  12: C  -3.13707423  -0.41982979   0.00000000
  13: C   1.84790846  -0.28094470   0.00000000
  14: C  -1.84790846   0.28094470   0.00000000
  15: C   0.64299768   0.34910409   0.00000000
  16: C  -0.64299768  -0.34910409   0.00000000
  17: H   4.40307799  -1.30401673   0.00000000
  18: H  -4.40307799   1.30401673   0.00000000
  19: H   5.27492320   0.35051356   0.00000000
  20: H  -5.27492320  -0.35051356   0.00000000
  21: H   3.10371272   1.51717565   0.00000000
  22: H  -3.10371272  -1.51717565   0.00000000
  23: H   1.87744497  -1.37938629   0.00000000
  24: H  -1.87744497   1.37938629   0.00000000
  25: H   0.61477995   1.44763979   0.00000000
  26: H  -0.61477995  -1.44763979   0.00000000
  27: $END
  28: $SYMM group=C2h $END
  29: $act_space n_alp=4 n_bet=4 n_val=16 mult=1 reorder=1 orbitals=26,27,28,29,30,31,32,33,53,54,55,60,74,81,84,86; $end
  30: _MO INP=4ene_MP2_NatOrb.orb
  31: $CAS n_s=4 w_state=all_1; cisolver=dmrg maxit=100 dE=1e-8 grad=1e-5 converger=sxpt $END
  32: $DMRG m=500 sweep_tol=1E-10 localize=pm loc_order=gaopt print_dets=on det_rot_m=500 det_rot_steps=3 warm_start_after=10 memory=16 $END
_______________________________________________________________________



_____________________________Input_summary_____________________________


Number of threads:  16

Job name: 4ene

Methods:
Restricted Hartree-Fock                          -     no 
Complete Active Space SCF                        -     yes
eXtended MultiConfiguration QuasiDegenerate PT   -     no 
Complete Degenerate Active Space PT              -     no 
Second order Moller-Plesset PT                   -     no 
State-specific DSRG-PT2                          -     no 
Settings:
D5                                               -     yes
Resolution of Identity                           -     yes
Spin-orbit                                       -     no 
Symmetry point group                             -     C2h
Printing:
dipole moment                                    -     yes
electron dispersion                              -     no 
quadrupole moment                                -     no 
Mulliken charges                                 -     no 
_______________________________________________________________________


Reading molecule:
-----------------------------------------------------------------------

WARNING: read_cl is blocked in the 3.0 version

                      units    = ang
                      charge   = 0
                      basis    = jun-cc-pvdz (library)
                      RI basis = jun-cc-pvdz-jkfit (library)
                      included   4ene_MP2_NatOrb.orb (orbitals)
WARNING:              Orbitals are reordered
                      Active space orbitals: 26 27 28 29 30 31 32 33 53 54 55 60 74 81 84 86
_______________________________________________________________________

Molecule structure (a.u.):
 ________________________________________________________________________________________
| Atom |    C    |     X     |     Y     |     Z     |   n_ecp   |     q     |    type   |
| _____|_________|___________|___________|___________|___________|___________|___________|
|  C   |     6   |     8.194 |    -0.397 |     0.000 |           |           |    real   |
|  C   |     6   |    -8.194 |     0.397 |     0.000 |           |           |    real   |
|  C   |     6   |     5.928 |     0.793 |     0.000 |           |           |    real   |
|  C   |     6   |    -5.928 |    -0.793 |     0.000 |           |           |    real   |
|  C   |     6   |     3.492 |    -0.531 |     0.000 |           |           |    real   |
|  C   |     6   |    -3.492 |     0.531 |     0.000 |           |           |    real   |
|  C   |     6   |     1.215 |     0.660 |     0.000 |           |           |    real   |
|  C   |     6   |    -1.215 |    -0.660 |     0.000 |           |           |    real   |
|  H   |     1   |     8.321 |    -2.464 |     0.000 |           |           |    real   |
|  H   |     1   |    -8.321 |     2.464 |     0.000 |           |           |    real   |
|  H   |     1   |     9.968 |     0.662 |     0.000 |           |           |    real   |
|  H   |     1   |    -9.968 |    -0.662 |     0.000 |           |           |    real   |
|  H   |     1   |     5.865 |     2.867 |     0.000 |           |           |    real   |
|  H   |     1   |    -5.865 |    -2.867 |     0.000 |           |           |    real   |
|  H   |     1   |     3.548 |    -2.607 |     0.000 |           |           |    real   |
|  H   |     1   |    -3.548 |     2.607 |     0.000 |           |           |    real   |
|  H   |     1   |     1.162 |     2.736 |     0.000 |           |           |    real   |
|  H   |     1   |    -1.162 |    -2.736 |     0.000 |           |           |    real   |
| _____|_________|___________|___________|___________|___________|___________|___________|

C2h symmetry point group is used

Molecule contains 58 electrons

C - nuclear charge (a.u.)
q - additional (partial) charge (a.u.)
n_ecp - number of electrons frozen by ECP
X,Y,Z - cartesian coordinates (Bohr)



 Basis set information:

 ____________________________________________________________________________________
|     Atom     |    L    |       alpha       |         c         |       c(lib)      |
|______________|_________|___________________|___________________|___________________|
|   C (  0)    |         |                   |                   |                   |
|              |     0   |       6665.000000 |          0.363584 |          0.000692 |
|              |         |       1000.000000 |          0.674986 |          0.005329 |
|              |         |        228.000000 |          1.131620 |          0.027077 |
|              |         |         64.710000 |          1.653009 |          0.101718 |
|              |         |         21.060000 |          1.923821 |          0.274740 |
|              |         |          7.495000 |          1.447278 |          0.448564 |
|              |         |          2.797000 |          0.439163 |          0.285074 |
|              |         |          0.521500 |          0.006646 |          0.015204 |
|              |---------|-------------------|-------------------|-------------------|
|              |     0   |       6665.000000 |         -0.154180 |         -0.000146 |
|              |         |       1000.000000 |         -0.293785 |         -0.001154 |
|              |         |        228.000000 |         -0.480896 |         -0.005725 |
|              |         |         64.710000 |         -0.761434 |         -0.023312 |
|              |         |         21.060000 |         -0.900104 |         -0.063955 |
|              |         |          7.495000 |         -0.972611 |         -0.149981 |
|              |         |          2.797000 |         -0.394042 |         -0.127262 |
|              |         |          0.521500 |          0.478394 |          0.544529 |
|              |---------|-------------------|-------------------|-------------------|
|              |     0   |          0.159600 |          0.179964 |          1.000000 |
|              |---------|-------------------|-------------------|-------------------|
|              |     1   |          9.439000 |          1.343737 |          0.038109 |
|              |         |          2.002000 |          1.063168 |          0.209480 |
|              |         |          0.545600 |          0.508232 |          0.508557 |
|              |---------|-------------------|-------------------|-------------------|
|              |     1   |          0.151700 |          0.134950 |          1.000000 |
|              |---------|-------------------|-------------------|-------------------|
|              |     2   |          0.550000 |          0.578155 |          1.000000 |
|              |---------|-------------------|-------------------|-------------------|
|              |     0   |          0.046900 |          0.071827 |          1.000000 |
|              |---------|-------------------|-------------------|-------------------|
|              |     1   |          0.040410 |          0.025826 |          1.000000 |
|--------------|---------|-------------------|-------------------|-------------------|
|   C (  1)    |         |                   |                   |                   |
|              |     0   |       6665.000000 |          0.363584 |          0.000692 |
|              |         |       1000.000000 |          0.674986 |          0.005329 |
|              |         |        228.000000 |          1.131620 |          0.027077 |
|              |         |         64.710000 |          1.653009 |          0.101718 |
|              |         |         21.060000 |          1.923821 |          0.274740 |
|              |         |          7.495000 |          1.447278 |          0.448564 |
|              |         |          2.797000 |          0.439163 |          0.285074 |
|              |         |          0.521500 |          0.006646 |          0.015204 |
|              |---------|-------------------|-------------------|-------------------|
|              |     0   |       6665.000000 |         -0.154180 |         -0.000146 |
|              |         |       1000.000000 |         -0.293785 |         -0.001154 |
|              |         |        228.000000 |         -0.480896 |         -0.005725 |
|              |         |         64.710000 |         -0.761434 |         -0.023312 |
|              |         |         21.060000 |         -0.900104 |         -0.063955 |
|              |         |          7.495000 |         -0.972611 |         -0.149981 |
|              |         |          2.797000 |         -0.394042 |         -0.127262 |
|              |         |          0.521500 |          0.478394 |          0.544529 |
|              |---------|-------------------|-------------------|-------------------|
|              |     0   |          0.159600 |          0.179964 |          1.000000 |
|              |---------|-------------------|-------------------|-------------------|
|              |     1   |          9.439000 |          1.343737 |          0.038109 |
|              |         |          2.002000 |          1.063168 |          0.209480 |
|              |         |          0.545600 |          0.508232 |          0.508557 |
|              |---------|-------------------|-------------------|-------------------|
|              |     1   |          0.151700 |          0.134950 |          1.000000 |
|              |---------|-------------------|-------------------|-------------------|
|              |     2   |          0.550000 |          0.578155 |          1.000000 |
|              |---------|-------------------|-------------------|-------------------|
|              |     0   |          0.046900 |          0.071827 |          1.000000 |
|              |---------|-------------------|-------------------|-------------------|
|              |     1   |          0.040410 |          0.025826 |          1.000000 |
|--------------|---------|-------------------|-------------------|-------------------|
|   C (  2)    |         |                   |                   |                   |
|              |     0   |       6665.000000 |          0.363584 |          0.000692 |
|              |         |       1000.000000 |          0.674986 |          0.005329 |
|              |         |        228.000000 |          1.131620 |          0.027077 |
|              |         |         64.710000 |          1.653009 |          0.101718 |
|              |         |         21.060000 |          1.923821 |          0.274740 |
|              |         |          7.495000 |          1.447278 |          0.448564 |
|              |         |          2.797000 |          0.439163 |          0.285074 |
|              |         |          0.521500 |          0.006646 |          0.015204 |
|              |---------|-------------------|-------------------|-------------------|
|              |     0   |       6665.000000 |         -0.154180 |         -0.000146 |
|              |         |       1000.000000 |         -0.293785 |         -0.001154 |
|              |         |        228.000000 |         -0.480896 |         -0.005725 |
|              |         |         64.710000 |         -0.761434 |         -0.023312 |
|              |         |         21.060000 |         -0.900104 |         -0.063955 |
|              |         |          7.495000 |         -0.972611 |         -0.149981 |
|              |         |          2.797000 |         -0.394042 |         -0.127262 |
|              |         |          0.521500 |          0.478394 |          0.544529 |
|              |---------|-------------------|-------------------|-------------------|
|              |     0   |          0.159600 |          0.179964 |          1.000000 |
|              |---------|-------------------|-------------------|-------------------|
|              |     1   |          9.439000 |          1.343737 |          0.038109 |
|              |         |          2.002000 |          1.063168 |          0.209480 |
|              |         |          0.545600 |          0.508232 |          0.508557 |
|              |---------|-------------------|-------------------|-------------------|
|              |     1   |          0.151700 |          0.134950 |          1.000000 |
|              |---------|-------------------|-------------------|-------------------|
|              |     2   |          0.550000 |          0.578155 |          1.000000 |
|              |---------|-------------------|-------------------|-------------------|
|              |     0   |          0.046900 |          0.071827 |          1.000000 |
|              |---------|-------------------|-------------------|-------------------|
|              |     1   |          0.040410 |          0.025826 |          1.000000 |
|--------------|---------|-------------------|-------------------|-------------------|
|   C (  3)    |         |                   |                   |                   |
|              |     0   |       6665.000000 |          0.363584 |          0.000692 |
|              |         |       1000.000000 |          0.674986 |          0.005329 |
|              |         |        228.000000 |          1.131620 |          0.027077 |
|              |         |         64.710000 |          1.653009 |          0.101718 |
|              |         |         21.060000 |          1.923821 |          0.274740 |
|              |         |          7.495000 |          1.447278 |          0.448564 |
|              |         |          2.797000 |          0.439163 |          0.285074 |
|              |         |          0.521500 |          0.006646 |          0.015204 |
|              |---------|-------------------|-------------------|-------------------|
|              |     0   |       6665.000000 |         -0.154180 |         -0.000146 |
|              |         |       1000.000000 |         -0.293785 |         -0.001154 |
|              |         |        228.000000 |         -0.480896 |         -0.005725 |
|              |         |         64.710000 |         -0.761434 |         -0.023312 |
|              |         |         21.060000 |         -0.900104 |         -0.063955 |
|              |         |          7.495000 |         -0.972611 |         -0.149981 |
|              |         |          2.797000 |         -0.394042 |         -0.127262 |
|              |         |          0.521500 |          0.478394 |          0.544529 |
|              |---------|-------------------|-------------------|-------------------|
|              |     0   |          0.159600 |          0.179964 |          1.000000 |
|              |---------|-------------------|-------------------|-------------------|
|              |     1   |          9.439000 |          1.343737 |          0.038109 |
|              |         |          2.002000 |          1.063168 |          0.209480 |
|              |         |          0.545600 |          0.508232 |          0.508557 |
|              |---------|-------------------|-------------------|-------------------|
|              |     1   |          0.151700 |          0.134950 |          1.000000 |
|              |---------|-------------------|-------------------|-------------------|
|              |     2   |          0.550000 |          0.578155 |          1.000000 |
|              |---------|-------------------|-------------------|-------------------|
|              |     0   |          0.046900 |          0.071827 |          1.000000 |
|              |---------|-------------------|-------------------|-------------------|
|              |     1   |          0.040410 |          0.025826 |          1.000000 |
|--------------|---------|-------------------|-------------------|-------------------|
|   C (  4)    |         |                   |                   |                   |
|              |     0   |       6665.000000 |          0.363584 |          0.000692 |
|              |         |       1000.000000 |          0.674986 |          0.005329 |
|              |         |        228.000000 |          1.131620 |          0.027077 |
|              |         |         64.710000 |          1.653009 |          0.101718 |
|              |         |         21.060000 |          1.923821 |          0.274740 |
|              |         |          7.495000 |          1.447278 |          0.448564 |
|              |         |          2.797000 |          0.439163 |          0.285074 |
|              |         |          0.521500 |          0.006646 |          0.015204 |
|              |---------|-------------------|-------------------|-------------------|
|              |     0   |       6665.000000 |         -0.154180 |         -0.000146 |
|              |         |       1000.000000 |         -0.293785 |         -0.001154 |
|              |         |        228.000000 |         -0.480896 |         -0.005725 |
|              |         |         64.710000 |         -0.761434 |         -0.023312 |
|              |         |         21.060000 |         -0.900104 |         -0.063955 |
|              |         |          7.495000 |         -0.972611 |         -0.149981 |
|              |         |          2.797000 |         -0.394042 |         -0.127262 |
|              |         |          0.521500 |          0.478394 |          0.544529 |
|              |---------|-------------------|-------------------|-------------------|
|              |     0   |          0.159600 |          0.179964 |          1.000000 |
|              |---------|-------------------|-------------------|-------------------|
|              |     1   |          9.439000 |          1.343737 |          0.038109 |
|              |         |          2.002000 |          1.063168 |          0.209480 |
|              |         |          0.545600 |          0.508232 |          0.508557 |
|              |---------|-------------------|-------------------|-------------------|
|              |     1   |          0.151700 |          0.134950 |          1.000000 |
|              |---------|-------------------|-------------------|-------------------|
|              |     2   |          0.550000 |          0.578155 |          1.000000 |
|              |---------|-------------------|-------------------|-------------------|
|              |     0   |          0.046900 |          0.071827 |          1.000000 |
|              |---------|-------------------|-------------------|-------------------|
|              |     1   |          0.040410 |          0.025826 |          1.000000 |
|--------------|---------|-------------------|-------------------|-------------------|
|   C (  5)    |         |                   |                   |                   |
|              |     0   |       6665.000000 |          0.363584 |          0.000692 |
|              |         |       1000.000000 |          0.674986 |          0.005329 |
|              |         |        228.000000 |          1.131620 |          0.027077 |
|              |         |         64.710000 |          1.653009 |          0.101718 |
|              |         |         21.060000 |          1.923821 |          0.274740 |
|              |         |          7.495000 |          1.447278 |          0.448564 |
|              |         |          2.797000 |          0.439163 |          0.285074 |
|              |         |          0.521500 |          0.006646 |          0.015204 |
|              |---------|-------------------|-------------------|-------------------|
|              |     0   |       6665.000000 |         -0.154180 |         -0.000146 |
|              |         |       1000.000000 |         -0.293785 |         -0.001154 |
|              |         |        228.000000 |         -0.480896 |         -0.005725 |
|              |         |         64.710000 |         -0.761434 |         -0.023312 |
|              |         |         21.060000 |         -0.900104 |         -0.063955 |
|              |         |          7.495000 |         -0.972611 |         -0.149981 |
|              |         |          2.797000 |         -0.394042 |         -0.127262 |
|              |         |          0.521500 |          0.478394 |          0.544529 |
|              |---------|-------------------|-------------------|-------------------|
|              |     0   |          0.159600 |          0.179964 |          1.000000 |
|              |---------|-------------------|-------------------|-------------------|
|              |     1   |          9.439000 |          1.343737 |          0.038109 |
|              |         |          2.002000 |          1.063168 |          0.209480 |
|              |         |          0.545600 |          0.508232 |          0.508557 |
|              |---------|-------------------|-------------------|-------------------|
|              |     1   |          0.151700 |          0.134950 |          1.000000 |
|              |---------|-------------------|-------------------|-------------------|
|              |     2   |          0.550000 |          0.578155 |          1.000000 |
|              |---------|-------------------|-------------------|-------------------|
|              |     0   |          0.046900 |          0.071827 |          1.000000 |
|              |---------|-------------------|-------------------|-------------------|
|              |     1   |          0.040410 |          0.025826 |          1.000000 |
|--------------|---------|-------------------|-------------------|-------------------|
|   C (  6)    |         |                   |                   |                   |
|              |     0   |       6665.000000 |          0.363584 |          0.000692 |
|              |         |       1000.000000 |          0.674986 |          0.005329 |
|              |         |        228.000000 |          1.131620 |          0.027077 |
|              |         |         64.710000 |          1.653009 |          0.101718 |
|              |         |         21.060000 |          1.923821 |          0.274740 |
|              |         |          7.495000 |          1.447278 |          0.448564 |
|              |         |          2.797000 |          0.439163 |          0.285074 |
|              |         |          0.521500 |          0.006646 |          0.015204 |
|              |---------|-------------------|-------------------|-------------------|
|              |     0   |       6665.000000 |         -0.154180 |         -0.000146 |
|              |         |       1000.000000 |         -0.293785 |         -0.001154 |
|              |         |        228.000000 |         -0.480896 |         -0.005725 |
|              |         |         64.710000 |         -0.761434 |         -0.023312 |
|              |         |         21.060000 |         -0.900104 |         -0.063955 |
|              |         |          7.495000 |         -0.972611 |         -0.149981 |
|              |         |          2.797000 |         -0.394042 |         -0.127262 |
|              |         |          0.521500 |          0.478394 |          0.544529 |
|              |---------|-------------------|-------------------|-------------------|
|              |     0   |          0.159600 |          0.179964 |          1.000000 |
|              |---------|-------------------|-------------------|-------------------|
|              |     1   |          9.439000 |          1.343737 |          0.038109 |
|              |         |          2.002000 |          1.063168 |          0.209480 |
|              |         |          0.545600 |          0.508232 |          0.508557 |
|              |---------|-------------------|-------------------|-------------------|
|              |     1   |          0.151700 |          0.134950 |          1.000000 |
|              |---------|-------------------|-------------------|-------------------|
|              |     2   |          0.550000 |          0.578155 |          1.000000 |
|              |---------|-------------------|-------------------|-------------------|
|              |     0   |          0.046900 |          0.071827 |          1.000000 |
|              |---------|-------------------|-------------------|-------------------|
|              |     1   |          0.040410 |          0.025826 |          1.000000 |
|--------------|---------|-------------------|-------------------|-------------------|
|   C (  7)    |         |                   |                   |                   |
|              |     0   |       6665.000000 |          0.363584 |          0.000692 |
|              |         |       1000.000000 |          0.674986 |          0.005329 |
|              |         |        228.000000 |          1.131620 |          0.027077 |
|              |         |         64.710000 |          1.653009 |          0.101718 |
|              |         |         21.060000 |          1.923821 |          0.274740 |
|              |         |          7.495000 |          1.447278 |          0.448564 |
|              |         |          2.797000 |          0.439163 |          0.285074 |
|              |         |          0.521500 |          0.006646 |          0.015204 |
|              |---------|-------------------|-------------------|-------------------|
|              |     0   |       6665.000000 |         -0.154180 |         -0.000146 |
|              |         |       1000.000000 |         -0.293785 |         -0.001154 |
|              |         |        228.000000 |         -0.480896 |         -0.005725 |
|              |         |         64.710000 |         -0.761434 |         -0.023312 |
|              |         |         21.060000 |         -0.900104 |         -0.063955 |
|              |         |          7.495000 |         -0.972611 |         -0.149981 |
|              |         |          2.797000 |         -0.394042 |         -0.127262 |
|              |         |          0.521500 |          0.478394 |          0.544529 |
|              |---------|-------------------|-------------------|-------------------|
|              |     0   |          0.159600 |          0.179964 |          1.000000 |
|              |---------|-------------------|-------------------|-------------------|
|              |     1   |          9.439000 |          1.343737 |          0.038109 |
|              |         |          2.002000 |          1.063168 |          0.209480 |
|              |         |          0.545600 |          0.508232 |          0.508557 |
|              |---------|-------------------|-------------------|-------------------|
|              |     1   |          0.151700 |          0.134950 |          1.000000 |
|              |---------|-------------------|-------------------|-------------------|
|              |     2   |          0.550000 |          0.578155 |          1.000000 |
|              |---------|-------------------|-------------------|-------------------|
|              |     0   |          0.046900 |          0.071827 |          1.000000 |
|              |---------|-------------------|-------------------|-------------------|
|              |     1   |          0.040410 |          0.025826 |          1.000000 |
|--------------|---------|-------------------|-------------------|-------------------|
|   H (  8)    |         |                   |                   |                   |
|              |     0   |         13.010000 |          0.163548 |          0.019685 |
|              |         |          1.962000 |          0.277418 |          0.137977 |
|              |         |          0.444600 |          0.315749 |          0.478148 |
|              |---------|-------------------|-------------------|-------------------|
|              |     0   |          0.122000 |          0.147123 |          1.000000 |
|              |---------|-------------------|-------------------|-------------------|
|              |     1   |          0.727000 |          0.956881 |          1.000000 |
|--------------|---------|-------------------|-------------------|-------------------|
|   H (  9)    |         |                   |                   |                   |
|              |     0   |         13.010000 |          0.163548 |          0.019685 |
|              |         |          1.962000 |          0.277418 |          0.137977 |
|              |         |          0.444600 |          0.315749 |          0.478148 |
|              |---------|-------------------|-------------------|-------------------|
|              |     0   |          0.122000 |          0.147123 |          1.000000 |
|              |---------|-------------------|-------------------|-------------------|
|              |     1   |          0.727000 |          0.956881 |          1.000000 |
|--------------|---------|-------------------|-------------------|-------------------|
|   H ( 10)    |         |                   |                   |                   |
|              |     0   |         13.010000 |          0.163548 |          0.019685 |
|              |         |          1.962000 |          0.277418 |          0.137977 |
|              |         |          0.444600 |          0.315749 |          0.478148 |
|              |---------|-------------------|-------------------|-------------------|
|              |     0   |          0.122000 |          0.147123 |          1.000000 |
|              |---------|-------------------|-------------------|-------------------|
|              |     1   |          0.727000 |          0.956881 |          1.000000 |
|--------------|---------|-------------------|-------------------|-------------------|
|   H ( 11)    |         |                   |                   |                   |
|              |     0   |         13.010000 |          0.163548 |          0.019685 |
|              |         |          1.962000 |          0.277418 |          0.137977 |
|              |         |          0.444600 |          0.315749 |          0.478148 |
|              |---------|-------------------|-------------------|-------------------|
|              |     0   |          0.122000 |          0.147123 |          1.000000 |
|              |---------|-------------------|-------------------|-------------------|
|              |     1   |          0.727000 |          0.956881 |          1.000000 |
|--------------|---------|-------------------|-------------------|-------------------|
|   H ( 12)    |         |                   |                   |                   |
|              |     0   |         13.010000 |          0.163548 |          0.019685 |
|              |         |          1.962000 |          0.277418 |          0.137977 |
|              |         |          0.444600 |          0.315749 |          0.478148 |
|              |---------|-------------------|-------------------|-------------------|
|              |     0   |          0.122000 |          0.147123 |          1.000000 |
|              |---------|-------------------|-------------------|-------------------|
|              |     1   |          0.727000 |          0.956881 |          1.000000 |
|--------------|---------|-------------------|-------------------|-------------------|
|   H ( 13)    |         |                   |                   |                   |
|              |     0   |         13.010000 |          0.163548 |          0.019685 |
|              |         |          1.962000 |          0.277418 |          0.137977 |
|              |         |          0.444600 |          0.315749 |          0.478148 |
|              |---------|-------------------|-------------------|-------------------|
|              |     0   |          0.122000 |          0.147123 |          1.000000 |
|              |---------|-------------------|-------------------|-------------------|
|              |     1   |          0.727000 |          0.956881 |          1.000000 |
|--------------|---------|-------------------|-------------------|-------------------|
|   H ( 14)    |         |                   |                   |                   |
|              |     0   |         13.010000 |          0.163548 |          0.019685 |
|              |         |          1.962000 |          0.277418 |          0.137977 |
|              |         |          0.444600 |          0.315749 |          0.478148 |
|              |---------|-------------------|-------------------|-------------------|
|              |     0   |          0.122000 |          0.147123 |          1.000000 |
|              |---------|-------------------|-------------------|-------------------|
|              |     1   |          0.727000 |          0.956881 |          1.000000 |
|--------------|---------|-------------------|-------------------|-------------------|
|   H ( 15)    |         |                   |                   |                   |
|              |     0   |         13.010000 |          0.163548 |          0.019685 |
|              |         |          1.962000 |          0.277418 |          0.137977 |
|              |         |          0.444600 |          0.315749 |          0.478148 |
|              |---------|-------------------|-------------------|-------------------|
|              |     0   |          0.122000 |          0.147123 |          1.000000 |
|              |---------|-------------------|-------------------|-------------------|
|              |     1   |          0.727000 |          0.956881 |          1.000000 |
|--------------|---------|-------------------|-------------------|-------------------|
|   H ( 16)    |         |                   |                   |                   |
|              |     0   |         13.010000 |          0.163548 |          0.019685 |
|              |         |          1.962000 |          0.277418 |          0.137977 |
|              |         |          0.444600 |          0.315749 |          0.478148 |
|              |---------|-------------------|-------------------|-------------------|
|              |     0   |          0.122000 |          0.147123 |          1.000000 |
|              |---------|-------------------|-------------------|-------------------|
|              |     1   |          0.727000 |          0.956881 |          1.000000 |
|--------------|---------|-------------------|-------------------|-------------------|
|   H ( 17)    |         |                   |                   |                   |
|              |     0   |         13.010000 |          0.163548 |          0.019685 |
|              |         |          1.962000 |          0.277418 |          0.137977 |
|              |         |          0.444600 |          0.315749 |          0.478148 |
|              |---------|-------------------|-------------------|-------------------|
|              |     0   |          0.122000 |          0.147123 |          1.000000 |
|              |---------|-------------------|-------------------|-------------------|
|              |     1   |          0.727000 |          0.956881 |          1.000000 |
|______________|_________|___________________|___________________|___________________|



 RI basis set information:

 ____________________________________________________________________________________
|     Atom     |    L    |       alpha       |         c         |       c(lib)      |
|______________|_________|___________________|___________________|___________________|
|   C (  0)    |         |                   |                   |                   |
|              |     0   |       1113.986772 |        137.426383 |          1.000000 |
|              |---------|-------------------|-------------------|-------------------|
|              |     0   |        369.162342 |         60.023752 |          1.000000 |
|              |---------|-------------------|-------------------|-------------------|
|              |     0   |        121.792752 |         26.129204 |          1.000000 |
|              |---------|-------------------|-------------------|-------------------|
|              |     0   |         48.127115 |         13.022743 |          1.000000 |
|              |---------|-------------------|-------------------|-------------------|
|              |     0   |         20.365074 |          6.832420 |          1.000000 |
|              |---------|-------------------|-------------------|-------------------|
|              |     0   |          8.088360 |          3.418263 |          1.000000 |
|              |---------|-------------------|-------------------|-------------------|
|              |     0   |          2.506866 |          1.419902 |          1.000000 |
|              |---------|-------------------|-------------------|-------------------|
|              |     0   |          1.243854 |          0.839435 |          1.000000 |
|              |---------|-------------------|-------------------|-------------------|
|              |     0   |          0.484499 |          0.413885 |          1.000000 |
|              |---------|-------------------|-------------------|-------------------|
|              |     0   |          0.191852 |          0.206602 |          1.000000 |
|              |---------|-------------------|-------------------|-------------------|
|              |     1   |        102.991762 |        467.673972 |          1.000000 |
|              |---------|-------------------|-------------------|-------------------|
|              |     1   |         28.132594 |         92.353277 |          1.000000 |
|              |---------|-------------------|-------------------|-------------------|
|              |     1   |          9.836432 |         24.830592 |          1.000000 |
|              |---------|-------------------|-------------------|-------------------|
|              |     1   |          3.349054 |          6.457923 |          1.000000 |
|              |---------|-------------------|-------------------|-------------------|
|              |     1   |          1.494762 |          2.355890 |          1.000000 |
|              |---------|-------------------|-------------------|-------------------|
|              |     1   |          0.576901 |          0.716666 |          1.000000 |
|              |---------|-------------------|-------------------|-------------------|
|              |     1   |          0.203201 |          0.194467 |          1.000000 |
|              |---------|-------------------|-------------------|-------------------|
|              |     2   |         10.594068 |        102.392773 |          1.000000 |
|              |---------|-------------------|-------------------|-------------------|
|              |     2   |          3.599720 |         15.483874 |          1.000000 |
|              |---------|-------------------|-------------------|-------------------|
|              |     2   |          1.335569 |          2.731025 |          1.000000 |
|              |---------|-------------------|-------------------|-------------------|
|              |     2   |          0.519498 |          0.523216 |          1.000000 |
|              |---------|-------------------|-------------------|-------------------|
|              |     2   |          0.199541 |          0.098054 |          1.000000 |
|              |---------|-------------------|-------------------|-------------------|
|              |     3   |          1.194866 |          2.197470 |          1.000000 |
|              |---------|-------------------|-------------------|-------------------|
|              |     3   |          0.415866 |          0.204456 |          1.000000 |
|              |---------|-------------------|-------------------|-------------------|
|              |     0   |          0.075969 |          0.103131 |          1.000000 |
|              |---------|-------------------|-------------------|-------------------|
|              |     1   |          0.071573 |          0.052769 |          1.000000 |
|              |---------|-------------------|-------------------|-------------------|
|              |     2   |          0.076645 |          0.018376 |          1.000000 |
|--------------|---------|-------------------|-------------------|-------------------|
|   C (  1)    |         |                   |                   |                   |
|              |     0   |       1113.986772 |        137.426383 |          1.000000 |
|              |---------|-------------------|-------------------|-------------------|
|              |     0   |        369.162342 |         60.023752 |          1.000000 |
|              |---------|-------------------|-------------------|-------------------|
|              |     0   |        121.792752 |         26.129204 |          1.000000 |
|              |---------|-------------------|-------------------|-------------------|
|              |     0   |         48.127115 |         13.022743 |          1.000000 |
|              |---------|-------------------|-------------------|-------------------|
|              |     0   |         20.365074 |          6.832420 |          1.000000 |
|              |---------|-------------------|-------------------|-------------------|
|              |     0   |          8.088360 |          3.418263 |          1.000000 |
|              |---------|-------------------|-------------------|-------------------|
|              |     0   |          2.506866 |          1.419902 |          1.000000 |
|              |---------|-------------------|-------------------|-------------------|
|              |     0   |          1.243854 |          0.839435 |          1.000000 |
|              |---------|-------------------|-------------------|-------------------|
|              |     0   |          0.484499 |          0.413885 |          1.000000 |
|              |---------|-------------------|-------------------|-------------------|
|              |     0   |          0.191852 |          0.206602 |          1.000000 |
|              |---------|-------------------|-------------------|-------------------|
|              |     1   |        102.991762 |        467.673972 |          1.000000 |
|              |---------|-------------------|-------------------|-------------------|
|              |     1   |         28.132594 |         92.353277 |          1.000000 |
|              |---------|-------------------|-------------------|-------------------|
|              |     1   |          9.836432 |         24.830592 |          1.000000 |
|              |---------|-------------------|-------------------|-------------------|
|              |     1   |          3.349054 |          6.457923 |          1.000000 |
|              |---------|-------------------|-------------------|-------------------|
|              |     1   |          1.494762 |          2.355890 |          1.000000 |
|              |---------|-------------------|-------------------|-------------------|
|              |     1   |          0.576901 |          0.716666 |          1.000000 |
|              |---------|-------------------|-------------------|-------------------|
|              |     1   |          0.203201 |          0.194467 |          1.000000 |
|              |---------|-------------------|-------------------|-------------------|
|              |     2   |         10.594068 |        102.392773 |          1.000000 |
|              |---------|-------------------|-------------------|-------------------|
|              |     2   |          3.599720 |         15.483874 |          1.000000 |
|              |---------|-------------------|-------------------|-------------------|
|              |     2   |          1.335569 |          2.731025 |          1.000000 |
|              |---------|-------------------|-------------------|-------------------|
|              |     2   |          0.519498 |          0.523216 |          1.000000 |
|              |---------|-------------------|-------------------|-------------------|
|              |     2   |          0.199541 |          0.098054 |          1.000000 |
|              |---------|-------------------|-------------------|-------------------|
|              |     3   |          1.194866 |          2.197470 |          1.000000 |
|              |---------|-------------------|-------------------|-------------------|
|              |     3   |          0.415866 |          0.204456 |          1.000000 |
|              |---------|-------------------|-------------------|-------------------|
|              |     0   |          0.075969 |          0.103131 |          1.000000 |
|              |---------|-------------------|-------------------|-------------------|
|              |     1   |          0.071573 |          0.052769 |          1.000000 |
|              |---------|-------------------|-------------------|-------------------|
|              |     2   |          0.076645 |          0.018376 |          1.000000 |
|--------------|---------|-------------------|-------------------|-------------------|
|   C (  2)    |         |                   |                   |                   |
|              |     0   |       1113.986772 |        137.426383 |          1.000000 |
|              |---------|-------------------|-------------------|-------------------|
|              |     0   |        369.162342 |         60.023752 |          1.000000 |
|              |---------|-------------------|-------------------|-------------------|
|              |     0   |        121.792752 |         26.129204 |          1.000000 |
|              |---------|-------------------|-------------------|-------------------|
|              |     0   |         48.127115 |         13.022743 |          1.000000 |
|              |---------|-------------------|-------------------|-------------------|
|              |     0   |         20.365074 |          6.832420 |          1.000000 |
|              |---------|-------------------|-------------------|-------------------|
|              |     0   |          8.088360 |          3.418263 |          1.000000 |
|              |---------|-------------------|-------------------|-------------------|
|              |     0   |          2.506866 |          1.419902 |          1.000000 |
|              |---------|-------------------|-------------------|-------------------|
|              |     0   |          1.243854 |          0.839435 |          1.000000 |
|              |---------|-------------------|-------------------|-------------------|
|              |     0   |          0.484499 |          0.413885 |          1.000000 |
|              |---------|-------------------|-------------------|-------------------|
|              |     0   |          0.191852 |          0.206602 |          1.000000 |
|              |---------|-------------------|-------------------|-------------------|
|              |     1   |        102.991762 |        467.673972 |          1.000000 |
|              |---------|-------------------|-------------------|-------------------|
|              |     1   |         28.132594 |         92.353277 |          1.000000 |
|              |---------|-------------------|-------------------|-------------------|
|              |     1   |          9.836432 |         24.830592 |          1.000000 |
|              |---------|-------------------|-------------------|-------------------|
|              |     1   |          3.349054 |          6.457923 |          1.000000 |
|              |---------|-------------------|-------------------|-------------------|
|              |     1   |          1.494762 |          2.355890 |          1.000000 |
|              |---------|-------------------|-------------------|-------------------|
|              |     1   |          0.576901 |          0.716666 |          1.000000 |
|              |---------|-------------------|-------------------|-------------------|
|              |     1   |          0.203201 |          0.194467 |          1.000000 |
|              |---------|-------------------|-------------------|-------------------|
|              |     2   |         10.594068 |        102.392773 |          1.000000 |
|              |---------|-------------------|-------------------|-------------------|
|              |     2   |          3.599720 |         15.483874 |          1.000000 |
|              |---------|-------------------|-------------------|-------------------|
|              |     2   |          1.335569 |          2.731025 |          1.000000 |
|              |---------|-------------------|-------------------|-------------------|
|              |     2   |          0.519498 |          0.523216 |          1.000000 |
|              |---------|-------------------|-------------------|-------------------|
|              |     2   |          0.199541 |          0.098054 |          1.000000 |
|              |---------|-------------------|-------------------|-------------------|
|              |     3   |          1.194866 |          2.197470 |          1.000000 |
|              |---------|-------------------|-------------------|-------------------|
|              |     3   |          0.415866 |          0.204456 |          1.000000 |
|              |---------|-------------------|-------------------|-------------------|
|              |     0   |          0.075969 |          0.103131 |          1.000000 |
|              |---------|-------------------|-------------------|-------------------|
|              |     1   |          0.071573 |          0.052769 |          1.000000 |
|              |---------|-------------------|-------------------|-------------------|
|              |     2   |          0.076645 |          0.018376 |          1.000000 |
|--------------|---------|-------------------|-------------------|-------------------|
|   C (  3)    |         |                   |                   |                   |
|              |     0   |       1113.986772 |        137.426383 |          1.000000 |
|              |---------|-------------------|-------------------|-------------------|
|              |     0   |        369.162342 |         60.023752 |          1.000000 |
|              |---------|-------------------|-------------------|-------------------|
|              |     0   |        121.792752 |         26.129204 |          1.000000 |
|              |---------|-------------------|-------------------|-------------------|
|              |     0   |         48.127115 |         13.022743 |          1.000000 |
|              |---------|-------------------|-------------------|-------------------|
|              |     0   |         20.365074 |          6.832420 |          1.000000 |
|              |---------|-------------------|-------------------|-------------------|
|              |     0   |          8.088360 |          3.418263 |          1.000000 |
|              |---------|-------------------|-------------------|-------------------|
|              |     0   |          2.506866 |          1.419902 |          1.000000 |
|              |---------|-------------------|-------------------|-------------------|
|              |     0   |          1.243854 |          0.839435 |          1.000000 |
|              |---------|-------------------|-------------------|-------------------|
|              |     0   |          0.484499 |          0.413885 |          1.000000 |
|              |---------|-------------------|-------------------|-------------------|
|              |     0   |          0.191852 |          0.206602 |          1.000000 |
|              |---------|-------------------|-------------------|-------------------|
|              |     1   |        102.991762 |        467.673972 |          1.000000 |
|              |---------|-------------------|-------------------|-------------------|
|              |     1   |         28.132594 |         92.353277 |          1.000000 |
|              |---------|-------------------|-------------------|-------------------|
|              |     1   |          9.836432 |         24.830592 |          1.000000 |
|              |---------|-------------------|-------------------|-------------------|
|              |     1   |          3.349054 |          6.457923 |          1.000000 |
|              |---------|-------------------|-------------------|-------------------|
|              |     1   |          1.494762 |          2.355890 |          1.000000 |
|              |---------|-------------------|-------------------|-------------------|
|              |     1   |          0.576901 |          0.716666 |          1.000000 |
|              |---------|-------------------|-------------------|-------------------|
|              |     1   |          0.203201 |          0.194467 |          1.000000 |
|              |---------|-------------------|-------------------|-------------------|
|              |     2   |         10.594068 |        102.392773 |          1.000000 |
|              |---------|-------------------|-------------------|-------------------|
|              |     2   |          3.599720 |         15.483874 |          1.000000 |
|              |---------|-------------------|-------------------|-------------------|
|              |     2   |          1.335569 |          2.731025 |          1.000000 |
|              |---------|-------------------|-------------------|-------------------|
|              |     2   |          0.519498 |          0.523216 |          1.000000 |
|              |---------|-------------------|-------------------|-------------------|
|              |     2   |          0.199541 |          0.098054 |          1.000000 |
|              |---------|-------------------|-------------------|-------------------|
|              |     3   |          1.194866 |          2.197470 |          1.000000 |
|              |---------|-------------------|-------------------|-------------------|
|              |     3   |          0.415866 |          0.204456 |          1.000000 |
|              |---------|-------------------|-------------------|-------------------|
|              |     0   |          0.075969 |          0.103131 |          1.000000 |
|              |---------|-------------------|-------------------|-------------------|
|              |     1   |          0.071573 |          0.052769 |          1.000000 |
|              |---------|-------------------|-------------------|-------------------|
|              |     2   |          0.076645 |          0.018376 |          1.000000 |
|--------------|---------|-------------------|-------------------|-------------------|
|   C (  4)    |         |                   |                   |                   |
|              |     0   |       1113.986772 |        137.426383 |          1.000000 |
|              |---------|-------------------|-------------------|-------------------|
|              |     0   |        369.162342 |         60.023752 |          1.000000 |
|              |---------|-------------------|-------------------|-------------------|
|              |     0   |        121.792752 |         26.129204 |          1.000000 |
|              |---------|-------------------|-------------------|-------------------|
|              |     0   |         48.127115 |         13.022743 |          1.000000 |
|              |---------|-------------------|-------------------|-------------------|
|              |     0   |         20.365074 |          6.832420 |          1.000000 |
|              |---------|-------------------|-------------------|-------------------|
|              |     0   |          8.088360 |          3.418263 |          1.000000 |
|              |---------|-------------------|-------------------|-------------------|
|              |     0   |          2.506866 |          1.419902 |          1.000000 |
|              |---------|-------------------|-------------------|-------------------|
|              |     0   |          1.243854 |          0.839435 |          1.000000 |
|              |---------|-------------------|-------------------|-------------------|
|              |     0   |          0.484499 |          0.413885 |          1.000000 |
|              |---------|-------------------|-------------------|-------------------|
|              |     0   |          0.191852 |          0.206602 |          1.000000 |
|              |---------|-------------------|-------------------|-------------------|
|              |     1   |        102.991762 |        467.673972 |          1.000000 |
|              |---------|-------------------|-------------------|-------------------|
|              |     1   |         28.132594 |         92.353277 |          1.000000 |
|              |---------|-------------------|-------------------|-------------------|
|              |     1   |          9.836432 |         24.830592 |          1.000000 |
|              |---------|-------------------|-------------------|-------------------|
|              |     1   |          3.349054 |          6.457923 |          1.000000 |
|              |---------|-------------------|-------------------|-------------------|
|              |     1   |          1.494762 |          2.355890 |          1.000000 |
|              |---------|-------------------|-------------------|-------------------|
|              |     1   |          0.576901 |          0.716666 |          1.000000 |
|              |---------|-------------------|-------------------|-------------------|
|              |     1   |          0.203201 |          0.194467 |          1.000000 |
|              |---------|-------------------|-------------------|-------------------|
|              |     2   |         10.594068 |        102.392773 |          1.000000 |
|              |---------|-------------------|-------------------|-------------------|
|              |     2   |          3.599720 |         15.483874 |          1.000000 |
|              |---------|-------------------|-------------------|-------------------|
|              |     2   |          1.335569 |          2.731025 |          1.000000 |
|              |---------|-------------------|-------------------|-------------------|
|              |     2   |          0.519498 |          0.523216 |          1.000000 |
|              |---------|-------------------|-------------------|-------------------|
|              |     2   |          0.199541 |          0.098054 |          1.000000 |
|              |---------|-------------------|-------------------|-------------------|
|              |     3   |          1.194866 |          2.197470 |          1.000000 |
|              |---------|-------------------|-------------------|-------------------|
|              |     3   |          0.415866 |          0.204456 |          1.000000 |
|              |---------|-------------------|-------------------|-------------------|
|              |     0   |          0.075969 |          0.103131 |          1.000000 |
|              |---------|-------------------|-------------------|-------------------|
|              |     1   |          0.071573 |          0.052769 |          1.000000 |
|              |---------|-------------------|-------------------|-------------------|
|              |     2   |          0.076645 |          0.018376 |          1.000000 |
|--------------|---------|-------------------|-------------------|-------------------|
|   C (  5)    |         |                   |                   |                   |
|              |     0   |       1113.986772 |        137.426383 |          1.000000 |
|              |---------|-------------------|-------------------|-------------------|
|              |     0   |        369.162342 |         60.023752 |          1.000000 |
|              |---------|-------------------|-------------------|-------------------|
|              |     0   |        121.792752 |         26.129204 |          1.000000 |
|              |---------|-------------------|-------------------|-------------------|
|              |     0   |         48.127115 |         13.022743 |          1.000000 |
|              |---------|-------------------|-------------------|-------------------|
|              |     0   |         20.365074 |          6.832420 |          1.000000 |
|              |---------|-------------------|-------------------|-------------------|
|              |     0   |          8.088360 |          3.418263 |          1.000000 |
|              |---------|-------------------|-------------------|-------------------|
|              |     0   |          2.506866 |          1.419902 |          1.000000 |
|              |---------|-------------------|-------------------|-------------------|
|              |     0   |          1.243854 |          0.839435 |          1.000000 |
|              |---------|-------------------|-------------------|-------------------|
|              |     0   |          0.484499 |          0.413885 |          1.000000 |
|              |---------|-------------------|-------------------|-------------------|
|              |     0   |          0.191852 |          0.206602 |          1.000000 |
|              |---------|-------------------|-------------------|-------------------|
|              |     1   |        102.991762 |        467.673972 |          1.000000 |
|              |---------|-------------------|-------------------|-------------------|
|              |     1   |         28.132594 |         92.353277 |          1.000000 |
|              |---------|-------------------|-------------------|-------------------|
|              |     1   |          9.836432 |         24.830592 |          1.000000 |
|              |---------|-------------------|-------------------|-------------------|
|              |     1   |          3.349054 |          6.457923 |          1.000000 |
|              |---------|-------------------|-------------------|-------------------|
|              |     1   |          1.494762 |          2.355890 |          1.000000 |
|              |---------|-------------------|-------------------|-------------------|
|              |     1   |          0.576901 |          0.716666 |          1.000000 |
|              |---------|-------------------|-------------------|-------------------|
|              |     1   |          0.203201 |          0.194467 |          1.000000 |
|              |---------|-------------------|-------------------|-------------------|
|              |     2   |         10.594068 |        102.392773 |          1.000000 |
|              |---------|-------------------|-------------------|-------------------|
|              |     2   |          3.599720 |         15.483874 |          1.000000 |
|              |---------|-------------------|-------------------|-------------------|
|              |     2   |          1.335569 |          2.731025 |          1.000000 |
|              |---------|-------------------|-------------------|-------------------|
|              |     2   |          0.519498 |          0.523216 |          1.000000 |
|              |---------|-------------------|-------------------|-------------------|
|              |     2   |          0.199541 |          0.098054 |          1.000000 |
|              |---------|-------------------|-------------------|-------------------|
|              |     3   |          1.194866 |          2.197470 |          1.000000 |
|              |---------|-------------------|-------------------|-------------------|
|              |     3   |          0.415866 |          0.204456 |          1.000000 |
|              |---------|-------------------|-------------------|-------------------|
|              |     0   |          0.075969 |          0.103131 |          1.000000 |
|              |---------|-------------------|-------------------|-------------------|
|              |     1   |          0.071573 |          0.052769 |          1.000000 |
|              |---------|-------------------|-------------------|-------------------|
|              |     2   |          0.076645 |          0.018376 |          1.000000 |
|--------------|---------|-------------------|-------------------|-------------------|
|   C (  6)    |         |                   |                   |                   |
|              |     0   |       1113.986772 |        137.426383 |          1.000000 |
|              |---------|-------------------|-------------------|-------------------|
|              |     0   |        369.162342 |         60.023752 |          1.000000 |
|              |---------|-------------------|-------------------|-------------------|
|              |     0   |        121.792752 |         26.129204 |          1.000000 |
|              |---------|-------------------|-------------------|-------------------|
|              |     0   |         48.127115 |         13.022743 |          1.000000 |
|              |---------|-------------------|-------------------|-------------------|
|              |     0   |         20.365074 |          6.832420 |          1.000000 |
|              |---------|-------------------|-------------------|-------------------|
|              |     0   |          8.088360 |          3.418263 |          1.000000 |
|              |---------|-------------------|-------------------|-------------------|
|              |     0   |          2.506866 |          1.419902 |          1.000000 |
|              |---------|-------------------|-------------------|-------------------|
|              |     0   |          1.243854 |          0.839435 |          1.000000 |
|              |---------|-------------------|-------------------|-------------------|
|              |     0   |          0.484499 |          0.413885 |          1.000000 |
|              |---------|-------------------|-------------------|-------------------|
|              |     0   |          0.191852 |          0.206602 |          1.000000 |
|              |---------|-------------------|-------------------|-------------------|
|              |     1   |        102.991762 |        467.673972 |          1.000000 |
|              |---------|-------------------|-------------------|-------------------|
|              |     1   |         28.132594 |         92.353277 |          1.000000 |
|              |---------|-------------------|-------------------|-------------------|
|              |     1   |          9.836432 |         24.830592 |          1.000000 |
|              |---------|-------------------|-------------------|-------------------|
|              |     1   |          3.349054 |          6.457923 |          1.000000 |
|              |---------|-------------------|-------------------|-------------------|
|              |     1   |          1.494762 |          2.355890 |          1.000000 |
|              |---------|-------------------|-------------------|-------------------|
|              |     1   |          0.576901 |          0.716666 |          1.000000 |
|              |---------|-------------------|-------------------|-------------------|
|              |     1   |          0.203201 |          0.194467 |          1.000000 |
|              |---------|-------------------|-------------------|-------------------|
|              |     2   |         10.594068 |        102.392773 |          1.000000 |
|              |---------|-------------------|-------------------|-------------------|
|              |     2   |          3.599720 |         15.483874 |          1.000000 |
|              |---------|-------------------|-------------------|-------------------|
|              |     2   |          1.335569 |          2.731025 |          1.000000 |
|              |---------|-------------------|-------------------|-------------------|
|              |     2   |          0.519498 |          0.523216 |          1.000000 |
|              |---------|-------------------|-------------------|-------------------|
|              |     2   |          0.199541 |          0.098054 |          1.000000 |
|              |---------|-------------------|-------------------|-------------------|
|              |     3   |          1.194866 |          2.197470 |          1.000000 |
|              |---------|-------------------|-------------------|-------------------|
|              |     3   |          0.415866 |          0.204456 |          1.000000 |
|              |---------|-------------------|-------------------|-------------------|
|              |     0   |          0.075969 |          0.103131 |          1.000000 |
|              |---------|-------------------|-------------------|-------------------|
|              |     1   |          0.071573 |          0.052769 |          1.000000 |
|              |---------|-------------------|-------------------|-------------------|
|              |     2   |          0.076645 |          0.018376 |          1.000000 |
|--------------|---------|-------------------|-------------------|-------------------|
|   C (  7)    |         |                   |                   |                   |
|              |     0   |       1113.986772 |        137.426383 |          1.000000 |
|              |---------|-------------------|-------------------|-------------------|
|              |     0   |        369.162342 |         60.023752 |          1.000000 |
|              |---------|-------------------|-------------------|-------------------|
|              |     0   |        121.792752 |         26.129204 |          1.000000 |
|              |---------|-------------------|-------------------|-------------------|
|              |     0   |         48.127115 |         13.022743 |          1.000000 |
|              |---------|-------------------|-------------------|-------------------|
|              |     0   |         20.365074 |          6.832420 |          1.000000 |
|              |---------|-------------------|-------------------|-------------------|
|              |     0   |          8.088360 |          3.418263 |          1.000000 |
|              |---------|-------------------|-------------------|-------------------|
|              |     0   |          2.506866 |          1.419902 |          1.000000 |
|              |---------|-------------------|-------------------|-------------------|
|              |     0   |          1.243854 |          0.839435 |          1.000000 |
|              |---------|-------------------|-------------------|-------------------|
|              |     0   |          0.484499 |          0.413885 |          1.000000 |
|              |---------|-------------------|-------------------|-------------------|
|              |     0   |          0.191852 |          0.206602 |          1.000000 |
|              |---------|-------------------|-------------------|-------------------|
|              |     1   |        102.991762 |        467.673972 |          1.000000 |
|              |---------|-------------------|-------------------|-------------------|
|              |     1   |         28.132594 |         92.353277 |          1.000000 |
|              |---------|-------------------|-------------------|-------------------|
|              |     1   |          9.836432 |         24.830592 |          1.000000 |
|              |---------|-------------------|-------------------|-------------------|
|              |     1   |          3.349054 |          6.457923 |          1.000000 |
|              |---------|-------------------|-------------------|-------------------|
|              |     1   |          1.494762 |          2.355890 |          1.000000 |
|              |---------|-------------------|-------------------|-------------------|
|              |     1   |          0.576901 |          0.716666 |          1.000000 |
|              |---------|-------------------|-------------------|-------------------|
|              |     1   |          0.203201 |          0.194467 |          1.000000 |
|              |---------|-------------------|-------------------|-------------------|
|              |     2   |         10.594068 |        102.392773 |          1.000000 |
|              |---------|-------------------|-------------------|-------------------|
|              |     2   |          3.599720 |         15.483874 |          1.000000 |
|              |---------|-------------------|-------------------|-------------------|
|              |     2   |          1.335569 |          2.731025 |          1.000000 |
|              |---------|-------------------|-------------------|-------------------|
|              |     2   |          0.519498 |          0.523216 |          1.000000 |
|              |---------|-------------------|-------------------|-------------------|
|              |     2   |          0.199541 |          0.098054 |          1.000000 |
|              |---------|-------------------|-------------------|-------------------|
|              |     3   |          1.194866 |          2.197470 |          1.000000 |
|              |---------|-------------------|-------------------|-------------------|
|              |     3   |          0.415866 |          0.204456 |          1.000000 |
|              |---------|-------------------|-------------------|-------------------|
|              |     0   |          0.075969 |          0.103131 |          1.000000 |
|              |---------|-------------------|-------------------|-------------------|
|              |     1   |          0.071573 |          0.052769 |          1.000000 |
|              |---------|-------------------|-------------------|-------------------|
|              |     2   |          0.076645 |          0.018376 |          1.000000 |
|--------------|---------|-------------------|-------------------|-------------------|
|   H (  8)    |         |                   |                   |                   |
|              |     0   |          9.530249 |          3.865790 |          1.000000 |
|              |---------|-------------------|-------------------|-------------------|
|              |     0   |          1.917451 |          1.161324 |          1.000000 |
|              |---------|-------------------|-------------------|-------------------|
|              |     0   |          0.684240 |          0.536187 |          1.000000 |
|              |---------|-------------------|-------------------|-------------------|
|              |     0   |          0.284133 |          0.277364 |          1.000000 |
|              |---------|-------------------|-------------------|-------------------|
|              |     1   |          2.913323 |          5.425327 |          1.000000 |
|              |---------|-------------------|-------------------|-------------------|
|              |     1   |          1.262121 |          1.906848 |          1.000000 |
|              |---------|-------------------|-------------------|-------------------|
|              |     1   |          0.501998 |          0.602306 |          1.000000 |
|              |---------|-------------------|-------------------|-------------------|
|              |     2   |          2.313533 |          7.143185 |          1.000000 |
|              |---------|-------------------|-------------------|-------------------|
|              |     2   |          0.712907 |          0.910369 |          1.000000 |
|--------------|---------|-------------------|-------------------|-------------------|
|   H (  9)    |         |                   |                   |                   |
|              |     0   |          9.530249 |          3.865790 |          1.000000 |
|              |---------|-------------------|-------------------|-------------------|
|              |     0   |          1.917451 |          1.161324 |          1.000000 |
|              |---------|-------------------|-------------------|-------------------|
|              |     0   |          0.684240 |          0.536187 |          1.000000 |
|              |---------|-------------------|-------------------|-------------------|
|              |     0   |          0.284133 |          0.277364 |          1.000000 |
|              |---------|-------------------|-------------------|-------------------|
|              |     1   |          2.913323 |          5.425327 |          1.000000 |
|              |---------|-------------------|-------------------|-------------------|
|              |     1   |          1.262121 |          1.906848 |          1.000000 |
|              |---------|-------------------|-------------------|-------------------|
|              |     1   |          0.501998 |          0.602306 |          1.000000 |
|              |---------|-------------------|-------------------|-------------------|
|              |     2   |          2.313533 |          7.143185 |          1.000000 |
|              |---------|-------------------|-------------------|-------------------|
|              |     2   |          0.712907 |          0.910369 |          1.000000 |
|--------------|---------|-------------------|-------------------|-------------------|
|   H ( 10)    |         |                   |                   |                   |
|              |     0   |          9.530249 |          3.865790 |          1.000000 |
|              |---------|-------------------|-------------------|-------------------|
|              |     0   |          1.917451 |          1.161324 |          1.000000 |
|              |---------|-------------------|-------------------|-------------------|
|              |     0   |          0.684240 |          0.536187 |          1.000000 |
|              |---------|-------------------|-------------------|-------------------|
|              |     0   |          0.284133 |          0.277364 |          1.000000 |
|              |---------|-------------------|-------------------|-------------------|
|              |     1   |          2.913323 |          5.425327 |          1.000000 |
|              |---------|-------------------|-------------------|-------------------|
|              |     1   |          1.262121 |          1.906848 |          1.000000 |
|              |---------|-------------------|-------------------|-------------------|
|              |     1   |          0.501998 |          0.602306 |          1.000000 |
|              |---------|-------------------|-------------------|-------------------|
|              |     2   |          2.313533 |          7.143185 |          1.000000 |
|              |---------|-------------------|-------------------|-------------------|
|              |     2   |          0.712907 |          0.910369 |          1.000000 |
|--------------|---------|-------------------|-------------------|-------------------|
|   H ( 11)    |         |                   |                   |                   |
|              |     0   |          9.530249 |          3.865790 |          1.000000 |
|              |---------|-------------------|-------------------|-------------------|
|              |     0   |          1.917451 |          1.161324 |          1.000000 |
|              |---------|-------------------|-------------------|-------------------|
|              |     0   |          0.684240 |          0.536187 |          1.000000 |
|              |---------|-------------------|-------------------|-------------------|
|              |     0   |          0.284133 |          0.277364 |          1.000000 |
|              |---------|-------------------|-------------------|-------------------|
|              |     1   |          2.913323 |          5.425327 |          1.000000 |
|              |---------|-------------------|-------------------|-------------------|
|              |     1   |          1.262121 |          1.906848 |          1.000000 |
|              |---------|-------------------|-------------------|-------------------|
|              |     1   |          0.501998 |          0.602306 |          1.000000 |
|              |---------|-------------------|-------------------|-------------------|
|              |     2   |          2.313533 |          7.143185 |          1.000000 |
|              |---------|-------------------|-------------------|-------------------|
|              |     2   |          0.712907 |          0.910369 |          1.000000 |
|--------------|---------|-------------------|-------------------|-------------------|
|   H ( 12)    |         |                   |                   |                   |
|              |     0   |          9.530249 |          3.865790 |          1.000000 |
|              |---------|-------------------|-------------------|-------------------|
|              |     0   |          1.917451 |          1.161324 |          1.000000 |
|              |---------|-------------------|-------------------|-------------------|
|              |     0   |          0.684240 |          0.536187 |          1.000000 |
|              |---------|-------------------|-------------------|-------------------|
|              |     0   |          0.284133 |          0.277364 |          1.000000 |
|              |---------|-------------------|-------------------|-------------------|
|              |     1   |          2.913323 |          5.425327 |          1.000000 |
|              |---------|-------------------|-------------------|-------------------|
|              |     1   |          1.262121 |          1.906848 |          1.000000 |
|              |---------|-------------------|-------------------|-------------------|
|              |     1   |          0.501998 |          0.602306 |          1.000000 |
|              |---------|-------------------|-------------------|-------------------|
|              |     2   |          2.313533 |          7.143185 |          1.000000 |
|              |---------|-------------------|-------------------|-------------------|
|              |     2   |          0.712907 |          0.910369 |          1.000000 |
|--------------|---------|-------------------|-------------------|-------------------|
|   H ( 13)    |         |                   |                   |                   |
|              |     0   |          9.530249 |          3.865790 |          1.000000 |
|              |---------|-------------------|-------------------|-------------------|
|              |     0   |          1.917451 |          1.161324 |          1.000000 |
|              |---------|-------------------|-------------------|-------------------|
|              |     0   |          0.684240 |          0.536187 |          1.000000 |
|              |---------|-------------------|-------------------|-------------------|
|              |     0   |          0.284133 |          0.277364 |          1.000000 |
|              |---------|-------------------|-------------------|-------------------|
|              |     1   |          2.913323 |          5.425327 |          1.000000 |
|              |---------|-------------------|-------------------|-------------------|
|              |     1   |          1.262121 |          1.906848 |          1.000000 |
|              |---------|-------------------|-------------------|-------------------|
|              |     1   |          0.501998 |          0.602306 |          1.000000 |
|              |---------|-------------------|-------------------|-------------------|
|              |     2   |          2.313533 |          7.143185 |          1.000000 |
|              |---------|-------------------|-------------------|-------------------|
|              |     2   |          0.712907 |          0.910369 |          1.000000 |
|--------------|---------|-------------------|-------------------|-------------------|
|   H ( 14)    |         |                   |                   |                   |
|              |     0   |          9.530249 |          3.865790 |          1.000000 |
|              |---------|-------------------|-------------------|-------------------|
|              |     0   |          1.917451 |          1.161324 |          1.000000 |
|              |---------|-------------------|-------------------|-------------------|
|              |     0   |          0.684240 |          0.536187 |          1.000000 |
|              |---------|-------------------|-------------------|-------------------|
|              |     0   |          0.284133 |          0.277364 |          1.000000 |
|              |---------|-------------------|-------------------|-------------------|
|              |     1   |          2.913323 |          5.425327 |          1.000000 |
|              |---------|-------------------|-------------------|-------------------|
|              |     1   |          1.262121 |          1.906848 |          1.000000 |
|              |---------|-------------------|-------------------|-------------------|
|              |     1   |          0.501998 |          0.602306 |          1.000000 |
|              |---------|-------------------|-------------------|-------------------|
|              |     2   |          2.313533 |          7.143185 |          1.000000 |
|              |---------|-------------------|-------------------|-------------------|
|              |     2   |          0.712907 |          0.910369 |          1.000000 |
|--------------|---------|-------------------|-------------------|-------------------|
|   H ( 15)    |         |                   |                   |                   |
|              |     0   |          9.530249 |          3.865790 |          1.000000 |
|              |---------|-------------------|-------------------|-------------------|
|              |     0   |          1.917451 |          1.161324 |          1.000000 |
|              |---------|-------------------|-------------------|-------------------|
|              |     0   |          0.684240 |          0.536187 |          1.000000 |
|              |---------|-------------------|-------------------|-------------------|
|              |     0   |          0.284133 |          0.277364 |          1.000000 |
|              |---------|-------------------|-------------------|-------------------|
|              |     1   |          2.913323 |          5.425327 |          1.000000 |
|              |---------|-------------------|-------------------|-------------------|
|              |     1   |          1.262121 |          1.906848 |          1.000000 |
|              |---------|-------------------|-------------------|-------------------|
|              |     1   |          0.501998 |          0.602306 |          1.000000 |
|              |---------|-------------------|-------------------|-------------------|
|              |     2   |          2.313533 |          7.143185 |          1.000000 |
|              |---------|-------------------|-------------------|-------------------|
|              |     2   |          0.712907 |          0.910369 |          1.000000 |
|--------------|---------|-------------------|-------------------|-------------------|
|   H ( 16)    |         |                   |                   |                   |
|              |     0   |          9.530249 |          3.865790 |          1.000000 |
|              |---------|-------------------|-------------------|-------------------|
|              |     0   |          1.917451 |          1.161324 |          1.000000 |
|              |---------|-------------------|-------------------|-------------------|
|              |     0   |          0.684240 |          0.536187 |          1.000000 |
|              |---------|-------------------|-------------------|-------------------|
|              |     0   |          0.284133 |          0.277364 |          1.000000 |
|              |---------|-------------------|-------------------|-------------------|
|              |     1   |          2.913323 |          5.425327 |          1.000000 |
|              |---------|-------------------|-------------------|-------------------|
|              |     1   |          1.262121 |          1.906848 |          1.000000 |
|              |---------|-------------------|-------------------|-------------------|
|              |     1   |          0.501998 |          0.602306 |          1.000000 |
|              |---------|-------------------|-------------------|-------------------|
|              |     2   |          2.313533 |          7.143185 |          1.000000 |
|              |---------|-------------------|-------------------|-------------------|
|              |     2   |          0.712907 |          0.910369 |          1.000000 |
|--------------|---------|-------------------|-------------------|-------------------|
|   H ( 17)    |         |                   |                   |                   |
|              |     0   |          9.530249 |          3.865790 |          1.000000 |
|              |---------|-------------------|-------------------|-------------------|
|              |     0   |          1.917451 |          1.161324 |          1.000000 |
|              |---------|-------------------|-------------------|-------------------|
|              |     0   |          0.684240 |          0.536187 |          1.000000 |
|              |---------|-------------------|-------------------|-------------------|
|              |     0   |          0.284133 |          0.277364 |          1.000000 |
|              |---------|-------------------|-------------------|-------------------|
|              |     1   |          2.913323 |          5.425327 |          1.000000 |
|              |---------|-------------------|-------------------|-------------------|
|              |     1   |          1.262121 |          1.906848 |          1.000000 |
|              |---------|-------------------|-------------------|-------------------|
|              |     1   |          0.501998 |          0.602306 |          1.000000 |
|              |---------|-------------------|-------------------|-------------------|
|              |     2   |          2.313533 |          7.143185 |          1.000000 |
|              |---------|-------------------|-------------------|-------------------|
|              |     2   |          0.712907 |          0.910369 |          1.000000 |
|______________|_________|___________________|___________________|___________________|



 Pseudopotential information:

 ________________________________________________________________ 





Calculation of 1-el matrices:
Time to step -    0.26520
Full time    -    0.26520



______________________Starting_CASSCF_calculations_____________________

Number of states                  4
State multiplicity                1 (singlet)

Active space:
Number of alpha electrons         4
Number of beta  electrons         4
Number of active orbitals         16

Number of core orbitals:          25

Preparation of virtual orbitals:  yes
State tracking:                   no 
State averaging:
Weights:	all equal to 1

SCF settings:
Energy convergence:               1.000000e-08
Orbital gradient convergence:     1.000000e-05
Rotation matrix convergence :     1.000000e-07
Maximum number of iterations:     100
Orbital converger:                super-CI-PT (sxpt)
Orbital L-BFGS depth        :     10
Maximum SX-PT step          :     2.000000e-01

CI solver:                        DMRG
DMRG settings:
Bond dimension (m):               500
Maximum number of sweeps:         40
Sweep energy convergence:         1.000000e-10
Initial occupancy:                integral
Sweep schedule:                   default
Active-space localization:        Pipek-Mezey
DMRG orbital ordering:            GAopt (genetic, seeded)
Scratch directory (save_dir):     /dev/shm
Memory (block2 double stack):     16 GB
RDM sweep passes:                 1
Partition files:                  fp_codec cutoff 1e-16, chunk 1024
Low-m MPO optimization:           auto
MPS warm-start:                   on (after 10 cold iter)
Warm re-solve sweeps:             20
Warm noise scale (x discarded w): 0
Rotate reused MPS:                yes
MPS-rotation bond dim (rot_m):    500
MPS-rotation TE steps (rot_steps):1
Leading determinants:             on
  read-out rotation bond dim:     500 (3 TE steps)
  extraction:                     no compression, cutoff=1.000000e-03

_______________________________________________________________________




RI integrals calculation:
Time to step -    0.26144
Full time    -    0.52663
WARNING: orbital canonicalization (rotate) disabled - the CI backend does not support CI-vector rotation
NOTE: DMRG low_m_opt=on (auto: K=16 m=500)
Primary CI and calculation canonical orbitals:
Time to step -  129.65630
Full time    -  130.18293


CAS_SCF density averaging:
__________________________________________
 State| E                 | S^2  | weight |
______|___________________|______|________|
    0 |   -308.8401425054 | 0.00 | 1.00   |
    1 |   -308.6184905054 | 0.00 | 1.00   |
    2 |   -308.5815761768 | 0.00 | 1.00   |
    3 |   -308.5758135393 | 0.00 | 1.00   |
______|___________________|______|________|

Start CAS_SCF iterations
__________________________________________________________________________________________________________
  N | E                 | dE         | LAG.ASYM. | ROT.STEP  | N_SWP | DMRG_DE   | DMRG_DW   | OPTIM.LAT |
____|___________________|____________|___________|___________|_______|___________|___________|___________|
  0 |   -308.6540056817 | -3.087e+02 | 2.458e-01 | 1.000e+00 |  21   | 4.255e-10 |  9.85e-08 |     -     |
 SX-PT is scaling rotation angle matrix Xmax=4.95903e-01
  1 |   -308.6742810641 | -2.028e-02 | 1.758e-01 | 4.959e-01 |  22   | 3.178e-11 |  9.75e-08 |     -     |
 SX-PT is scaling rotation angle matrix Xmax=2.22912e+01
  2 |   -308.6863138040 | -1.203e-02 | 8.282e-02 | 3.710e-01 |  21   | 6.009e-10 |  1.25e-07 |     -     |
 SX-PT is scaling rotation angle matrix Xmax=8.16759e-01
  3 |   -308.6905464704 | -4.233e-03 | 2.765e-02 | 2.706e-01 |  22   | 6.526e-11 |  8.29e-08 |     -     |
 SX-PT is scaling rotation angle matrix Xmax=3.17976e-01
  4 |   -308.6925572848 | -2.011e-03 | 1.186e-02 | 1.864e-01 |  23   | 6.253e-12 |  1.06e-07 |     -     |
 SX-PT is scaling rotation angle matrix Xmax=2.94828e-01
  5 |   -308.6935031036 | -9.458e-04 | 3.737e-03 | 1.494e-01 |  22   | 3.809e-11 |  9.81e-08 |     -     |
 SX-PT is scaling rotation angle matrix Xmax=3.22058e-01
  6 |   -308.6938835926 | -3.805e-04 | 8.437e-03 | 1.473e-01 |  22   | 9.464e-11 |  8.94e-08 |     -     |
  7 |   -308.6941088967 | -2.253e-04 | 7.502e-03 | 7.843e-02 |  22   | 1.091e-11 |  1.47e-07 |     -     |
  8 |   -308.6942009691 | -9.207e-05 | 3.628e-03 | 2.882e-02 |  22   | 3.149e-11 |  1.31e-07 |     -     |
  9 |   -308.6942306709 | -2.970e-05 | 2.024e-03 | 1.891e-02 |  22   | 2.075e-11 |  1.14e-07 |     -     |
 10 |   -308.6942359683 | -5.297e-06 | 2.015e-03 | 1.715e-02 |  22   | 2.575e-11 |  1.08e-07 |     -     |
 11 |   -308.6942390425 | -3.074e-06 | 1.525e-03 | 1.456e-02 |   5   | 1.273e-11 |  1.05e-07 |      TRUE |
 12 |   -308.6942421466 | -3.104e-06 | 1.730e-03 | 1.116e-02 |   5   | 2.240e-10 |  1.08e-07 |      TRUE |
 13 |   -308.6942434918 | -1.345e-06 | 5.047e-04 | 3.155e-03 |   5   | 2.711e-11 |  1.08e-07 |      TRUE |
 14 |   -308.6942437679 | -2.761e-07 | 5.126e-05 | 1.752e-03 |   5   | 2.916e-11 |  1.09e-07 |      TRUE |
 15 |   -308.6942437991 | -3.117e-08 | 4.918e-05 | 6.904e-04 |   5   | 2.655e-11 |  1.09e-07 |      TRUE |
 16 |   -308.6942438088 | -9.766e-09 | 1.647e-05 | 3.559e-04 |   5   | 2.620e-11 |  1.09e-07 |      TRUE |
 17 |   -308.6942438115 | -2.708e-09 | 8.930e-06 | 2.098e-04 |   5   | 2.592e-11 |  1.09e-07 |      TRUE |
____|___________________|____________|___________|___________|_______|___________|___________|___________|

Energy converged after 17 iterations

 NOTE: the energy criterion was met with the orbital gradient above grad; the run went on

CAS_SCF iterations:
Time to step - 1836.63239
Full time    - 1966.81533
Preparation of canonical orbitals:
Time to step -    0.10715
Full time    - 1966.92248
CAS_SCF WaveFunctions:

DMRG determinant read-out orbital map (lattice k -> canonical orbital p, sign):
  canonical orbital: 9 5 1 11 4 15 7 13 10 0 14 3 12 6 2 8
  sign     : + - - - - - - - + + + - + + + -
State 0  E  =    -308.8474534773 S^2 = 0.00:
-8.8878152421e-01  | 1111000000000000 | 1111000000000000
 1.5344308916e-01  | 1110100000000000 | 1110100000000000
-8.7159637857e-02  | 1110010000000000 | 1101100000000000
-8.7159637857e-02  | 1101100000000000 | 1110010000000000
-7.3401335715e-02  | 1110010000000000 | 1111000000000000
-7.3401335715e-02  | 1111000000000000 | 1110010000000000
 7.0444725476e-02  | 1101010000000000 | 1101010000000000
-6.3249607446e-02  | 1011100000000000 | 1110001000000000
-6.3249607446e-02  | 1110001000000000 | 1011100000000000
 6.2802925705e-02  | 1110000100000000 | 0111100000000000
State 1  E  =    -308.6716291613 S^2 = 0.00:
 5.4825266778e-01  | 1110100000000000 | 1110100000000000
 3.1163555465e-01  | 1101100000000000 | 1111000000000000
 3.1163555465e-01  | 1111000000000000 | 1101100000000000
 2.8332784597e-01  | 1110010000000000 | 1111000000000000
 2.8332784597e-01  | 1111000000000000 | 1110010000000000
-1.2289463077e-01  | 1101100000000000 | 1101100000000000
 1.0912498817e-01  | 1100110000000000 | 1111000000000000
 1.0912498817e-01  | 1111000000000000 | 1100110000000000
-9.3562934110e-02  | 1110010000000000 | 1101100000000000
-9.3562934110e-02  | 1101100000000000 | 1110010000000000
State 2  E  =    -308.6306073489 S^2 = 0.00:
 4.1743845932e-01  | 1110100000000000 | 1111000000000000
 4.1743845932e-01  | 1111000000000000 | 1110100000000000
 2.6211696589e-01  | 1110100000000000 | 1110010000000000
 2.6211696589e-01  | 1110010000000000 | 1110100000000000
 2.6205447947e-01  | 1111000000000000 | 1011100000000000
 2.6205447947e-01  | 1011100000000000 | 1111000000000000
 1.9968139283e-01  | 1110001000000000 | 1111000000000000
 1.9968139283e-01  | 1111000000000000 | 1110001000000000
-1.2853747179e-01  | 1110100000000000 | 1101100000000000
-1.2853747179e-01  | 1101100000000000 | 1110100000000000
State 3  E  =    -308.6272852586 S^2 = 0.00:
-4.7954781016e-01  | 1111000000000000 | 1110100000000000
-4.7954781016e-01  | 1110100000000000 | 1111000000000000
-2.7761875396e-01  | 1110100000000000 | 1101100000000000
-2.7761875396e-01  | 1101100000000000 | 1110100000000000
 2.2275262493e-01  | 1111000000000000 | 1011100000000000
 2.2275262493e-01  | 1011100000000000 | 1111000000000000
 1.5307286689e-01  | 1111000000000000 | 1110001000000000
 1.5307286689e-01  | 1110001000000000 | 1111000000000000
 7.5308947216e-02  | 1110010000000000 | 1110100000000000
 7.5308947216e-02  | 1110100000000000 | 1110010000000000

DMRG determinant extraction weights:
____________________________
 State| weight       |
______|______________|
    0 | 0.996590     |
    1 | 0.994982     |
    2 | 0.994881     |
    3 | 0.995114     |
______|______________|


CAS_SCF density averaging:
__________________________________________
 State| E                 | S^2  | weight |
______|___________________|______|________|
    0 |   -308.8474534773 | 0.00 | 1.00   |
    1 |   -308.6716291613 | 0.00 | 1.00   |
    2 |   -308.6306073489 | 0.00 | 1.00   |
    3 |   -308.6272852586 | 0.00 | 1.00   |
______|___________________|______|________|


CAS_SCF Energy summary:
E[  0] = -308.8474534773
E[  1] = -308.6716291613 | 4.7844 eV
E[  2] = -308.6306073489 | 5.9007 eV
E[  3] = -308.6272852586 | 5.9911 eV


CAS_SCF Dipole moment:

d[  0,  0] = { 2.321044e-06,-1.654432e-06,-4.920276e-14} |d| = 2.850332e-06
d[  0,  1] = { 3.873157e-06, 2.615528e-07,-2.750243e-15} |d| = 3.881979e-06
d[  0,  2] = {-2.262618e+00, 3.184837e-01,-1.605183e-14} |d| = 2.284923e+00
d[  0,  3] = { 2.749241e+00,-3.864421e-01, 4.920172e-15} |d| = 2.776268e+00

d[  1,  0] = { 3.873157e-06, 2.615528e-07,-2.750243e-15} |d| = 3.881979e-06
d[  1,  1] = {-2.349884e-06, 1.562881e-06,-7.342476e-14} |d| = 2.822154e-06
d[  1,  2] = {-4.695738e-01,-1.826168e-01,-9.215436e-15} |d| = 5.038338e-01
d[  1,  3] = { 8.545898e-01, 2.654721e-01, 5.058901e-16} |d| = 8.948739e-01

d[  2,  0] = {-2.262618e+00, 3.184837e-01,-1.605183e-14} |d| = 2.284923e+00
d[  2,  1] = {-4.695738e-01,-1.826168e-01,-9.215436e-15} |d| = 5.038338e-01
d[  2,  2] = {-5.367752e-06, 1.562904e-06,-5.930342e-14} |d| = 5.590655e-06
d[  2,  3] = { 2.165392e-06,-6.852491e-07,-9.769684e-15} |d| = 2.271231e-06

d[  3,  0] = { 2.749241e+00,-3.864421e-01, 4.920172e-15} |d| = 2.776268e+00
d[  3,  1] = { 8.545898e-01, 2.654721e-01, 5.058901e-16} |d| = 8.948739e-01
d[  3,  2] = { 2.165392e-06,-6.852491e-07,-9.769684e-15} |d| = 2.271231e-06
d[  3,  3] = {-1.729589e-06,-3.795493e-06,-6.341822e-14} |d| = 4.171000e-06




Writing CAS_SCF canonical orbitals:
visualization file: 4ene_CAS.out
data file         : 4ene_CAS.orb

Writing CAS_SCF natural orbitals:
visualization file: 4ene_CAS_NatOrb.out
data file         : 4ene_CAS_NatOrb.orb

_______________________________________________________________________


CAS_SCF:
Time to step -   76.90687
Full time    - 2043.82935


Calculation finished at: 14:54 (EEST), 29 September 2026 (Tuesday).
