
NonOrtogonal quantum chemistry and Perturbation Theory
                  NOPT version 3.4.2


sQM - standart QM module.

Compilation options:
1) linear algebra package - OpenBLAS
2) non-parallel BLAS matrix multiplication in the OMP parallel cycles
3) build git commit 0541b3eef4a5

selected command  line options:
-i           4ene_soscf_dmrg.inp	 input file

Calculation started at: 12:41 (EEST), 29 September 2026 (Tuesday).

_______________________________________________________________________

Input file:

   0: $PAR NUM_THREADS=16 N_MOL=1 RHF=0 CAS=1 D5=1 RI=1 NAME=4ene $PAREND
   1: $MOL
   2: _CHARGE=0;
   3: _BASIS=jun-cc-pvdz;
   4: _RI_BASIS=jun-cc-pvdz-jkfit;
   5: _UNITS= ang;
   6: _xyz
   7: 18
   8: 4ene 
   9: C   4.33581459  -0.21013946   0.00000000
  10: C  -4.33581459   0.21013946   0.00000000
  11: C   3.13707423   0.41982979   0.00000000
  12: C  -3.13707423  -0.41982979   0.00000000
  13: C   1.84790846  -0.28094470   0.00000000
  14: C  -1.84790846   0.28094470   0.00000000
  15: C   0.64299768   0.34910409   0.00000000
  16: C  -0.64299768  -0.34910409   0.00000000
  17: H   4.40307799  -1.30401673   0.00000000
  18: H  -4.40307799   1.30401673   0.00000000
  19: H   5.27492320   0.35051356   0.00000000
  20: H  -5.27492320  -0.35051356   0.00000000
  21: H   3.10371272   1.51717565   0.00000000
  22: H  -3.10371272  -1.51717565   0.00000000
  23: H   1.87744497  -1.37938629   0.00000000
  24: H  -1.87744497   1.37938629   0.00000000
  25: H   0.61477995   1.44763979   0.00000000
  26: H  -0.61477995  -1.44763979   0.00000000
  27: $END
  28: $SYMM group=C2h $END
  29: $act_space n_alp=4 n_bet=4 n_val=16 mult=1 reorder=1 orbitals=26,27,28,29,30,31,32,33,53,54,55,60,74,81,84,86; $end
  30: _MO INP=4ene_MP2_NatOrb.orb
  31: $CAS n_s=4 w_state=all_1; cisolver=dmrg maxit=100 dE=1e-8 grad=1e-5 converger=soscf $END
  32: $DMRG m=500 sweep_tol=1E-10 localize=pm loc_order=gaopt print_dets=on det_rot_m=500 det_rot_steps=3 warm_start_after=10 memory=16 $END
_______________________________________________________________________



_____________________________Input_summary_____________________________


Number of threads:  16

Job name: 4ene

Methods:
Restricted Hartree-Fock                          -     no 
Complete Active Space SCF                        -     yes
eXtended MultiConfiguration QuasiDegenerate PT   -     no 
Complete Degenerate Active Space PT              -     no 
Second order Moller-Plesset PT                   -     no 
State-specific DSRG-PT2                          -     no 
Settings:
D5                                               -     yes
Resolution of Identity                           -     yes
Spin-orbit                                       -     no 
Symmetry point group                             -     C2h
Printing:
dipole moment                                    -     yes
electron dispersion                              -     no 
quadrupole moment                                -     no 
Mulliken charges                                 -     no 
_______________________________________________________________________


Reading molecule:
-----------------------------------------------------------------------

WARNING: read_cl is blocked in the 3.0 version

                      units    = ang
                      charge   = 0
                      basis    = jun-cc-pvdz (library)
                      RI basis = jun-cc-pvdz-jkfit (library)
                      included   4ene_MP2_NatOrb.orb (orbitals)
WARNING:              Orbitals are reordered
                      Active space orbitals: 26 27 28 29 30 31 32 33 53 54 55 60 74 81 84 86
_______________________________________________________________________

Molecule structure (a.u.):
 ________________________________________________________________________________________
| Atom |    C    |     X     |     Y     |     Z     |   n_ecp   |     q     |    type   |
| _____|_________|___________|___________|___________|___________|___________|___________|
|  C   |     6   |     8.194 |    -0.397 |     0.000 |           |           |    real   |
|  C   |     6   |    -8.194 |     0.397 |     0.000 |           |           |    real   |
|  C   |     6   |     5.928 |     0.793 |     0.000 |           |           |    real   |
|  C   |     6   |    -5.928 |    -0.793 |     0.000 |           |           |    real   |
|  C   |     6   |     3.492 |    -0.531 |     0.000 |           |           |    real   |
|  C   |     6   |    -3.492 |     0.531 |     0.000 |           |           |    real   |
|  C   |     6   |     1.215 |     0.660 |     0.000 |           |           |    real   |
|  C   |     6   |    -1.215 |    -0.660 |     0.000 |           |           |    real   |
|  H   |     1   |     8.321 |    -2.464 |     0.000 |           |           |    real   |
|  H   |     1   |    -8.321 |     2.464 |     0.000 |           |           |    real   |
|  H   |     1   |     9.968 |     0.662 |     0.000 |           |           |    real   |
|  H   |     1   |    -9.968 |    -0.662 |     0.000 |           |           |    real   |
|  H   |     1   |     5.865 |     2.867 |     0.000 |           |           |    real   |
|  H   |     1   |    -5.865 |    -2.867 |     0.000 |           |           |    real   |
|  H   |     1   |     3.548 |    -2.607 |     0.000 |           |           |    real   |
|  H   |     1   |    -3.548 |     2.607 |     0.000 |           |           |    real   |
|  H   |     1   |     1.162 |     2.736 |     0.000 |           |           |    real   |
|  H   |     1   |    -1.162 |    -2.736 |     0.000 |           |           |    real   |
| _____|_________|___________|___________|___________|___________|___________|___________|

C2h symmetry point group is used

Molecule contains 58 electrons

C - nuclear charge (a.u.)
q - additional (partial) charge (a.u.)
n_ecp - number of electrons frozen by ECP
X,Y,Z - cartesian coordinates (Bohr)



 Basis set information:

 ____________________________________________________________________________________
|     Atom     |    L    |       alpha       |         c         |       c(lib)      |
|______________|_________|___________________|___________________|___________________|
|   C (  0)    |         |                   |                   |                   |
|              |     0   |       6665.000000 |          0.363584 |          0.000692 |
|              |         |       1000.000000 |          0.674986 |          0.005329 |
|              |         |        228.000000 |          1.131620 |          0.027077 |
|              |         |         64.710000 |          1.653009 |          0.101718 |
|              |         |         21.060000 |          1.923821 |          0.274740 |
|              |         |          7.495000 |          1.447278 |          0.448564 |
|              |         |          2.797000 |          0.439163 |          0.285074 |
|              |         |          0.521500 |          0.006646 |          0.015204 |
|              |---------|-------------------|-------------------|-------------------|
|              |     0   |       6665.000000 |         -0.154180 |         -0.000146 |
|              |         |       1000.000000 |         -0.293785 |         -0.001154 |
|              |         |        228.000000 |         -0.480896 |         -0.005725 |
|              |         |         64.710000 |         -0.761434 |         -0.023312 |
|              |         |         21.060000 |         -0.900104 |         -0.063955 |
|              |         |          7.495000 |         -0.972611 |         -0.149981 |
|              |         |          2.797000 |         -0.394042 |         -0.127262 |
|              |         |          0.521500 |          0.478394 |          0.544529 |
|              |---------|-------------------|-------------------|-------------------|
|              |     0   |          0.159600 |          0.179964 |          1.000000 |
|              |---------|-------------------|-------------------|-------------------|
|              |     1   |          9.439000 |          1.343737 |          0.038109 |
|              |         |          2.002000 |          1.063168 |          0.209480 |
|              |         |          0.545600 |          0.508232 |          0.508557 |
|              |---------|-------------------|-------------------|-------------------|
|              |     1   |          0.151700 |          0.134950 |          1.000000 |
|              |---------|-------------------|-------------------|-------------------|
|              |     2   |          0.550000 |          0.578155 |          1.000000 |
|              |---------|-------------------|-------------------|-------------------|
|              |     0   |          0.046900 |          0.071827 |          1.000000 |
|              |---------|-------------------|-------------------|-------------------|
|              |     1   |          0.040410 |          0.025826 |          1.000000 |
|--------------|---------|-------------------|-------------------|-------------------|
|   C (  1)    |         |                   |                   |                   |
|              |     0   |       6665.000000 |          0.363584 |          0.000692 |
|              |         |       1000.000000 |          0.674986 |          0.005329 |
|              |         |        228.000000 |          1.131620 |          0.027077 |
|              |         |         64.710000 |          1.653009 |          0.101718 |
|              |         |         21.060000 |          1.923821 |          0.274740 |
|              |         |          7.495000 |          1.447278 |          0.448564 |
|              |         |          2.797000 |          0.439163 |          0.285074 |
|              |         |          0.521500 |          0.006646 |          0.015204 |
|              |---------|-------------------|-------------------|-------------------|
|              |     0   |       6665.000000 |         -0.154180 |         -0.000146 |
|              |         |       1000.000000 |         -0.293785 |         -0.001154 |
|              |         |        228.000000 |         -0.480896 |         -0.005725 |
|              |         |         64.710000 |         -0.761434 |         -0.023312 |
|              |         |         21.060000 |         -0.900104 |         -0.063955 |
|              |         |          7.495000 |         -0.972611 |         -0.149981 |
|              |         |          2.797000 |         -0.394042 |         -0.127262 |
|              |         |          0.521500 |          0.478394 |          0.544529 |
|              |---------|-------------------|-------------------|-------------------|
|              |     0   |          0.159600 |          0.179964 |          1.000000 |
|              |---------|-------------------|-------------------|-------------------|
|              |     1   |          9.439000 |          1.343737 |          0.038109 |
|              |         |          2.002000 |          1.063168 |          0.209480 |
|              |         |          0.545600 |          0.508232 |          0.508557 |
|              |---------|-------------------|-------------------|-------------------|
|              |     1   |          0.151700 |          0.134950 |          1.000000 |
|              |---------|-------------------|-------------------|-------------------|
|              |     2   |          0.550000 |          0.578155 |          1.000000 |
|              |---------|-------------------|-------------------|-------------------|
|              |     0   |          0.046900 |          0.071827 |          1.000000 |
|              |---------|-------------------|-------------------|-------------------|
|              |     1   |          0.040410 |          0.025826 |          1.000000 |
|--------------|---------|-------------------|-------------------|-------------------|
|   C (  2)    |         |                   |                   |                   |
|              |     0   |       6665.000000 |          0.363584 |          0.000692 |
|              |         |       1000.000000 |          0.674986 |          0.005329 |
|              |         |        228.000000 |          1.131620 |          0.027077 |
|              |         |         64.710000 |          1.653009 |          0.101718 |
|              |         |         21.060000 |          1.923821 |          0.274740 |
|              |         |          7.495000 |          1.447278 |          0.448564 |
|              |         |          2.797000 |          0.439163 |          0.285074 |
|              |         |          0.521500 |          0.006646 |          0.015204 |
|              |---------|-------------------|-------------------|-------------------|
|              |     0   |       6665.000000 |         -0.154180 |         -0.000146 |
|              |         |       1000.000000 |         -0.293785 |         -0.001154 |
|              |         |        228.000000 |         -0.480896 |         -0.005725 |
|              |         |         64.710000 |         -0.761434 |         -0.023312 |
|              |         |         21.060000 |         -0.900104 |         -0.063955 |
|              |         |          7.495000 |         -0.972611 |         -0.149981 |
|              |         |          2.797000 |         -0.394042 |         -0.127262 |
|              |         |          0.521500 |          0.478394 |          0.544529 |
|              |---------|-------------------|-------------------|-------------------|
|              |     0   |          0.159600 |          0.179964 |          1.000000 |
|              |---------|-------------------|-------------------|-------------------|
|              |     1   |          9.439000 |          1.343737 |          0.038109 |
|              |         |          2.002000 |          1.063168 |          0.209480 |
|              |         |          0.545600 |          0.508232 |          0.508557 |
|              |---------|-------------------|-------------------|-------------------|
|              |     1   |          0.151700 |          0.134950 |          1.000000 |
|              |---------|-------------------|-------------------|-------------------|
|              |     2   |          0.550000 |          0.578155 |          1.000000 |
|              |---------|-------------------|-------------------|-------------------|
|              |     0   |          0.046900 |          0.071827 |          1.000000 |
|              |---------|-------------------|-------------------|-------------------|
|              |     1   |          0.040410 |          0.025826 |          1.000000 |
|--------------|---------|-------------------|-------------------|-------------------|
|   C (  3)    |         |                   |                   |                   |
|              |     0   |       6665.000000 |          0.363584 |          0.000692 |
|              |         |       1000.000000 |          0.674986 |          0.005329 |
|              |         |        228.000000 |          1.131620 |          0.027077 |
|              |         |         64.710000 |          1.653009 |          0.101718 |
|              |         |         21.060000 |          1.923821 |          0.274740 |
|              |         |          7.495000 |          1.447278 |          0.448564 |
|              |         |          2.797000 |          0.439163 |          0.285074 |
|              |         |          0.521500 |          0.006646 |          0.015204 |
|              |---------|-------------------|-------------------|-------------------|
|              |     0   |       6665.000000 |         -0.154180 |         -0.000146 |
|              |         |       1000.000000 |         -0.293785 |         -0.001154 |
|              |         |        228.000000 |         -0.480896 |         -0.005725 |
|              |         |         64.710000 |         -0.761434 |         -0.023312 |
|              |         |         21.060000 |         -0.900104 |         -0.063955 |
|              |         |          7.495000 |         -0.972611 |         -0.149981 |
|              |         |          2.797000 |         -0.394042 |         -0.127262 |
|              |         |          0.521500 |          0.478394 |          0.544529 |
|              |---------|-------------------|-------------------|-------------------|
|              |     0   |          0.159600 |          0.179964 |          1.000000 |
|              |---------|-------------------|-------------------|-------------------|
|              |     1   |          9.439000 |          1.343737 |          0.038109 |
|              |         |          2.002000 |          1.063168 |          0.209480 |
|              |         |          0.545600 |          0.508232 |          0.508557 |
|              |---------|-------------------|-------------------|-------------------|
|              |     1   |          0.151700 |          0.134950 |          1.000000 |
|              |---------|-------------------|-------------------|-------------------|
|              |     2   |          0.550000 |          0.578155 |          1.000000 |
|              |---------|-------------------|-------------------|-------------------|
|              |     0   |          0.046900 |          0.071827 |          1.000000 |
|              |---------|-------------------|-------------------|-------------------|
|              |     1   |          0.040410 |          0.025826 |          1.000000 |
|--------------|---------|-------------------|-------------------|-------------------|
|   C (  4)    |         |                   |                   |                   |
|              |     0   |       6665.000000 |          0.363584 |          0.000692 |
|              |         |       1000.000000 |          0.674986 |          0.005329 |
|              |         |        228.000000 |          1.131620 |          0.027077 |
|              |         |         64.710000 |          1.653009 |          0.101718 |
|              |         |         21.060000 |          1.923821 |          0.274740 |
|              |         |          7.495000 |          1.447278 |          0.448564 |
|              |         |          2.797000 |          0.439163 |          0.285074 |
|              |         |          0.521500 |          0.006646 |          0.015204 |
|              |---------|-------------------|-------------------|-------------------|
|              |     0   |       6665.000000 |         -0.154180 |         -0.000146 |
|              |         |       1000.000000 |         -0.293785 |         -0.001154 |
|              |         |        228.000000 |         -0.480896 |         -0.005725 |
|              |         |         64.710000 |         -0.761434 |         -0.023312 |
|              |         |         21.060000 |         -0.900104 |         -0.063955 |
|              |         |          7.495000 |         -0.972611 |         -0.149981 |
|              |         |          2.797000 |         -0.394042 |         -0.127262 |
|              |         |          0.521500 |          0.478394 |          0.544529 |
|              |---------|-------------------|-------------------|-------------------|
|              |     0   |          0.159600 |          0.179964 |          1.000000 |
|              |---------|-------------------|-------------------|-------------------|
|              |     1   |          9.439000 |          1.343737 |          0.038109 |
|              |         |          2.002000 |          1.063168 |          0.209480 |
|              |         |          0.545600 |          0.508232 |          0.508557 |
|              |---------|-------------------|-------------------|-------------------|
|              |     1   |          0.151700 |          0.134950 |          1.000000 |
|              |---------|-------------------|-------------------|-------------------|
|              |     2   |          0.550000 |          0.578155 |          1.000000 |
|              |---------|-------------------|-------------------|-------------------|
|              |     0   |          0.046900 |          0.071827 |          1.000000 |
|              |---------|-------------------|-------------------|-------------------|
|              |     1   |          0.040410 |          0.025826 |          1.000000 |
|--------------|---------|-------------------|-------------------|-------------------|
|   C (  5)    |         |                   |                   |                   |
|              |     0   |       6665.000000 |          0.363584 |          0.000692 |
|              |         |       1000.000000 |          0.674986 |          0.005329 |
|              |         |        228.000000 |          1.131620 |          0.027077 |
|              |         |         64.710000 |          1.653009 |          0.101718 |
|              |         |         21.060000 |          1.923821 |          0.274740 |
|              |         |          7.495000 |          1.447278 |          0.448564 |
|              |         |          2.797000 |          0.439163 |          0.285074 |
|              |         |          0.521500 |          0.006646 |          0.015204 |
|              |---------|-------------------|-------------------|-------------------|
|              |     0   |       6665.000000 |         -0.154180 |         -0.000146 |
|              |         |       1000.000000 |         -0.293785 |         -0.001154 |
|              |         |        228.000000 |         -0.480896 |         -0.005725 |
|              |         |         64.710000 |         -0.761434 |         -0.023312 |
|              |         |         21.060000 |         -0.900104 |         -0.063955 |
|              |         |          7.495000 |         -0.972611 |         -0.149981 |
|              |         |          2.797000 |         -0.394042 |         -0.127262 |
|              |         |          0.521500 |          0.478394 |          0.544529 |
|              |---------|-------------------|-------------------|-------------------|
|              |     0   |          0.159600 |          0.179964 |          1.000000 |
|              |---------|-------------------|-------------------|-------------------|
|              |     1   |          9.439000 |          1.343737 |          0.038109 |
|              |         |          2.002000 |          1.063168 |          0.209480 |
|              |         |          0.545600 |          0.508232 |          0.508557 |
|              |---------|-------------------|-------------------|-------------------|
|              |     1   |          0.151700 |          0.134950 |          1.000000 |
|              |---------|-------------------|-------------------|-------------------|
|              |     2   |          0.550000 |          0.578155 |          1.000000 |
|              |---------|-------------------|-------------------|-------------------|
|              |     0   |          0.046900 |          0.071827 |          1.000000 |
|              |---------|-------------------|-------------------|-------------------|
|              |     1   |          0.040410 |          0.025826 |          1.000000 |
|--------------|---------|-------------------|-------------------|-------------------|
|   C (  6)    |         |                   |                   |                   |
|              |     0   |       6665.000000 |          0.363584 |          0.000692 |
|              |         |       1000.000000 |          0.674986 |          0.005329 |
|              |         |        228.000000 |          1.131620 |          0.027077 |
|              |         |         64.710000 |          1.653009 |          0.101718 |
|              |         |         21.060000 |          1.923821 |          0.274740 |
|              |         |          7.495000 |          1.447278 |          0.448564 |
|              |         |          2.797000 |          0.439163 |          0.285074 |
|              |         |          0.521500 |          0.006646 |          0.015204 |
|              |---------|-------------------|-------------------|-------------------|
|              |     0   |       6665.000000 |         -0.154180 |         -0.000146 |
|              |         |       1000.000000 |         -0.293785 |         -0.001154 |
|              |         |        228.000000 |         -0.480896 |         -0.005725 |
|              |         |         64.710000 |         -0.761434 |         -0.023312 |
|              |         |         21.060000 |         -0.900104 |         -0.063955 |
|              |         |          7.495000 |         -0.972611 |         -0.149981 |
|              |         |          2.797000 |         -0.394042 |         -0.127262 |
|              |         |          0.521500 |          0.478394 |          0.544529 |
|              |---------|-------------------|-------------------|-------------------|
|              |     0   |          0.159600 |          0.179964 |          1.000000 |
|              |---------|-------------------|-------------------|-------------------|
|              |     1   |          9.439000 |          1.343737 |          0.038109 |
|              |         |          2.002000 |          1.063168 |          0.209480 |
|              |         |          0.545600 |          0.508232 |          0.508557 |
|              |---------|-------------------|-------------------|-------------------|
|              |     1   |          0.151700 |          0.134950 |          1.000000 |
|              |---------|-------------------|-------------------|-------------------|
|              |     2   |          0.550000 |          0.578155 |          1.000000 |
|              |---------|-------------------|-------------------|-------------------|
|              |     0   |          0.046900 |          0.071827 |          1.000000 |
|              |---------|-------------------|-------------------|-------------------|
|              |     1   |          0.040410 |          0.025826 |          1.000000 |
|--------------|---------|-------------------|-------------------|-------------------|
|   C (  7)    |         |                   |                   |                   |
|              |     0   |       6665.000000 |          0.363584 |          0.000692 |
|              |         |       1000.000000 |          0.674986 |          0.005329 |
|              |         |        228.000000 |          1.131620 |          0.027077 |
|              |         |         64.710000 |          1.653009 |          0.101718 |
|              |         |         21.060000 |          1.923821 |          0.274740 |
|              |         |          7.495000 |          1.447278 |          0.448564 |
|              |         |          2.797000 |          0.439163 |          0.285074 |
|              |         |          0.521500 |          0.006646 |          0.015204 |
|              |---------|-------------------|-------------------|-------------------|
|              |     0   |       6665.000000 |         -0.154180 |         -0.000146 |
|              |         |       1000.000000 |         -0.293785 |         -0.001154 |
|              |         |        228.000000 |         -0.480896 |         -0.005725 |
|              |         |         64.710000 |         -0.761434 |         -0.023312 |
|              |         |         21.060000 |         -0.900104 |         -0.063955 |
|              |         |          7.495000 |         -0.972611 |         -0.149981 |
|              |         |          2.797000 |         -0.394042 |         -0.127262 |
|              |         |          0.521500 |          0.478394 |          0.544529 |
|              |---------|-------------------|-------------------|-------------------|
|              |     0   |          0.159600 |          0.179964 |          1.000000 |
|              |---------|-------------------|-------------------|-------------------|
|              |     1   |          9.439000 |          1.343737 |          0.038109 |
|              |         |          2.002000 |          1.063168 |          0.209480 |
|              |         |          0.545600 |          0.508232 |          0.508557 |
|              |---------|-------------------|-------------------|-------------------|
|              |     1   |          0.151700 |          0.134950 |          1.000000 |
|              |---------|-------------------|-------------------|-------------------|
|              |     2   |          0.550000 |          0.578155 |          1.000000 |
|              |---------|-------------------|-------------------|-------------------|
|              |     0   |          0.046900 |          0.071827 |          1.000000 |
|              |---------|-------------------|-------------------|-------------------|
|              |     1   |          0.040410 |          0.025826 |          1.000000 |
|--------------|---------|-------------------|-------------------|-------------------|
|   H (  8)    |         |                   |                   |                   |
|              |     0   |         13.010000 |          0.163548 |          0.019685 |
|              |         |          1.962000 |          0.277418 |          0.137977 |
|              |         |          0.444600 |          0.315749 |          0.478148 |
|              |---------|-------------------|-------------------|-------------------|
|              |     0   |          0.122000 |          0.147123 |          1.000000 |
|              |---------|-------------------|-------------------|-------------------|
|              |     1   |          0.727000 |          0.956881 |          1.000000 |
|--------------|---------|-------------------|-------------------|-------------------|
|   H (  9)    |         |                   |                   |                   |
|              |     0   |         13.010000 |          0.163548 |          0.019685 |
|              |         |          1.962000 |          0.277418 |          0.137977 |
|              |         |          0.444600 |          0.315749 |          0.478148 |
|              |---------|-------------------|-------------------|-------------------|
|              |     0   |          0.122000 |          0.147123 |          1.000000 |
|              |---------|-------------------|-------------------|-------------------|
|              |     1   |          0.727000 |          0.956881 |          1.000000 |
|--------------|---------|-------------------|-------------------|-------------------|
|   H ( 10)    |         |                   |                   |                   |
|              |     0   |         13.010000 |          0.163548 |          0.019685 |
|              |         |          1.962000 |          0.277418 |          0.137977 |
|              |         |          0.444600 |          0.315749 |          0.478148 |
|              |---------|-------------------|-------------------|-------------------|
|              |     0   |          0.122000 |          0.147123 |          1.000000 |
|              |---------|-------------------|-------------------|-------------------|
|              |     1   |          0.727000 |          0.956881 |          1.000000 |
|--------------|---------|-------------------|-------------------|-------------------|
|   H ( 11)    |         |                   |                   |                   |
|              |     0   |         13.010000 |          0.163548 |          0.019685 |
|              |         |          1.962000 |          0.277418 |          0.137977 |
|              |         |          0.444600 |          0.315749 |          0.478148 |
|              |---------|-------------------|-------------------|-------------------|
|              |     0   |          0.122000 |          0.147123 |          1.000000 |
|              |---------|-------------------|-------------------|-------------------|
|              |     1   |          0.727000 |          0.956881 |          1.000000 |
|--------------|---------|-------------------|-------------------|-------------------|
|   H ( 12)    |         |                   |                   |                   |
|              |     0   |         13.010000 |          0.163548 |          0.019685 |
|              |         |          1.962000 |          0.277418 |          0.137977 |
|              |         |          0.444600 |          0.315749 |          0.478148 |
|              |---------|-------------------|-------------------|-------------------|
|              |     0   |          0.122000 |          0.147123 |          1.000000 |
|              |---------|-------------------|-------------------|-------------------|
|              |     1   |          0.727000 |          0.956881 |          1.000000 |
|--------------|---------|-------------------|-------------------|-------------------|
|   H ( 13)    |         |                   |                   |                   |
|              |     0   |         13.010000 |          0.163548 |          0.019685 |
|              |         |          1.962000 |          0.277418 |          0.137977 |
|              |         |          0.444600 |          0.315749 |          0.478148 |
|              |---------|-------------------|-------------------|-------------------|
|              |     0   |          0.122000 |          0.147123 |          1.000000 |
|              |---------|-------------------|-------------------|-------------------|
|              |     1   |          0.727000 |          0.956881 |          1.000000 |
|--------------|---------|-------------------|-------------------|-------------------|
|   H ( 14)    |         |                   |                   |                   |
|              |     0   |         13.010000 |          0.163548 |          0.019685 |
|              |         |          1.962000 |          0.277418 |          0.137977 |
|              |         |          0.444600 |          0.315749 |          0.478148 |
|              |---------|-------------------|-------------------|-------------------|
|              |     0   |          0.122000 |          0.147123 |          1.000000 |
|              |---------|-------------------|-------------------|-------------------|
|              |     1   |          0.727000 |          0.956881 |          1.000000 |
|--------------|---------|-------------------|-------------------|-------------------|
|   H ( 15)    |         |                   |                   |                   |
|              |     0   |         13.010000 |          0.163548 |          0.019685 |
|              |         |          1.962000 |          0.277418 |          0.137977 |
|              |         |          0.444600 |          0.315749 |          0.478148 |
|              |---------|-------------------|-------------------|-------------------|
|              |     0   |          0.122000 |          0.147123 |          1.000000 |
|              |---------|-------------------|-------------------|-------------------|
|              |     1   |          0.727000 |          0.956881 |          1.000000 |
|--------------|---------|-------------------|-------------------|-------------------|
|   H ( 16)    |         |                   |                   |                   |
|              |     0   |         13.010000 |          0.163548 |          0.019685 |
|              |         |          1.962000 |          0.277418 |          0.137977 |
|              |         |          0.444600 |          0.315749 |          0.478148 |
|              |---------|-------------------|-------------------|-------------------|
|              |     0   |          0.122000 |          0.147123 |          1.000000 |
|              |---------|-------------------|-------------------|-------------------|
|              |     1   |          0.727000 |          0.956881 |          1.000000 |
|--------------|---------|-------------------|-------------------|-------------------|
|   H ( 17)    |         |                   |                   |                   |
|              |     0   |         13.010000 |          0.163548 |          0.019685 |
|              |         |          1.962000 |          0.277418 |          0.137977 |
|              |         |          0.444600 |          0.315749 |          0.478148 |
|              |---------|-------------------|-------------------|-------------------|
|              |     0   |          0.122000 |          0.147123 |          1.000000 |
|              |---------|-------------------|-------------------|-------------------|
|              |     1   |          0.727000 |          0.956881 |          1.000000 |
|______________|_________|___________________|___________________|___________________|



 RI basis set information:

 ____________________________________________________________________________________
|     Atom     |    L    |       alpha       |         c         |       c(lib)      |
|______________|_________|___________________|___________________|___________________|
|   C (  0)    |         |                   |                   |                   |
|              |     0   |       1113.986772 |        137.426383 |          1.000000 |
|              |---------|-------------------|-------------------|-------------------|
|              |     0   |        369.162342 |         60.023752 |          1.000000 |
|              |---------|-------------------|-------------------|-------------------|
|              |     0   |        121.792752 |         26.129204 |          1.000000 |
|              |---------|-------------------|-------------------|-------------------|
|              |     0   |         48.127115 |         13.022743 |          1.000000 |
|              |---------|-------------------|-------------------|-------------------|
|              |     0   |         20.365074 |          6.832420 |          1.000000 |
|              |---------|-------------------|-------------------|-------------------|
|              |     0   |          8.088360 |          3.418263 |          1.000000 |
|              |---------|-------------------|-------------------|-------------------|
|              |     0   |          2.506866 |          1.419902 |          1.000000 |
|              |---------|-------------------|-------------------|-------------------|
|              |     0   |          1.243854 |          0.839435 |          1.000000 |
|              |---------|-------------------|-------------------|-------------------|
|              |     0   |          0.484499 |          0.413885 |          1.000000 |
|              |---------|-------------------|-------------------|-------------------|
|              |     0   |          0.191852 |          0.206602 |          1.000000 |
|              |---------|-------------------|-------------------|-------------------|
|              |     1   |        102.991762 |        467.673972 |          1.000000 |
|              |---------|-------------------|-------------------|-------------------|
|              |     1   |         28.132594 |         92.353277 |          1.000000 |
|              |---------|-------------------|-------------------|-------------------|
|              |     1   |          9.836432 |         24.830592 |          1.000000 |
|              |---------|-------------------|-------------------|-------------------|
|              |     1   |          3.349054 |          6.457923 |          1.000000 |
|              |---------|-------------------|-------------------|-------------------|
|              |     1   |          1.494762 |          2.355890 |          1.000000 |
|              |---------|-------------------|-------------------|-------------------|
|              |     1   |          0.576901 |          0.716666 |          1.000000 |
|              |---------|-------------------|-------------------|-------------------|
|              |     1   |          0.203201 |          0.194467 |          1.000000 |
|              |---------|-------------------|-------------------|-------------------|
|              |     2   |         10.594068 |        102.392773 |          1.000000 |
|              |---------|-------------------|-------------------|-------------------|
|              |     2   |          3.599720 |         15.483874 |          1.000000 |
|              |---------|-------------------|-------------------|-------------------|
|              |     2   |          1.335569 |          2.731025 |          1.000000 |
|              |---------|-------------------|-------------------|-------------------|
|              |     2   |          0.519498 |          0.523216 |          1.000000 |
|              |---------|-------------------|-------------------|-------------------|
|              |     2   |          0.199541 |          0.098054 |          1.000000 |
|              |---------|-------------------|-------------------|-------------------|
|              |     3   |          1.194866 |          2.197470 |          1.000000 |
|              |---------|-------------------|-------------------|-------------------|
|              |     3   |          0.415866 |          0.204456 |          1.000000 |
|              |---------|-------------------|-------------------|-------------------|
|              |     0   |          0.075969 |          0.103131 |          1.000000 |
|              |---------|-------------------|-------------------|-------------------|
|              |     1   |          0.071573 |          0.052769 |          1.000000 |
|              |---------|-------------------|-------------------|-------------------|
|              |     2   |          0.076645 |          0.018376 |          1.000000 |
|--------------|---------|-------------------|-------------------|-------------------|
|   C (  1)    |         |                   |                   |                   |
|              |     0   |       1113.986772 |        137.426383 |          1.000000 |
|              |---------|-------------------|-------------------|-------------------|
|              |     0   |        369.162342 |         60.023752 |          1.000000 |
|              |---------|-------------------|-------------------|-------------------|
|              |     0   |        121.792752 |         26.129204 |          1.000000 |
|              |---------|-------------------|-------------------|-------------------|
|              |     0   |         48.127115 |         13.022743 |          1.000000 |
|              |---------|-------------------|-------------------|-------------------|
|              |     0   |         20.365074 |          6.832420 |          1.000000 |
|              |---------|-------------------|-------------------|-------------------|
|              |     0   |          8.088360 |          3.418263 |          1.000000 |
|              |---------|-------------------|-------------------|-------------------|
|              |     0   |          2.506866 |          1.419902 |          1.000000 |
|              |---------|-------------------|-------------------|-------------------|
|              |     0   |          1.243854 |          0.839435 |          1.000000 |
|              |---------|-------------------|-------------------|-------------------|
|              |     0   |          0.484499 |          0.413885 |          1.000000 |
|              |---------|-------------------|-------------------|-------------------|
|              |     0   |          0.191852 |          0.206602 |          1.000000 |
|              |---------|-------------------|-------------------|-------------------|
|              |     1   |        102.991762 |        467.673972 |          1.000000 |
|              |---------|-------------------|-------------------|-------------------|
|              |     1   |         28.132594 |         92.353277 |          1.000000 |
|              |---------|-------------------|-------------------|-------------------|
|              |     1   |          9.836432 |         24.830592 |          1.000000 |
|              |---------|-------------------|-------------------|-------------------|
|              |     1   |          3.349054 |          6.457923 |          1.000000 |
|              |---------|-------------------|-------------------|-------------------|
|              |     1   |          1.494762 |          2.355890 |          1.000000 |
|              |---------|-------------------|-------------------|-------------------|
|              |     1   |          0.576901 |          0.716666 |          1.000000 |
|              |---------|-------------------|-------------------|-------------------|
|              |     1   |          0.203201 |          0.194467 |          1.000000 |
|              |---------|-------------------|-------------------|-------------------|
|              |     2   |         10.594068 |        102.392773 |          1.000000 |
|              |---------|-------------------|-------------------|-------------------|
|              |     2   |          3.599720 |         15.483874 |          1.000000 |
|              |---------|-------------------|-------------------|-------------------|
|              |     2   |          1.335569 |          2.731025 |          1.000000 |
|              |---------|-------------------|-------------------|-------------------|
|              |     2   |          0.519498 |          0.523216 |          1.000000 |
|              |---------|-------------------|-------------------|-------------------|
|              |     2   |          0.199541 |          0.098054 |          1.000000 |
|              |---------|-------------------|-------------------|-------------------|
|              |     3   |          1.194866 |          2.197470 |          1.000000 |
|              |---------|-------------------|-------------------|-------------------|
|              |     3   |          0.415866 |          0.204456 |          1.000000 |
|              |---------|-------------------|-------------------|-------------------|
|              |     0   |          0.075969 |          0.103131 |          1.000000 |
|              |---------|-------------------|-------------------|-------------------|
|              |     1   |          0.071573 |          0.052769 |          1.000000 |
|              |---------|-------------------|-------------------|-------------------|
|              |     2   |          0.076645 |          0.018376 |          1.000000 |
|--------------|---------|-------------------|-------------------|-------------------|
|   C (  2)    |         |                   |                   |                   |
|              |     0   |       1113.986772 |        137.426383 |          1.000000 |
|              |---------|-------------------|-------------------|-------------------|
|              |     0   |        369.162342 |         60.023752 |          1.000000 |
|              |---------|-------------------|-------------------|-------------------|
|              |     0   |        121.792752 |         26.129204 |          1.000000 |
|              |---------|-------------------|-------------------|-------------------|
|              |     0   |         48.127115 |         13.022743 |          1.000000 |
|              |---------|-------------------|-------------------|-------------------|
|              |     0   |         20.365074 |          6.832420 |          1.000000 |
|              |---------|-------------------|-------------------|-------------------|
|              |     0   |          8.088360 |          3.418263 |          1.000000 |
|              |---------|-------------------|-------------------|-------------------|
|              |     0   |          2.506866 |          1.419902 |          1.000000 |
|              |---------|-------------------|-------------------|-------------------|
|              |     0   |          1.243854 |          0.839435 |          1.000000 |
|              |---------|-------------------|-------------------|-------------------|
|              |     0   |          0.484499 |          0.413885 |          1.000000 |
|              |---------|-------------------|-------------------|-------------------|
|              |     0   |          0.191852 |          0.206602 |          1.000000 |
|              |---------|-------------------|-------------------|-------------------|
|              |     1   |        102.991762 |        467.673972 |          1.000000 |
|              |---------|-------------------|-------------------|-------------------|
|              |     1   |         28.132594 |         92.353277 |          1.000000 |
|              |---------|-------------------|-------------------|-------------------|
|              |     1   |          9.836432 |         24.830592 |          1.000000 |
|              |---------|-------------------|-------------------|-------------------|
|              |     1   |          3.349054 |          6.457923 |          1.000000 |
|              |---------|-------------------|-------------------|-------------------|
|              |     1   |          1.494762 |          2.355890 |          1.000000 |
|              |---------|-------------------|-------------------|-------------------|
|              |     1   |          0.576901 |          0.716666 |          1.000000 |
|              |---------|-------------------|-------------------|-------------------|
|              |     1   |          0.203201 |          0.194467 |          1.000000 |
|              |---------|-------------------|-------------------|-------------------|
|              |     2   |         10.594068 |        102.392773 |          1.000000 |
|              |---------|-------------------|-------------------|-------------------|
|              |     2   |          3.599720 |         15.483874 |          1.000000 |
|              |---------|-------------------|-------------------|-------------------|
|              |     2   |          1.335569 |          2.731025 |          1.000000 |
|              |---------|-------------------|-------------------|-------------------|
|              |     2   |          0.519498 |          0.523216 |          1.000000 |
|              |---------|-------------------|-------------------|-------------------|
|              |     2   |          0.199541 |          0.098054 |          1.000000 |
|              |---------|-------------------|-------------------|-------------------|
|              |     3   |          1.194866 |          2.197470 |          1.000000 |
|              |---------|-------------------|-------------------|-------------------|
|              |     3   |          0.415866 |          0.204456 |          1.000000 |
|              |---------|-------------------|-------------------|-------------------|
|              |     0   |          0.075969 |          0.103131 |          1.000000 |
|              |---------|-------------------|-------------------|-------------------|
|              |     1   |          0.071573 |          0.052769 |          1.000000 |
|              |---------|-------------------|-------------------|-------------------|
|              |     2   |          0.076645 |          0.018376 |          1.000000 |
|--------------|---------|-------------------|-------------------|-------------------|
|   C (  3)    |         |                   |                   |                   |
|              |     0   |       1113.986772 |        137.426383 |          1.000000 |
|              |---------|-------------------|-------------------|-------------------|
|              |     0   |        369.162342 |         60.023752 |          1.000000 |
|              |---------|-------------------|-------------------|-------------------|
|              |     0   |        121.792752 |         26.129204 |          1.000000 |
|              |---------|-------------------|-------------------|-------------------|
|              |     0   |         48.127115 |         13.022743 |          1.000000 |
|              |---------|-------------------|-------------------|-------------------|
|              |     0   |         20.365074 |          6.832420 |          1.000000 |
|              |---------|-------------------|-------------------|-------------------|
|              |     0   |          8.088360 |          3.418263 |          1.000000 |
|              |---------|-------------------|-------------------|-------------------|
|              |     0   |          2.506866 |          1.419902 |          1.000000 |
|              |---------|-------------------|-------------------|-------------------|
|              |     0   |          1.243854 |          0.839435 |          1.000000 |
|              |---------|-------------------|-------------------|-------------------|
|              |     0   |          0.484499 |          0.413885 |          1.000000 |
|              |---------|-------------------|-------------------|-------------------|
|              |     0   |          0.191852 |          0.206602 |          1.000000 |
|              |---------|-------------------|-------------------|-------------------|
|              |     1   |        102.991762 |        467.673972 |          1.000000 |
|              |---------|-------------------|-------------------|-------------------|
|              |     1   |         28.132594 |         92.353277 |          1.000000 |
|              |---------|-------------------|-------------------|-------------------|
|              |     1   |          9.836432 |         24.830592 |          1.000000 |
|              |---------|-------------------|-------------------|-------------------|
|              |     1   |          3.349054 |          6.457923 |          1.000000 |
|              |---------|-------------------|-------------------|-------------------|
|              |     1   |          1.494762 |          2.355890 |          1.000000 |
|              |---------|-------------------|-------------------|-------------------|
|              |     1   |          0.576901 |          0.716666 |          1.000000 |
|              |---------|-------------------|-------------------|-------------------|
|              |     1   |          0.203201 |          0.194467 |          1.000000 |
|              |---------|-------------------|-------------------|-------------------|
|              |     2   |         10.594068 |        102.392773 |          1.000000 |
|              |---------|-------------------|-------------------|-------------------|
|              |     2   |          3.599720 |         15.483874 |          1.000000 |
|              |---------|-------------------|-------------------|-------------------|
|              |     2   |          1.335569 |          2.731025 |          1.000000 |
|              |---------|-------------------|-------------------|-------------------|
|              |     2   |          0.519498 |          0.523216 |          1.000000 |
|              |---------|-------------------|-------------------|-------------------|
|              |     2   |          0.199541 |          0.098054 |          1.000000 |
|              |---------|-------------------|-------------------|-------------------|
|              |     3   |          1.194866 |          2.197470 |          1.000000 |
|              |---------|-------------------|-------------------|-------------------|
|              |     3   |          0.415866 |          0.204456 |          1.000000 |
|              |---------|-------------------|-------------------|-------------------|
|              |     0   |          0.075969 |          0.103131 |          1.000000 |
|              |---------|-------------------|-------------------|-------------------|
|              |     1   |          0.071573 |          0.052769 |          1.000000 |
|              |---------|-------------------|-------------------|-------------------|
|              |     2   |          0.076645 |          0.018376 |          1.000000 |
|--------------|---------|-------------------|-------------------|-------------------|
|   C (  4)    |         |                   |                   |                   |
|              |     0   |       1113.986772 |        137.426383 |          1.000000 |
|              |---------|-------------------|-------------------|-------------------|
|              |     0   |        369.162342 |         60.023752 |          1.000000 |
|              |---------|-------------------|-------------------|-------------------|
|              |     0   |        121.792752 |         26.129204 |          1.000000 |
|              |---------|-------------------|-------------------|-------------------|
|              |     0   |         48.127115 |         13.022743 |          1.000000 |
|              |---------|-------------------|-------------------|-------------------|
|              |     0   |         20.365074 |          6.832420 |          1.000000 |
|              |---------|-------------------|-------------------|-------------------|
|              |     0   |          8.088360 |          3.418263 |          1.000000 |
|              |---------|-------------------|-------------------|-------------------|
|              |     0   |          2.506866 |          1.419902 |          1.000000 |
|              |---------|-------------------|-------------------|-------------------|
|              |     0   |          1.243854 |          0.839435 |          1.000000 |
|              |---------|-------------------|-------------------|-------------------|
|              |     0   |          0.484499 |          0.413885 |          1.000000 |
|              |---------|-------------------|-------------------|-------------------|
|              |     0   |          0.191852 |          0.206602 |          1.000000 |
|              |---------|-------------------|-------------------|-------------------|
|              |     1   |        102.991762 |        467.673972 |          1.000000 |
|              |---------|-------------------|-------------------|-------------------|
|              |     1   |         28.132594 |         92.353277 |          1.000000 |
|              |---------|-------------------|-------------------|-------------------|
|              |     1   |          9.836432 |         24.830592 |          1.000000 |
|              |---------|-------------------|-------------------|-------------------|
|              |     1   |          3.349054 |          6.457923 |          1.000000 |
|              |---------|-------------------|-------------------|-------------------|
|              |     1   |          1.494762 |          2.355890 |          1.000000 |
|              |---------|-------------------|-------------------|-------------------|
|              |     1   |          0.576901 |          0.716666 |          1.000000 |
|              |---------|-------------------|-------------------|-------------------|
|              |     1   |          0.203201 |          0.194467 |          1.000000 |
|              |---------|-------------------|-------------------|-------------------|
|              |     2   |         10.594068 |        102.392773 |          1.000000 |
|              |---------|-------------------|-------------------|-------------------|
|              |     2   |          3.599720 |         15.483874 |          1.000000 |
|              |---------|-------------------|-------------------|-------------------|
|              |     2   |          1.335569 |          2.731025 |          1.000000 |
|              |---------|-------------------|-------------------|-------------------|
|              |     2   |          0.519498 |          0.523216 |          1.000000 |
|              |---------|-------------------|-------------------|-------------------|
|              |     2   |          0.199541 |          0.098054 |          1.000000 |
|              |---------|-------------------|-------------------|-------------------|
|              |     3   |          1.194866 |          2.197470 |          1.000000 |
|              |---------|-------------------|-------------------|-------------------|
|              |     3   |          0.415866 |          0.204456 |          1.000000 |
|              |---------|-------------------|-------------------|-------------------|
|              |     0   |          0.075969 |          0.103131 |          1.000000 |
|              |---------|-------------------|-------------------|-------------------|
|              |     1   |          0.071573 |          0.052769 |          1.000000 |
|              |---------|-------------------|-------------------|-------------------|
|              |     2   |          0.076645 |          0.018376 |          1.000000 |
|--------------|---------|-------------------|-------------------|-------------------|
|   C (  5)    |         |                   |                   |                   |
|              |     0   |       1113.986772 |        137.426383 |          1.000000 |
|              |---------|-------------------|-------------------|-------------------|
|              |     0   |        369.162342 |         60.023752 |          1.000000 |
|              |---------|-------------------|-------------------|-------------------|
|              |     0   |        121.792752 |         26.129204 |          1.000000 |
|              |---------|-------------------|-------------------|-------------------|
|              |     0   |         48.127115 |         13.022743 |          1.000000 |
|              |---------|-------------------|-------------------|-------------------|
|              |     0   |         20.365074 |          6.832420 |          1.000000 |
|              |---------|-------------------|-------------------|-------------------|
|              |     0   |          8.088360 |          3.418263 |          1.000000 |
|              |---------|-------------------|-------------------|-------------------|
|              |     0   |          2.506866 |          1.419902 |          1.000000 |
|              |---------|-------------------|-------------------|-------------------|
|              |     0   |          1.243854 |          0.839435 |          1.000000 |
|              |---------|-------------------|-------------------|-------------------|
|              |     0   |          0.484499 |          0.413885 |          1.000000 |
|              |---------|-------------------|-------------------|-------------------|
|              |     0   |          0.191852 |          0.206602 |          1.000000 |
|              |---------|-------------------|-------------------|-------------------|
|              |     1   |        102.991762 |        467.673972 |          1.000000 |
|              |---------|-------------------|-------------------|-------------------|
|              |     1   |         28.132594 |         92.353277 |          1.000000 |
|              |---------|-------------------|-------------------|-------------------|
|              |     1   |          9.836432 |         24.830592 |          1.000000 |
|              |---------|-------------------|-------------------|-------------------|
|              |     1   |          3.349054 |          6.457923 |          1.000000 |
|              |---------|-------------------|-------------------|-------------------|
|              |     1   |          1.494762 |          2.355890 |          1.000000 |
|              |---------|-------------------|-------------------|-------------------|
|              |     1   |          0.576901 |          0.716666 |          1.000000 |
|              |---------|-------------------|-------------------|-------------------|
|              |     1   |          0.203201 |          0.194467 |          1.000000 |
|              |---------|-------------------|-------------------|-------------------|
|              |     2   |         10.594068 |        102.392773 |          1.000000 |
|              |---------|-------------------|-------------------|-------------------|
|              |     2   |          3.599720 |         15.483874 |          1.000000 |
|              |---------|-------------------|-------------------|-------------------|
|              |     2   |          1.335569 |          2.731025 |          1.000000 |
|              |---------|-------------------|-------------------|-------------------|
|              |     2   |          0.519498 |          0.523216 |          1.000000 |
|              |---------|-------------------|-------------------|-------------------|
|              |     2   |          0.199541 |          0.098054 |          1.000000 |
|              |---------|-------------------|-------------------|-------------------|
|              |     3   |          1.194866 |          2.197470 |          1.000000 |
|              |---------|-------------------|-------------------|-------------------|
|              |     3   |          0.415866 |          0.204456 |          1.000000 |
|              |---------|-------------------|-------------------|-------------------|
|              |     0   |          0.075969 |          0.103131 |          1.000000 |
|              |---------|-------------------|-------------------|-------------------|
|              |     1   |          0.071573 |          0.052769 |          1.000000 |
|              |---------|-------------------|-------------------|-------------------|
|              |     2   |          0.076645 |          0.018376 |          1.000000 |
|--------------|---------|-------------------|-------------------|-------------------|
|   C (  6)    |         |                   |                   |                   |
|              |     0   |       1113.986772 |        137.426383 |          1.000000 |
|              |---------|-------------------|-------------------|-------------------|
|              |     0   |        369.162342 |         60.023752 |          1.000000 |
|              |---------|-------------------|-------------------|-------------------|
|              |     0   |        121.792752 |         26.129204 |          1.000000 |
|              |---------|-------------------|-------------------|-------------------|
|              |     0   |         48.127115 |         13.022743 |          1.000000 |
|              |---------|-------------------|-------------------|-------------------|
|              |     0   |         20.365074 |          6.832420 |          1.000000 |
|              |---------|-------------------|-------------------|-------------------|
|              |     0   |          8.088360 |          3.418263 |          1.000000 |
|              |---------|-------------------|-------------------|-------------------|
|              |     0   |          2.506866 |          1.419902 |          1.000000 |
|              |---------|-------------------|-------------------|-------------------|
|              |     0   |          1.243854 |          0.839435 |          1.000000 |
|              |---------|-------------------|-------------------|-------------------|
|              |     0   |          0.484499 |          0.413885 |          1.000000 |
|              |---------|-------------------|-------------------|-------------------|
|              |     0   |          0.191852 |          0.206602 |          1.000000 |
|              |---------|-------------------|-------------------|-------------------|
|              |     1   |        102.991762 |        467.673972 |          1.000000 |
|              |---------|-------------------|-------------------|-------------------|
|              |     1   |         28.132594 |         92.353277 |          1.000000 |
|              |---------|-------------------|-------------------|-------------------|
|              |     1   |          9.836432 |         24.830592 |          1.000000 |
|              |---------|-------------------|-------------------|-------------------|
|              |     1   |          3.349054 |          6.457923 |          1.000000 |
|              |---------|-------------------|-------------------|-------------------|
|              |     1   |          1.494762 |          2.355890 |          1.000000 |
|              |---------|-------------------|-------------------|-------------------|
|              |     1   |          0.576901 |          0.716666 |          1.000000 |
|              |---------|-------------------|-------------------|-------------------|
|              |     1   |          0.203201 |          0.194467 |          1.000000 |
|              |---------|-------------------|-------------------|-------------------|
|              |     2   |         10.594068 |        102.392773 |          1.000000 |
|              |---------|-------------------|-------------------|-------------------|
|              |     2   |          3.599720 |         15.483874 |          1.000000 |
|              |---------|-------------------|-------------------|-------------------|
|              |     2   |          1.335569 |          2.731025 |          1.000000 |
|              |---------|-------------------|-------------------|-------------------|
|              |     2   |          0.519498 |          0.523216 |          1.000000 |
|              |---------|-------------------|-------------------|-------------------|
|              |     2   |          0.199541 |          0.098054 |          1.000000 |
|              |---------|-------------------|-------------------|-------------------|
|              |     3   |          1.194866 |          2.197470 |          1.000000 |
|              |---------|-------------------|-------------------|-------------------|
|              |     3   |          0.415866 |          0.204456 |          1.000000 |
|              |---------|-------------------|-------------------|-------------------|
|              |     0   |          0.075969 |          0.103131 |          1.000000 |
|              |---------|-------------------|-------------------|-------------------|
|              |     1   |          0.071573 |          0.052769 |          1.000000 |
|              |---------|-------------------|-------------------|-------------------|
|              |     2   |          0.076645 |          0.018376 |          1.000000 |
|--------------|---------|-------------------|-------------------|-------------------|
|   C (  7)    |         |                   |                   |                   |
|              |     0   |       1113.986772 |        137.426383 |          1.000000 |
|              |---------|-------------------|-------------------|-------------------|
|              |     0   |        369.162342 |         60.023752 |          1.000000 |
|              |---------|-------------------|-------------------|-------------------|
|              |     0   |        121.792752 |         26.129204 |          1.000000 |
|              |---------|-------------------|-------------------|-------------------|
|              |     0   |         48.127115 |         13.022743 |          1.000000 |
|              |---------|-------------------|-------------------|-------------------|
|              |     0   |         20.365074 |          6.832420 |          1.000000 |
|              |---------|-------------------|-------------------|-------------------|
|              |     0   |          8.088360 |          3.418263 |          1.000000 |
|              |---------|-------------------|-------------------|-------------------|
|              |     0   |          2.506866 |          1.419902 |          1.000000 |
|              |---------|-------------------|-------------------|-------------------|
|              |     0   |          1.243854 |          0.839435 |          1.000000 |
|              |---------|-------------------|-------------------|-------------------|
|              |     0   |          0.484499 |          0.413885 |          1.000000 |
|              |---------|-------------------|-------------------|-------------------|
|              |     0   |          0.191852 |          0.206602 |          1.000000 |
|              |---------|-------------------|-------------------|-------------------|
|              |     1   |        102.991762 |        467.673972 |          1.000000 |
|              |---------|-------------------|-------------------|-------------------|
|              |     1   |         28.132594 |         92.353277 |          1.000000 |
|              |---------|-------------------|-------------------|-------------------|
|              |     1   |          9.836432 |         24.830592 |          1.000000 |
|              |---------|-------------------|-------------------|-------------------|
|              |     1   |          3.349054 |          6.457923 |          1.000000 |
|              |---------|-------------------|-------------------|-------------------|
|              |     1   |          1.494762 |          2.355890 |          1.000000 |
|              |---------|-------------------|-------------------|-------------------|
|              |     1   |          0.576901 |          0.716666 |          1.000000 |
|              |---------|-------------------|-------------------|-------------------|
|              |     1   |          0.203201 |          0.194467 |          1.000000 |
|              |---------|-------------------|-------------------|-------------------|
|              |     2   |         10.594068 |        102.392773 |          1.000000 |
|              |---------|-------------------|-------------------|-------------------|
|              |     2   |          3.599720 |         15.483874 |          1.000000 |
|              |---------|-------------------|-------------------|-------------------|
|              |     2   |          1.335569 |          2.731025 |          1.000000 |
|              |---------|-------------------|-------------------|-------------------|
|              |     2   |          0.519498 |          0.523216 |          1.000000 |
|              |---------|-------------------|-------------------|-------------------|
|              |     2   |          0.199541 |          0.098054 |          1.000000 |
|              |---------|-------------------|-------------------|-------------------|
|              |     3   |          1.194866 |          2.197470 |          1.000000 |
|              |---------|-------------------|-------------------|-------------------|
|              |     3   |          0.415866 |          0.204456 |          1.000000 |
|              |---------|-------------------|-------------------|-------------------|
|              |     0   |          0.075969 |          0.103131 |          1.000000 |
|              |---------|-------------------|-------------------|-------------------|
|              |     1   |          0.071573 |          0.052769 |          1.000000 |
|              |---------|-------------------|-------------------|-------------------|
|              |     2   |          0.076645 |          0.018376 |          1.000000 |
|--------------|---------|-------------------|-------------------|-------------------|
|   H (  8)    |         |                   |                   |                   |
|              |     0   |          9.530249 |          3.865790 |          1.000000 |
|              |---------|-------------------|-------------------|-------------------|
|              |     0   |          1.917451 |          1.161324 |          1.000000 |
|              |---------|-------------------|-------------------|-------------------|
|              |     0   |          0.684240 |          0.536187 |          1.000000 |
|              |---------|-------------------|-------------------|-------------------|
|              |     0   |          0.284133 |          0.277364 |          1.000000 |
|              |---------|-------------------|-------------------|-------------------|
|              |     1   |          2.913323 |          5.425327 |          1.000000 |
|              |---------|-------------------|-------------------|-------------------|
|              |     1   |          1.262121 |          1.906848 |          1.000000 |
|              |---------|-------------------|-------------------|-------------------|
|              |     1   |          0.501998 |          0.602306 |          1.000000 |
|              |---------|-------------------|-------------------|-------------------|
|              |     2   |          2.313533 |          7.143185 |          1.000000 |
|              |---------|-------------------|-------------------|-------------------|
|              |     2   |          0.712907 |          0.910369 |          1.000000 |
|--------------|---------|-------------------|-------------------|-------------------|
|   H (  9)    |         |                   |                   |                   |
|              |     0   |          9.530249 |          3.865790 |          1.000000 |
|              |---------|-------------------|-------------------|-------------------|
|              |     0   |          1.917451 |          1.161324 |          1.000000 |
|              |---------|-------------------|-------------------|-------------------|
|              |     0   |          0.684240 |          0.536187 |          1.000000 |
|              |---------|-------------------|-------------------|-------------------|
|              |     0   |          0.284133 |          0.277364 |          1.000000 |
|              |---------|-------------------|-------------------|-------------------|
|              |     1   |          2.913323 |          5.425327 |          1.000000 |
|              |---------|-------------------|-------------------|-------------------|
|              |     1   |          1.262121 |          1.906848 |          1.000000 |
|              |---------|-------------------|-------------------|-------------------|
|              |     1   |          0.501998 |          0.602306 |          1.000000 |
|              |---------|-------------------|-------------------|-------------------|
|              |     2   |          2.313533 |          7.143185 |          1.000000 |
|              |---------|-------------------|-------------------|-------------------|
|              |     2   |          0.712907 |          0.910369 |          1.000000 |
|--------------|---------|-------------------|-------------------|-------------------|
|   H ( 10)    |         |                   |                   |                   |
|              |     0   |          9.530249 |          3.865790 |          1.000000 |
|              |---------|-------------------|-------------------|-------------------|
|              |     0   |          1.917451 |          1.161324 |          1.000000 |
|              |---------|-------------------|-------------------|-------------------|
|              |     0   |          0.684240 |          0.536187 |          1.000000 |
|              |---------|-------------------|-------------------|-------------------|
|              |     0   |          0.284133 |          0.277364 |          1.000000 |
|              |---------|-------------------|-------------------|-------------------|
|              |     1   |          2.913323 |          5.425327 |          1.000000 |
|              |---------|-------------------|-------------------|-------------------|
|              |     1   |          1.262121 |          1.906848 |          1.000000 |
|              |---------|-------------------|-------------------|-------------------|
|              |     1   |          0.501998 |          0.602306 |          1.000000 |
|              |---------|-------------------|-------------------|-------------------|
|              |     2   |          2.313533 |          7.143185 |          1.000000 |
|              |---------|-------------------|-------------------|-------------------|
|              |     2   |          0.712907 |          0.910369 |          1.000000 |
|--------------|---------|-------------------|-------------------|-------------------|
|   H ( 11)    |         |                   |                   |                   |
|              |     0   |          9.530249 |          3.865790 |          1.000000 |
|              |---------|-------------------|-------------------|-------------------|
|              |     0   |          1.917451 |          1.161324 |          1.000000 |
|              |---------|-------------------|-------------------|-------------------|
|              |     0   |          0.684240 |          0.536187 |          1.000000 |
|              |---------|-------------------|-------------------|-------------------|
|              |     0   |          0.284133 |          0.277364 |          1.000000 |
|              |---------|-------------------|-------------------|-------------------|
|              |     1   |          2.913323 |          5.425327 |          1.000000 |
|              |---------|-------------------|-------------------|-------------------|
|              |     1   |          1.262121 |          1.906848 |          1.000000 |
|              |---------|-------------------|-------------------|-------------------|
|              |     1   |          0.501998 |          0.602306 |          1.000000 |
|              |---------|-------------------|-------------------|-------------------|
|              |     2   |          2.313533 |          7.143185 |          1.000000 |
|              |---------|-------------------|-------------------|-------------------|
|              |     2   |          0.712907 |          0.910369 |          1.000000 |
|--------------|---------|-------------------|-------------------|-------------------|
|   H ( 12)    |         |                   |                   |                   |
|              |     0   |          9.530249 |          3.865790 |          1.000000 |
|              |---------|-------------------|-------------------|-------------------|
|              |     0   |          1.917451 |          1.161324 |          1.000000 |
|              |---------|-------------------|-------------------|-------------------|
|              |     0   |          0.684240 |          0.536187 |          1.000000 |
|              |---------|-------------------|-------------------|-------------------|
|              |     0   |          0.284133 |          0.277364 |          1.000000 |
|              |---------|-------------------|-------------------|-------------------|
|              |     1   |          2.913323 |          5.425327 |          1.000000 |
|              |---------|-------------------|-------------------|-------------------|
|              |     1   |          1.262121 |          1.906848 |          1.000000 |
|              |---------|-------------------|-------------------|-------------------|
|              |     1   |          0.501998 |          0.602306 |          1.000000 |
|              |---------|-------------------|-------------------|-------------------|
|              |     2   |          2.313533 |          7.143185 |          1.000000 |
|              |---------|-------------------|-------------------|-------------------|
|              |     2   |          0.712907 |          0.910369 |          1.000000 |
|--------------|---------|-------------------|-------------------|-------------------|
|   H ( 13)    |         |                   |                   |                   |
|              |     0   |          9.530249 |          3.865790 |          1.000000 |
|              |---------|-------------------|-------------------|-------------------|
|              |     0   |          1.917451 |          1.161324 |          1.000000 |
|              |---------|-------------------|-------------------|-------------------|
|              |     0   |          0.684240 |          0.536187 |          1.000000 |
|              |---------|-------------------|-------------------|-------------------|
|              |     0   |          0.284133 |          0.277364 |          1.000000 |
|              |---------|-------------------|-------------------|-------------------|
|              |     1   |          2.913323 |          5.425327 |          1.000000 |
|              |---------|-------------------|-------------------|-------------------|
|              |     1   |          1.262121 |          1.906848 |          1.000000 |
|              |---------|-------------------|-------------------|-------------------|
|              |     1   |          0.501998 |          0.602306 |          1.000000 |
|              |---------|-------------------|-------------------|-------------------|
|              |     2   |          2.313533 |          7.143185 |          1.000000 |
|              |---------|-------------------|-------------------|-------------------|
|              |     2   |          0.712907 |          0.910369 |          1.000000 |
|--------------|---------|-------------------|-------------------|-------------------|
|   H ( 14)    |         |                   |                   |                   |
|              |     0   |          9.530249 |          3.865790 |          1.000000 |
|              |---------|-------------------|-------------------|-------------------|
|              |     0   |          1.917451 |          1.161324 |          1.000000 |
|              |---------|-------------------|-------------------|-------------------|
|              |     0   |          0.684240 |          0.536187 |          1.000000 |
|              |---------|-------------------|-------------------|-------------------|
|              |     0   |          0.284133 |          0.277364 |          1.000000 |
|              |---------|-------------------|-------------------|-------------------|
|              |     1   |          2.913323 |          5.425327 |          1.000000 |
|              |---------|-------------------|-------------------|-------------------|
|              |     1   |          1.262121 |          1.906848 |          1.000000 |
|              |---------|-------------------|-------------------|-------------------|
|              |     1   |          0.501998 |          0.602306 |          1.000000 |
|              |---------|-------------------|-------------------|-------------------|
|              |     2   |          2.313533 |          7.143185 |          1.000000 |
|              |---------|-------------------|-------------------|-------------------|
|              |     2   |          0.712907 |          0.910369 |          1.000000 |
|--------------|---------|-------------------|-------------------|-------------------|
|   H ( 15)    |         |                   |                   |                   |
|              |     0   |          9.530249 |          3.865790 |          1.000000 |
|              |---------|-------------------|-------------------|-------------------|
|              |     0   |          1.917451 |          1.161324 |          1.000000 |
|              |---------|-------------------|-------------------|-------------------|
|              |     0   |          0.684240 |          0.536187 |          1.000000 |
|              |---------|-------------------|-------------------|-------------------|
|              |     0   |          0.284133 |          0.277364 |          1.000000 |
|              |---------|-------------------|-------------------|-------------------|
|              |     1   |          2.913323 |          5.425327 |          1.000000 |
|              |---------|-------------------|-------------------|-------------------|
|              |     1   |          1.262121 |          1.906848 |          1.000000 |
|              |---------|-------------------|-------------------|-------------------|
|              |     1   |          0.501998 |          0.602306 |          1.000000 |
|              |---------|-------------------|-------------------|-------------------|
|              |     2   |          2.313533 |          7.143185 |          1.000000 |
|              |---------|-------------------|-------------------|-------------------|
|              |     2   |          0.712907 |          0.910369 |          1.000000 |
|--------------|---------|-------------------|-------------------|-------------------|
|   H ( 16)    |         |                   |                   |                   |
|              |     0   |          9.530249 |          3.865790 |          1.000000 |
|              |---------|-------------------|-------------------|-------------------|
|              |     0   |          1.917451 |          1.161324 |          1.000000 |
|              |---------|-------------------|-------------------|-------------------|
|              |     0   |          0.684240 |          0.536187 |          1.000000 |
|              |---------|-------------------|-------------------|-------------------|
|              |     0   |          0.284133 |          0.277364 |          1.000000 |
|              |---------|-------------------|-------------------|-------------------|
|              |     1   |          2.913323 |          5.425327 |          1.000000 |
|              |---------|-------------------|-------------------|-------------------|
|              |     1   |          1.262121 |          1.906848 |          1.000000 |
|              |---------|-------------------|-------------------|-------------------|
|              |     1   |          0.501998 |          0.602306 |          1.000000 |
|              |---------|-------------------|-------------------|-------------------|
|              |     2   |          2.313533 |          7.143185 |          1.000000 |
|              |---------|-------------------|-------------------|-------------------|
|              |     2   |          0.712907 |          0.910369 |          1.000000 |
|--------------|---------|-------------------|-------------------|-------------------|
|   H ( 17)    |         |                   |                   |                   |
|              |     0   |          9.530249 |          3.865790 |          1.000000 |
|              |---------|-------------------|-------------------|-------------------|
|              |     0   |          1.917451 |          1.161324 |          1.000000 |
|              |---------|-------------------|-------------------|-------------------|
|              |     0   |          0.684240 |          0.536187 |          1.000000 |
|              |---------|-------------------|-------------------|-------------------|
|              |     0   |          0.284133 |          0.277364 |          1.000000 |
|              |---------|-------------------|-------------------|-------------------|
|              |     1   |          2.913323 |          5.425327 |          1.000000 |
|              |---------|-------------------|-------------------|-------------------|
|              |     1   |          1.262121 |          1.906848 |          1.000000 |
|              |---------|-------------------|-------------------|-------------------|
|              |     1   |          0.501998 |          0.602306 |          1.000000 |
|              |---------|-------------------|-------------------|-------------------|
|              |     2   |          2.313533 |          7.143185 |          1.000000 |
|              |---------|-------------------|-------------------|-------------------|
|              |     2   |          0.712907 |          0.910369 |          1.000000 |
|______________|_________|___________________|___________________|___________________|



 Pseudopotential information:

 ________________________________________________________________ 





Calculation of 1-el matrices:
Time to step -    0.25699
Full time    -    0.25699



______________________Starting_CASSCF_calculations_____________________

Number of states                  4
State multiplicity                1 (singlet)

Active space:
Number of alpha electrons         4
Number of beta  electrons         4
Number of active orbitals         16

Number of core orbitals:          25

Preparation of virtual orbitals:  yes
State tracking:                   no 
State averaging:
Weights:	all equal to 1

SCF settings:
Energy convergence:               1.000000e-08
Orbital gradient convergence:     1.000000e-05
Rotation matrix convergence :     1.000000e-07
Maximum number of iterations:     100
Maximum SOSCF step          :     1.000000e-01

CI solver:                        DMRG
DMRG settings:
Bond dimension (m):               500
Maximum number of sweeps:         40
Sweep energy convergence:         1.000000e-10
Initial occupancy:                integral
Sweep schedule:                   default
Active-space localization:        Pipek-Mezey
DMRG orbital ordering:            GAopt (genetic, seeded)
Scratch directory (save_dir):     /dev/shm
Memory (block2 double stack):     16 GB
RDM sweep passes:                 1
Partition files:                  fp_codec cutoff 1e-16, chunk 1024
Low-m MPO optimization:           auto
MPS warm-start:                   on (after 10 cold iter)
Warm re-solve sweeps:             20
Warm noise scale (x discarded w): 0
Rotate reused MPS:                yes
MPS-rotation bond dim (rot_m):    500
MPS-rotation TE steps (rot_steps):1
Leading determinants:             on
  read-out rotation bond dim:     500 (3 TE steps)
  extraction:                     no compression, cutoff=1.000000e-03

_______________________________________________________________________




RI integrals calculation:
Time to step -    0.23443
Full time    -    0.49142
WARNING: orbital canonicalization (rotate) disabled - the CI backend does not support CI-vector rotation
NOTE: DMRG low_m_opt=on (auto: K=16 m=500)
Primary CI and calculation canonical orbitals:
Time to step -  132.24278
Full time    -  132.73421


CAS_SCF density averaging:
__________________________________________
 State| E                 | S^2  | weight |
______|___________________|______|________|
    0 |   -308.8401425054 | 0.00 | 1.00   |
    1 |   -308.6184905054 | 0.00 | 1.00   |
    2 |   -308.5815761768 | 0.00 | 1.00   |
    3 |   -308.5758135393 | 0.00 | 1.00   |
______|___________________|______|________|

Start CAS_SCF iterations
__________________________________________________________________________________________________________
  N | E                 | dE         | LAG.ASYM. | ROT.STEP  | N_SWP | DMRG_DE   | DMRG_DW   | OPTIM.LAT |
____|___________________|____________|___________|___________|_______|___________|___________|___________|
  0 |   -308.6540056817 | -3.087e+02 | 2.458e-01 | 1.000e+00 |  22   | 3.126e-12 |  9.85e-08 |     -     |
 SOSCF is scaling rotation angle matrix Xmax=9.31954e-01                         |
  1 |   -308.6643582991 | -1.035e-02 | 2.059e-01 | 1.000e-01 |  22   | 8.811e-12 |  8.82e-08 |     -     |
 SOSCF is scaling rotation angle matrix Xmax=9.10342e-01                         |
  2 |   -308.6726152256 | -8.257e-03 | 1.574e-01 | 1.000e-01 |  22   | 4.110e-11 |  1.23e-07 |     -     |
 SOSCF is scaling rotation angle matrix Xmax=6.24587e+00                         |
  3 |   -308.6779527739 | -5.338e-03 | 1.149e-01 | 1.000e-01 |  22   | 1.751e-11 |  1.59e-07 |     -     |
 SOSCF is scaling rotation angle matrix Xmax=2.08446e+00                         |
  4 |   -308.6816777081 | -3.725e-03 | 8.271e-02 | 1.000e-01 |  23   | 2.274e-13 |  2.22e-07 |     -     |
 SOSCF is scaling rotation angle matrix Xmax=9.90454e-01                         |
  5 |   -308.6848763932 | -3.199e-03 | 5.866e-02 | 1.000e-01 |  22   | 6.310e-12 |  2.30e-07 |     -     |
 SOSCF is scaling rotation angle matrix Xmax=9.58815e-01                         |
  6 |   -308.6868199258 | -1.944e-03 | 4.590e-02 | 1.000e-01 |  22   | 2.444e-12 |  2.32e-07 |     -     |
 SOSCF is scaling rotation angle matrix Xmax=8.00962e-01                         |
  7 |   -308.6882757191 | -1.456e-03 | 3.730e-02 | 1.000e-01 |  22   | 5.230e-12 |  2.25e-07 |     -     |
 SOSCF is scaling rotation angle matrix Xmax=6.16245e-01                         |
  8 |   -308.6894625124 | -1.187e-03 | 3.069e-02 | 1.000e-01 |  22   | 9.493e-12 |  2.08e-07 |     -     |
 SOSCF is scaling rotation angle matrix Xmax=4.80479e-01                         |
  9 |   -308.6904444161 | -9.819e-04 | 2.413e-02 | 1.000e-01 |  22   | 5.002e-12 |  1.87e-07 |     -     |
 SOSCF is scaling rotation angle matrix Xmax=3.95150e-01                         |
 10 |   -308.6912260196 | -7.816e-04 | 1.895e-02 | 1.000e-01 |  22   | 9.379e-12 |  1.68e-07 |     -     |
 SOSCF is scaling rotation angle matrix Xmax=2.29404e-01                         |
 11 |   -308.6918058490 | -5.798e-04 | 1.127e-02 | 1.000e-01 |   6   | 3.524e-12 |  1.57e-07 |      TRUE |
 SOSCF is scaling rotation angle matrix Xmax=1.05666e-01                         |
 12 |   -308.6921158344 | -3.100e-04 | 8.423e-03 | 1.000e-01 |   7   | 2.842e-13 |  1.51e-07 |     FALSE |
 13 |   -308.6922205856 | -1.048e-04 | 1.346e-02 | 6.319e-02 |   6   | 4.093e-12 |  1.59e-07 |     FALSE |
 14 |   -308.6924794118 | -2.588e-04 | 4.495e-03 | 3.090e-02 |   6   | 6.821e-12 |  1.58e-07 |     FALSE |
 SOSCF is scaling rotation angle matrix Xmax=1.15738e-01                         |
 15 |   -308.6927500129 | -2.706e-04 | 9.265e-03 | 1.000e-01 |   6   | 1.307e-12 |  1.69e-07 |     FALSE |
 SOSCF is scaling rotation angle matrix Xmax=1.03847e-01                         |
 16 |   -308.6928423014 | -9.229e-05 | 8.851e-03 | 1.000e-01 |   5   | 2.055e-10 |  1.96e-07 |     FALSE |
 17 |   -308.6929739574 | -1.317e-04 | 5.218e-03 | 1.892e-02 |   5   | 2.302e-10 |  1.85e-07 |     FALSE |
 18 |   -308.6930574489 | -8.349e-05 | 6.751e-03 | 2.576e-02 |   7   | 7.390e-13 |  1.74e-07 |     FALSE |
 19 |   -308.6931299264 | -7.248e-05 | 7.059e-03 | 4.854e-02 |   7   | 3.411e-13 |  1.68e-07 |     FALSE |
 20 |   -308.6931875962 | -5.767e-05 | 2.900e-03 | 3.132e-02 |   7   | 7.390e-13 |  1.68e-07 |     FALSE |
 21 |   -308.6932586958 | -7.110e-05 | 4.250e-03 | 5.592e-02 |   5   | 8.447e-11 |  1.71e-07 |     FALSE |
 22 |   -308.6933254813 | -6.679e-05 | 6.806e-03 | 7.013e-02 |   6   | 1.802e-11 |  1.75e-07 |     FALSE |
 SOSCF is scaling rotation angle matrix Xmax=1.21295e-01                         |
 23 |   -308.6934126195 | -8.714e-05 | 5.158e-03 | 1.000e-01 |   5   | 5.452e-10 |  1.85e-07 |     FALSE |
 SOSCF is scaling rotation angle matrix Xmax=1.44801e-01                         |
 24 |   -308.6935144974 | -1.019e-04 | 5.078e-03 | 1.000e-01 |   5   | 1.122e-10 |  1.99e-07 |     FALSE |
 SOSCF is scaling rotation angle matrix Xmax=1.39324e-01                         |
 25 |   -308.6936253955 | -1.109e-04 | 3.445e-03 | 1.000e-01 |   5   | 2.062e-10 |  2.13e-07 |     FALSE |
 SOSCF is scaling rotation angle matrix Xmax=1.79271e-01                         |
 26 |   -308.6937127834 | -8.739e-05 | 8.100e-03 | 1.000e-01 |   6   | 2.797e-11 |  2.27e-07 |     FALSE |
 SOSCF is scaling rotation angle matrix Xmax=1.81695e-01                         |
 27 |   -308.6938034323 | -9.065e-05 | 3.918e-03 | 1.000e-01 |   6   | 1.705e-11 |  2.38e-07 |     FALSE |
 SOSCF is scaling rotation angle matrix Xmax=1.37833e-01                         |
 28 |   -308.6938948122 | -9.138e-05 | 2.962e-03 | 1.000e-01 |   5   | 5.178e-10 |  2.47e-07 |     FALSE |
 SOSCF is scaling rotation angle matrix Xmax=1.25243e-01                         |
 29 |   -308.6939696122 | -7.480e-05 | 2.421e-03 | 1.000e-01 |   6   | 1.455e-11 |  2.61e-07 |     FALSE |
 30 |   -308.6940272287 | -5.762e-05 | 5.375e-03 | 5.050e-02 |   6   | 1.603e-11 |  2.67e-07 |     FALSE |
 31 |   -308.6940791839 | -5.196e-05 | 3.760e-03 | 5.489e-02 |   6   | 7.844e-12 |  2.65e-07 |     FALSE |
 32 |   -308.6941347225 | -5.554e-05 | 2.852e-03 | 3.580e-02 |   6   | 1.432e-11 |  2.69e-07 |     FALSE |
 33 |   -308.6941640805 | -2.936e-05 | 2.970e-03 | 2.604e-02 |   6   | 9.038e-12 |  2.69e-07 |     FALSE |
 34 |   -308.6941779807 | -1.390e-05 | 3.307e-03 | 2.284e-02 |   6   | 1.370e-11 |  2.60e-07 |     FALSE |
 35 |   -308.6942021033 | -2.412e-05 | 2.051e-03 | 1.749e-02 |   6   | 1.091e-11 |  2.55e-07 |     FALSE |
 36 |   -308.6942159016 | -1.380e-05 | 1.872e-03 | 1.663e-02 |   6   | 9.379e-12 |  2.50e-07 |     FALSE |
 37 |   -308.6942256340 | -9.732e-06 | 1.200e-03 | 2.123e-02 |   6   | 9.720e-12 |  2.45e-07 |     FALSE |
 38 |   -308.6942338720 | -8.238e-06 | 7.935e-04 | 1.242e-02 |   6   | 1.410e-11 |  2.42e-07 |     FALSE |
 39 |   -308.6942373912 | -3.519e-06 | 1.006e-03 | 1.761e-02 |   6   | 1.813e-11 |  2.41e-07 |     FALSE |
 40 |   -308.6942397659 | -2.375e-06 | 5.143e-04 | 6.422e-03 |   6   | 2.183e-11 |  2.41e-07 |     FALSE |
 41 |   -308.6942409730 | -1.207e-06 | 4.277e-04 | 2.917e-03 |   6   | 1.472e-11 |  2.41e-07 |     FALSE |
 42 |   -308.6942416698 | -6.968e-07 | 3.375e-04 | 7.105e-03 |   6   | 1.057e-11 |  2.42e-07 |     FALSE |
 43 |   -308.6942422068 | -5.370e-07 | 3.128e-04 | 3.040e-03 |   6   | 1.251e-11 |  2.42e-07 |     FALSE |
 44 |   -308.6942424776 | -2.708e-07 | 1.681e-04 | 1.850e-03 |   7   | 1.143e-11 |  2.42e-07 |     FALSE |
 45 |   -308.6942426492 | -1.717e-07 | 2.196e-04 | 1.891e-03 |   6   | 1.091e-11 |  2.42e-07 |     FALSE |
 46 |   -308.6942427533 | -1.041e-07 | 1.476e-04 | 1.032e-03 |   6   | 1.114e-11 |  2.42e-07 |     FALSE |
 47 |   -308.6942428311 | -7.771e-08 | 1.555e-04 | 8.209e-04 |   6   | 1.086e-11 |  2.43e-07 |     FALSE |
 48 |   -308.6942428948 | -6.378e-08 | 1.629e-04 | 8.789e-04 |   6   | 1.057e-11 |  2.43e-07 |     FALSE |
 49 |   -308.6942429358 | -4.093e-08 | 1.882e-04 | 8.681e-04 |   6   | 1.052e-11 |  2.43e-07 |     FALSE |
 50 |   -308.6942429774 | -4.162e-08 | 1.003e-04 | 5.367e-04 |   6   | 1.279e-11 |  2.43e-07 |     FALSE |
 51 |   -308.6942430011 | -2.376e-08 | 6.026e-05 | 4.275e-04 |   6   | 1.097e-11 |  2.43e-07 |     FALSE |
 52 |   -308.6942430166 | -1.543e-08 | 5.377e-05 | 4.223e-04 |   6   | 1.222e-11 |  2.43e-07 |     FALSE |
 53 |   -308.6942430281 | -1.154e-08 | 4.895e-05 | 4.473e-04 |   6   | 1.046e-11 |  2.43e-07 |     FALSE |
 54 |   -308.6942430358 | -7.694e-09 | 3.478e-05 | 3.245e-04 |   6   | 1.029e-11 |  2.44e-07 |     FALSE |
 55 |   -308.6942430400 | -4.168e-09 | 4.096e-05 | 3.129e-04 |   6   | 1.029e-11 |  2.44e-07 |     FALSE |
 56 |   -308.6942430428 | -2.790e-09 | 2.679e-05 | 1.387e-04 |   5   | 8.333e-11 |  2.44e-07 |     FALSE |
 57 |   -308.6942430455 | -2.699e-09 | 1.403e-05 | 1.749e-04 |   5   | 8.458e-11 |  2.44e-07 |     FALSE |
 58 |   -308.6942430467 | -1.242e-09 | 1.677e-05 | 2.210e-04 |   5   | 8.396e-11 |  2.44e-07 |     FALSE |
 59 |   -308.6942430478 | -1.122e-09 | 1.437e-05 | 2.322e-04 |   5   | 8.328e-11 |  2.44e-07 |     FALSE |
 60 |   -308.6942430484 | -5.730e-10 | 9.447e-06 | 8.138e-05 |   5   | 9.101e-11 |  2.44e-07 |     FALSE |
____|___________________|____________|___________|___________|_______|___________|___________|___________|

Energy converged after 60 iterations

 NOTE: the energy criterion was met with the orbital gradient above grad; the run went on

CAS_SCF iterations:
Time to step - 5721.70138
Full time    - 5854.43559
Preparation of canonical orbitals:
Time to step -    0.09195
Full time    - 5854.52753
CAS_SCF WaveFunctions:

DMRG determinant read-out orbital map (lattice k -> canonical orbital p, sign):
  canonical orbital: 8 1 6 12 3 14 10 0 7 13 15 4 11 5 2 9
  sign     : - - + + + + - + + - + - + - + -
State 0  E  =    -308.8474520649 S^2 = 0.00:
-8.8879621393e-01  | 1111000000000000 | 1111000000000000
 1.5344265454e-01  | 1110100000000000 | 1110100000000000
-8.7155614644e-02  | 1110010000000000 | 1101100000000000
-8.7155614644e-02  | 1101100000000000 | 1110010000000000
-7.3404675709e-02  | 1111000000000000 | 1110010000000000
-7.3404675709e-02  | 1110010000000000 | 1111000000000000
 7.0375509568e-02  | 1101010000000000 | 1101010000000000
-6.3228586153e-02  | 1110001000000000 | 1011100000000000
-6.3228586153e-02  | 1011100000000000 | 1110001000000000
 6.2809136818e-02  | 0111100000000000 | 1110000100000000
State 1  E  =    -308.6716278250 S^2 = 0.00:
-5.4825962933e-01  | 1110100000000000 | 1110100000000000
-3.1163394627e-01  | 1101100000000000 | 1111000000000000
-3.1163394627e-01  | 1111000000000000 | 1101100000000000
-2.8331537678e-01  | 1110010000000000 | 1111000000000000
-2.8331537678e-01  | 1111000000000000 | 1110010000000000
 1.2286685610e-01  | 1101100000000000 | 1101100000000000
-1.0910565511e-01  | 1100110000000000 | 1111000000000000
-1.0910565511e-01  | 1111000000000000 | 1100110000000000
 9.3552473372e-02  | 1110010000000000 | 1101100000000000
 9.3552473372e-02  | 1101100000000000 | 1110010000000000
State 2  E  =    -308.6306083800 S^2 = 0.00:
 4.1757073325e-01  | 1111000000000000 | 1110100000000000
 4.1757073325e-01  | 1110100000000000 | 1111000000000000
 2.6206095589e-01  | 1110100000000000 | 1110010000000000
 2.6206095589e-01  | 1110010000000000 | 1110100000000000
 2.6200633536e-01  | 1011100000000000 | 1111000000000000
 2.6200633536e-01  | 1111000000000000 | 1011100000000000
 1.9965904329e-01  | 1110001000000000 | 1111000000000000
 1.9965904329e-01  | 1111000000000000 | 1110001000000000
-1.2845136238e-01  | 1101100000000000 | 1110100000000000
-1.2845136238e-01  | 1110100000000000 | 1101100000000000
State 3  E  =    -308.6272839238 S^2 = 0.00:
-4.7942995336e-01  | 1111000000000000 | 1110100000000000
-4.7942995336e-01  | 1110100000000000 | 1111000000000000
-2.7766231889e-01  | 1110100000000000 | 1101100000000000
-2.7766231889e-01  | 1101100000000000 | 1110100000000000
 2.2283769195e-01  | 1111000000000000 | 1011100000000000
 2.2283769195e-01  | 1011100000000000 | 1111000000000000
 1.5312251460e-01  | 1110001000000000 | 1111000000000000
 1.5312251460e-01  | 1111000000000000 | 1110001000000000
 7.5374686547e-02  | 1110010000000000 | 1110100000000000
 7.5374686547e-02  | 1110100000000000 | 1110010000000000

DMRG determinant extraction weights:
____________________________
 State| weight       |
______|______________|
    0 | 0.996615     |
    1 | 0.995021     |
    2 | 0.994889     |
    3 | 0.995122     |
______|______________|


CAS_SCF density averaging:
__________________________________________
 State| E                 | S^2  | weight |
______|___________________|______|________|
    0 |   -308.8474520649 | 0.00 | 1.00   |
    1 |   -308.6716278250 | 0.00 | 1.00   |
    2 |   -308.6306083800 | 0.00 | 1.00   |
    3 |   -308.6272839238 | 0.00 | 1.00   |
______|___________________|______|________|


CAS_SCF Energy summary:
E[  0] = -308.8474520649
E[  1] = -308.6716278250 | 4.7844 eV
E[  2] = -308.6306083800 | 5.9006 eV
E[  3] = -308.6272839238 | 5.9911 eV


CAS_SCF Dipole moment:

d[  0,  0] = {-3.459499e-06, 2.110665e-06,-4.920331e-14} |d| = 4.052534e-06
d[  0,  1] = {-5.201175e-07, 2.226273e-06, 2.749163e-15} |d| = 2.286222e-06
d[  0,  2] = {-2.263411e+00, 3.185782e-01,-1.605272e-14} |d| = 2.285721e+00
d[  0,  3] = { 2.748601e+00,-3.863323e-01, 4.921636e-15} |d| = 2.775619e+00

d[  1,  0] = {-5.201175e-07, 2.226273e-06, 2.749163e-15} |d| = 2.286222e-06
d[  1,  1] = { 7.354321e-06,-2.825855e-06,-7.342414e-14} |d| = 7.878547e-06
d[  1,  2] = { 4.698377e-01, 1.826808e-01, 9.214267e-15} |d| = 5.041029e-01
d[  1,  3] = {-8.544443e-01,-2.654196e-01,-5.027751e-16} |d| = 8.947193e-01

d[  2,  0] = {-2.263411e+00, 3.185782e-01,-1.605272e-14} |d| = 2.285721e+00
d[  2,  1] = { 4.698377e-01, 1.826808e-01, 9.214267e-15} |d| = 5.041029e-01
d[  2,  2] = { 1.036340e-05,-1.686387e-06,-5.929937e-14} |d| = 1.049972e-05
d[  2,  3] = { 1.778706e-06, 4.877155e-07,-9.769488e-15} |d| = 1.844359e-06

d[  3,  0] = { 2.748601e+00,-3.863323e-01, 4.921636e-15} |d| = 2.775619e+00
d[  3,  1] = {-8.544443e-01,-2.654196e-01,-5.027751e-16} |d| = 8.947193e-01
d[  3,  2] = { 1.778706e-06, 4.877155e-07,-9.769488e-15} |d| = 1.844359e-06
d[  3,  3] = {-9.274237e-06, 4.846183e-06,-6.342300e-14} |d| = 1.046408e-05




Writing CAS_SCF canonical orbitals:
visualization file: 4ene_CAS.out
data file         : 4ene_CAS.orb

Writing CAS_SCF natural orbitals:
ERROR: orbital 39 has no symmetry
visualization file: 4ene_CAS_NatOrb.out
data file         : 4ene_CAS_NatOrb.orb

_______________________________________________________________________


CAS_SCF:
Time to step -   85.40685
Full time    - 5939.93439


Calculation finished at: 14:20 (EEST), 29 September 2026 (Tuesday).
