
NonOrtogonal quantum chemistry and Perturbation Theory
                  NOPT version 3.4


sQM - standart QM module.

Compilation options:
1) linear algebra package - OpenBLAS
2) non-parallel BLAS matrix multiplication in the OMP parallel cycles

selected command  line options:
-i           naphtalene_DSRG_S_aldet.inp	 input file

Calculation started at: 23:00 (EEST), 04 August 2026 (Tuesday).

_______________________________________________________________________

Input file:

   0: $PAR NUM_THREADS=8 N_MOL=1 RHF=0 CAS=1 DSRG=1 D5=1 RI=1 NAME=naphtalene $PAREND
   1: $MOL
   2:  _CHARGE=0;
   3:  _BASIS=cc-pvdz;
   4:  _RI_BASIS=cc-pvdz-jkfit;
   5:  _UNITS= ang;
   6:  _xyz
   7: 18
   8: naphtalene from 10.1039/c5cp00214a
   9: C 0.000000  2.434012  0.708635
  10: C 0.000000  1.245004  1.402781
  11: C 0.000000  1.245004 -1.402781
  12: C 0.000000  0.000000  0.716898
  13: C 0.000000  2.434012 -0.708635
  14: C 0.000000  0.000000 -0.716898
  15: C 0.000000 -1.245004  1.402781
  16: C 0.000000 -2.434012  0.708635
  17: C 0.000000 -2.434012 -0.708635
  18: C 0.000000 -1.245004 -1.402781
  19: H 0.000000  3.378853  1.245785
  20: H 0.000000  1.242353  2.490559
  21: H 0.000000  3.378853 -1.245785
  22: H 0.000000 -1.242353 -2.490559
  23: H 0.000000  1.242353 -2.490559
  24: H 0.000000 -1.242353  2.490559
  25: H 0.000000 -3.378853  1.245785
  26: H 0.000000 -3.378853 -1.245785
  27: $act_space n_alp=5 n_bet=5 n_val=10 mult=1 p_n=10 reorder=1 orbitals=27,31,32,33,34,35,36,37,45,48; $end
  28: _MO INP=naphtalene_RHF_S.orb
  29: $END
  30: $CAS n_s=1 w_state=all_1; cisolver=aldet maxit=50 dE=1e-15 grad=1e-8 $END
  31: $dav dr=1E-14 de=1E-10 $end 
  32: $dsrg s=0.5 $end
_______________________________________________________________________



_____________________________Input_summary_____________________________


Number of threads:  8

Job name: naphtalene

Methods:
Restricted Hartree-Fock                          -     no 
Complete Active Space SCF                        -     yes
eXtended MultiConfiguration QuasiDegenerate PT   -     no 
Complete Degenerate Active Space PT              -     no 
Second order Moller-Plesset PT                   -     no 
State-specific DSRG-PT2                          -     yes
Settings:
D5                                               -     yes
Resolution of Identity                           -     yes
Spin-orbit                                       -     no 
Symmetry point group                             -     no(C1)
Printing:
dipole moment                                    -     yes
electron dispersion                              -     no 
quadrupole moment                                -     no 
Mulliken charges                                 -     no 
_______________________________________________________________________


Reading molecule:
-----------------------------------------------------------------------

WARNING: read_cl is blocked in the 3.0 version

                      units    = ang
                      charge   = 0
                      basis    = cc-pvdz (library)
                      RI basis = cc-pvdz-jkfit (library)
                      included   naphtalene_RHF_S.orb (orbitals)
WARNING:              Orbitals are reordered
                      Active space orbitals: 27 31 32 33 34 35 36 37 45 48
_______________________________________________________________________

Molecule structure (a.u.):
 ________________________________________________________________________________________
| Atom |    C    |     X     |     Y     |     Z     |   n_ecp   |     q     |    type   |
| _____|_________|___________|___________|___________|___________|___________|___________|
|  C   |     6   |     0.000 |     4.600 |     1.339 |           |           |    real   |
|  C   |     6   |     0.000 |     2.353 |     2.651 |           |           |    real   |
|  C   |     6   |     0.000 |     2.353 |    -2.651 |           |           |    real   |
|  C   |     6   |     0.000 |     0.000 |     1.355 |           |           |    real   |
|  C   |     6   |     0.000 |     4.600 |    -1.339 |           |           |    real   |
|  C   |     6   |     0.000 |     0.000 |    -1.355 |           |           |    real   |
|  C   |     6   |     0.000 |    -2.353 |     2.651 |           |           |    real   |
|  C   |     6   |     0.000 |    -4.600 |     1.339 |           |           |    real   |
|  C   |     6   |     0.000 |    -4.600 |    -1.339 |           |           |    real   |
|  C   |     6   |     0.000 |    -2.353 |    -2.651 |           |           |    real   |
|  H   |     1   |     0.000 |     6.385 |     2.354 |           |           |    real   |
|  H   |     1   |     0.000 |     2.348 |     4.706 |           |           |    real   |
|  H   |     1   |     0.000 |     6.385 |    -2.354 |           |           |    real   |
|  H   |     1   |     0.000 |    -2.348 |    -4.706 |           |           |    real   |
|  H   |     1   |     0.000 |     2.348 |    -4.706 |           |           |    real   |
|  H   |     1   |     0.000 |    -2.348 |     4.706 |           |           |    real   |
|  H   |     1   |     0.000 |    -6.385 |     2.354 |           |           |    real   |
|  H   |     1   |     0.000 |    -6.385 |    -2.354 |           |           |    real   |
| _____|_________|___________|___________|___________|___________|___________|___________|

Molecule contains 68 electrons

C - nuclear charge (a.u.)
q - additional (partial) charge (a.u.)
n_ecp - number of electrons frozen by ECP
X,Y,Z - cartesian coordinates (Bohr)



 Basis set information:

 ____________________________________________________________________________________
|     Atom     |    L    |       alpha       |         c         |       c(lib)      |
|______________|_________|___________________|___________________|___________________|
|   C (  0)    |         |                   |                   |                   |
|              |     0   |       6665.000000 |          0.363584 |          0.000692 |
|              |         |       1000.000000 |          0.674986 |          0.005329 |
|              |         |        228.000000 |          1.131620 |          0.027077 |
|              |         |         64.710000 |          1.653009 |          0.101718 |
|              |         |         21.060000 |          1.923821 |          0.274740 |
|              |         |          7.495000 |          1.447278 |          0.448564 |
|              |         |          2.797000 |          0.439163 |          0.285074 |
|              |         |          0.521500 |          0.006646 |          0.015204 |
|              |---------|-------------------|-------------------|-------------------|
|              |     0   |       6665.000000 |         -0.154180 |         -0.000146 |
|              |         |       1000.000000 |         -0.293785 |         -0.001154 |
|              |         |        228.000000 |         -0.480896 |         -0.005725 |
|              |         |         64.710000 |         -0.761434 |         -0.023312 |
|              |         |         21.060000 |         -0.900104 |         -0.063955 |
|              |         |          7.495000 |         -0.972611 |         -0.149981 |
|              |         |          2.797000 |         -0.394042 |         -0.127262 |
|              |         |          0.521500 |          0.478394 |          0.544529 |
|              |---------|-------------------|-------------------|-------------------|
|              |     0   |          0.159600 |          0.179964 |          1.000000 |
|              |---------|-------------------|-------------------|-------------------|
|              |     1   |          9.439000 |          1.343737 |          0.038109 |
|              |         |          2.002000 |          1.063168 |          0.209480 |
|              |         |          0.545600 |          0.508232 |          0.508557 |
|              |---------|-------------------|-------------------|-------------------|
|              |     1   |          0.151700 |          0.134950 |          1.000000 |
|              |---------|-------------------|-------------------|-------------------|
|              |     2   |          0.550000 |          0.578155 |          1.000000 |
|--------------|---------|-------------------|-------------------|-------------------|
|   C (  1)    |         |                   |                   |                   |
|              |     0   |       6665.000000 |          0.363584 |          0.000692 |
|              |         |       1000.000000 |          0.674986 |          0.005329 |
|              |         |        228.000000 |          1.131620 |          0.027077 |
|              |         |         64.710000 |          1.653009 |          0.101718 |
|              |         |         21.060000 |          1.923821 |          0.274740 |
|              |         |          7.495000 |          1.447278 |          0.448564 |
|              |         |          2.797000 |          0.439163 |          0.285074 |
|              |         |          0.521500 |          0.006646 |          0.015204 |
|              |---------|-------------------|-------------------|-------------------|
|              |     0   |       6665.000000 |         -0.154180 |         -0.000146 |
|              |         |       1000.000000 |         -0.293785 |         -0.001154 |
|              |         |        228.000000 |         -0.480896 |         -0.005725 |
|              |         |         64.710000 |         -0.761434 |         -0.023312 |
|              |         |         21.060000 |         -0.900104 |         -0.063955 |
|              |         |          7.495000 |         -0.972611 |         -0.149981 |
|              |         |          2.797000 |         -0.394042 |         -0.127262 |
|              |         |          0.521500 |          0.478394 |          0.544529 |
|              |---------|-------------------|-------------------|-------------------|
|              |     0   |          0.159600 |          0.179964 |          1.000000 |
|              |---------|-------------------|-------------------|-------------------|
|              |     1   |          9.439000 |          1.343737 |          0.038109 |
|              |         |          2.002000 |          1.063168 |          0.209480 |
|              |         |          0.545600 |          0.508232 |          0.508557 |
|              |---------|-------------------|-------------------|-------------------|
|              |     1   |          0.151700 |          0.134950 |          1.000000 |
|              |---------|-------------------|-------------------|-------------------|
|              |     2   |          0.550000 |          0.578155 |          1.000000 |
|--------------|---------|-------------------|-------------------|-------------------|
|   C (  2)    |         |                   |                   |                   |
|              |     0   |       6665.000000 |          0.363584 |          0.000692 |
|              |         |       1000.000000 |          0.674986 |          0.005329 |
|              |         |        228.000000 |          1.131620 |          0.027077 |
|              |         |         64.710000 |          1.653009 |          0.101718 |
|              |         |         21.060000 |          1.923821 |          0.274740 |
|              |         |          7.495000 |          1.447278 |          0.448564 |
|              |         |          2.797000 |          0.439163 |          0.285074 |
|              |         |          0.521500 |          0.006646 |          0.015204 |
|              |---------|-------------------|-------------------|-------------------|
|              |     0   |       6665.000000 |         -0.154180 |         -0.000146 |
|              |         |       1000.000000 |         -0.293785 |         -0.001154 |
|              |         |        228.000000 |         -0.480896 |         -0.005725 |
|              |         |         64.710000 |         -0.761434 |         -0.023312 |
|              |         |         21.060000 |         -0.900104 |         -0.063955 |
|              |         |          7.495000 |         -0.972611 |         -0.149981 |
|              |         |          2.797000 |         -0.394042 |         -0.127262 |
|              |         |          0.521500 |          0.478394 |          0.544529 |
|              |---------|-------------------|-------------------|-------------------|
|              |     0   |          0.159600 |          0.179964 |          1.000000 |
|              |---------|-------------------|-------------------|-------------------|
|              |     1   |          9.439000 |          1.343737 |          0.038109 |
|              |         |          2.002000 |          1.063168 |          0.209480 |
|              |         |          0.545600 |          0.508232 |          0.508557 |
|              |---------|-------------------|-------------------|-------------------|
|              |     1   |          0.151700 |          0.134950 |          1.000000 |
|              |---------|-------------------|-------------------|-------------------|
|              |     2   |          0.550000 |          0.578155 |          1.000000 |
|--------------|---------|-------------------|-------------------|-------------------|
|   C (  3)    |         |                   |                   |                   |
|              |     0   |       6665.000000 |          0.363584 |          0.000692 |
|              |         |       1000.000000 |          0.674986 |          0.005329 |
|              |         |        228.000000 |          1.131620 |          0.027077 |
|              |         |         64.710000 |          1.653009 |          0.101718 |
|              |         |         21.060000 |          1.923821 |          0.274740 |
|              |         |          7.495000 |          1.447278 |          0.448564 |
|              |         |          2.797000 |          0.439163 |          0.285074 |
|              |         |          0.521500 |          0.006646 |          0.015204 |
|              |---------|-------------------|-------------------|-------------------|
|              |     0   |       6665.000000 |         -0.154180 |         -0.000146 |
|              |         |       1000.000000 |         -0.293785 |         -0.001154 |
|              |         |        228.000000 |         -0.480896 |         -0.005725 |
|              |         |         64.710000 |         -0.761434 |         -0.023312 |
|              |         |         21.060000 |         -0.900104 |         -0.063955 |
|              |         |          7.495000 |         -0.972611 |         -0.149981 |
|              |         |          2.797000 |         -0.394042 |         -0.127262 |
|              |         |          0.521500 |          0.478394 |          0.544529 |
|              |---------|-------------------|-------------------|-------------------|
|              |     0   |          0.159600 |          0.179964 |          1.000000 |
|              |---------|-------------------|-------------------|-------------------|
|              |     1   |          9.439000 |          1.343737 |          0.038109 |
|              |         |          2.002000 |          1.063168 |          0.209480 |
|              |         |          0.545600 |          0.508232 |          0.508557 |
|              |---------|-------------------|-------------------|-------------------|
|              |     1   |          0.151700 |          0.134950 |          1.000000 |
|              |---------|-------------------|-------------------|-------------------|
|              |     2   |          0.550000 |          0.578155 |          1.000000 |
|--------------|---------|-------------------|-------------------|-------------------|
|   C (  4)    |         |                   |                   |                   |
|              |     0   |       6665.000000 |          0.363584 |          0.000692 |
|              |         |       1000.000000 |          0.674986 |          0.005329 |
|              |         |        228.000000 |          1.131620 |          0.027077 |
|              |         |         64.710000 |          1.653009 |          0.101718 |
|              |         |         21.060000 |          1.923821 |          0.274740 |
|              |         |          7.495000 |          1.447278 |          0.448564 |
|              |         |          2.797000 |          0.439163 |          0.285074 |
|              |         |          0.521500 |          0.006646 |          0.015204 |
|              |---------|-------------------|-------------------|-------------------|
|              |     0   |       6665.000000 |         -0.154180 |         -0.000146 |
|              |         |       1000.000000 |         -0.293785 |         -0.001154 |
|              |         |        228.000000 |         -0.480896 |         -0.005725 |
|              |         |         64.710000 |         -0.761434 |         -0.023312 |
|              |         |         21.060000 |         -0.900104 |         -0.063955 |
|              |         |          7.495000 |         -0.972611 |         -0.149981 |
|              |         |          2.797000 |         -0.394042 |         -0.127262 |
|              |         |          0.521500 |          0.478394 |          0.544529 |
|              |---------|-------------------|-------------------|-------------------|
|              |     0   |          0.159600 |          0.179964 |          1.000000 |
|              |---------|-------------------|-------------------|-------------------|
|              |     1   |          9.439000 |          1.343737 |          0.038109 |
|              |         |          2.002000 |          1.063168 |          0.209480 |
|              |         |          0.545600 |          0.508232 |          0.508557 |
|              |---------|-------------------|-------------------|-------------------|
|              |     1   |          0.151700 |          0.134950 |          1.000000 |
|              |---------|-------------------|-------------------|-------------------|
|              |     2   |          0.550000 |          0.578155 |          1.000000 |
|--------------|---------|-------------------|-------------------|-------------------|
|   C (  5)    |         |                   |                   |                   |
|              |     0   |       6665.000000 |          0.363584 |          0.000692 |
|              |         |       1000.000000 |          0.674986 |          0.005329 |
|              |         |        228.000000 |          1.131620 |          0.027077 |
|              |         |         64.710000 |          1.653009 |          0.101718 |
|              |         |         21.060000 |          1.923821 |          0.274740 |
|              |         |          7.495000 |          1.447278 |          0.448564 |
|              |         |          2.797000 |          0.439163 |          0.285074 |
|              |         |          0.521500 |          0.006646 |          0.015204 |
|              |---------|-------------------|-------------------|-------------------|
|              |     0   |       6665.000000 |         -0.154180 |         -0.000146 |
|              |         |       1000.000000 |         -0.293785 |         -0.001154 |
|              |         |        228.000000 |         -0.480896 |         -0.005725 |
|              |         |         64.710000 |         -0.761434 |         -0.023312 |
|              |         |         21.060000 |         -0.900104 |         -0.063955 |
|              |         |          7.495000 |         -0.972611 |         -0.149981 |
|              |         |          2.797000 |         -0.394042 |         -0.127262 |
|              |         |          0.521500 |          0.478394 |          0.544529 |
|              |---------|-------------------|-------------------|-------------------|
|              |     0   |          0.159600 |          0.179964 |          1.000000 |
|              |---------|-------------------|-------------------|-------------------|
|              |     1   |          9.439000 |          1.343737 |          0.038109 |
|              |         |          2.002000 |          1.063168 |          0.209480 |
|              |         |          0.545600 |          0.508232 |          0.508557 |
|              |---------|-------------------|-------------------|-------------------|
|              |     1   |          0.151700 |          0.134950 |          1.000000 |
|              |---------|-------------------|-------------------|-------------------|
|              |     2   |          0.550000 |          0.578155 |          1.000000 |
|--------------|---------|-------------------|-------------------|-------------------|
|   C (  6)    |         |                   |                   |                   |
|              |     0   |       6665.000000 |          0.363584 |          0.000692 |
|              |         |       1000.000000 |          0.674986 |          0.005329 |
|              |         |        228.000000 |          1.131620 |          0.027077 |
|              |         |         64.710000 |          1.653009 |          0.101718 |
|              |         |         21.060000 |          1.923821 |          0.274740 |
|              |         |          7.495000 |          1.447278 |          0.448564 |
|              |         |          2.797000 |          0.439163 |          0.285074 |
|              |         |          0.521500 |          0.006646 |          0.015204 |
|              |---------|-------------------|-------------------|-------------------|
|              |     0   |       6665.000000 |         -0.154180 |         -0.000146 |
|              |         |       1000.000000 |         -0.293785 |         -0.001154 |
|              |         |        228.000000 |         -0.480896 |         -0.005725 |
|              |         |         64.710000 |         -0.761434 |         -0.023312 |
|              |         |         21.060000 |         -0.900104 |         -0.063955 |
|              |         |          7.495000 |         -0.972611 |         -0.149981 |
|              |         |          2.797000 |         -0.394042 |         -0.127262 |
|              |         |          0.521500 |          0.478394 |          0.544529 |
|              |---------|-------------------|-------------------|-------------------|
|              |     0   |          0.159600 |          0.179964 |          1.000000 |
|              |---------|-------------------|-------------------|-------------------|
|              |     1   |          9.439000 |          1.343737 |          0.038109 |
|              |         |          2.002000 |          1.063168 |          0.209480 |
|              |         |          0.545600 |          0.508232 |          0.508557 |
|              |---------|-------------------|-------------------|-------------------|
|              |     1   |          0.151700 |          0.134950 |          1.000000 |
|              |---------|-------------------|-------------------|-------------------|
|              |     2   |          0.550000 |          0.578155 |          1.000000 |
|--------------|---------|-------------------|-------------------|-------------------|
|   C (  7)    |         |                   |                   |                   |
|              |     0   |       6665.000000 |          0.363584 |          0.000692 |
|              |         |       1000.000000 |          0.674986 |          0.005329 |
|              |         |        228.000000 |          1.131620 |          0.027077 |
|              |         |         64.710000 |          1.653009 |          0.101718 |
|              |         |         21.060000 |          1.923821 |          0.274740 |
|              |         |          7.495000 |          1.447278 |          0.448564 |
|              |         |          2.797000 |          0.439163 |          0.285074 |
|              |         |          0.521500 |          0.006646 |          0.015204 |
|              |---------|-------------------|-------------------|-------------------|
|              |     0   |       6665.000000 |         -0.154180 |         -0.000146 |
|              |         |       1000.000000 |         -0.293785 |         -0.001154 |
|              |         |        228.000000 |         -0.480896 |         -0.005725 |
|              |         |         64.710000 |         -0.761434 |         -0.023312 |
|              |         |         21.060000 |         -0.900104 |         -0.063955 |
|              |         |          7.495000 |         -0.972611 |         -0.149981 |
|              |         |          2.797000 |         -0.394042 |         -0.127262 |
|              |         |          0.521500 |          0.478394 |          0.544529 |
|              |---------|-------------------|-------------------|-------------------|
|              |     0   |          0.159600 |          0.179964 |          1.000000 |
|              |---------|-------------------|-------------------|-------------------|
|              |     1   |          9.439000 |          1.343737 |          0.038109 |
|              |         |          2.002000 |          1.063168 |          0.209480 |
|              |         |          0.545600 |          0.508232 |          0.508557 |
|              |---------|-------------------|-------------------|-------------------|
|              |     1   |          0.151700 |          0.134950 |          1.000000 |
|              |---------|-------------------|-------------------|-------------------|
|              |     2   |          0.550000 |          0.578155 |          1.000000 |
|--------------|---------|-------------------|-------------------|-------------------|
|   C (  8)    |         |                   |                   |                   |
|              |     0   |       6665.000000 |          0.363584 |          0.000692 |
|              |         |       1000.000000 |          0.674986 |          0.005329 |
|              |         |        228.000000 |          1.131620 |          0.027077 |
|              |         |         64.710000 |          1.653009 |          0.101718 |
|              |         |         21.060000 |          1.923821 |          0.274740 |
|              |         |          7.495000 |          1.447278 |          0.448564 |
|              |         |          2.797000 |          0.439163 |          0.285074 |
|              |         |          0.521500 |          0.006646 |          0.015204 |
|              |---------|-------------------|-------------------|-------------------|
|              |     0   |       6665.000000 |         -0.154180 |         -0.000146 |
|              |         |       1000.000000 |         -0.293785 |         -0.001154 |
|              |         |        228.000000 |         -0.480896 |         -0.005725 |
|              |         |         64.710000 |         -0.761434 |         -0.023312 |
|              |         |         21.060000 |         -0.900104 |         -0.063955 |
|              |         |          7.495000 |         -0.972611 |         -0.149981 |
|              |         |          2.797000 |         -0.394042 |         -0.127262 |
|              |         |          0.521500 |          0.478394 |          0.544529 |
|              |---------|-------------------|-------------------|-------------------|
|              |     0   |          0.159600 |          0.179964 |          1.000000 |
|              |---------|-------------------|-------------------|-------------------|
|              |     1   |          9.439000 |          1.343737 |          0.038109 |
|              |         |          2.002000 |          1.063168 |          0.209480 |
|              |         |          0.545600 |          0.508232 |          0.508557 |
|              |---------|-------------------|-------------------|-------------------|
|              |     1   |          0.151700 |          0.134950 |          1.000000 |
|              |---------|-------------------|-------------------|-------------------|
|              |     2   |          0.550000 |          0.578155 |          1.000000 |
|--------------|---------|-------------------|-------------------|-------------------|
|   C (  9)    |         |                   |                   |                   |
|              |     0   |       6665.000000 |          0.363584 |          0.000692 |
|              |         |       1000.000000 |          0.674986 |          0.005329 |
|              |         |        228.000000 |          1.131620 |          0.027077 |
|              |         |         64.710000 |          1.653009 |          0.101718 |
|              |         |         21.060000 |          1.923821 |          0.274740 |
|              |         |          7.495000 |          1.447278 |          0.448564 |
|              |         |          2.797000 |          0.439163 |          0.285074 |
|              |         |          0.521500 |          0.006646 |          0.015204 |
|              |---------|-------------------|-------------------|-------------------|
|              |     0   |       6665.000000 |         -0.154180 |         -0.000146 |
|              |         |       1000.000000 |         -0.293785 |         -0.001154 |
|              |         |        228.000000 |         -0.480896 |         -0.005725 |
|              |         |         64.710000 |         -0.761434 |         -0.023312 |
|              |         |         21.060000 |         -0.900104 |         -0.063955 |
|              |         |          7.495000 |         -0.972611 |         -0.149981 |
|              |         |          2.797000 |         -0.394042 |         -0.127262 |
|              |         |          0.521500 |          0.478394 |          0.544529 |
|              |---------|-------------------|-------------------|-------------------|
|              |     0   |          0.159600 |          0.179964 |          1.000000 |
|              |---------|-------------------|-------------------|-------------------|
|              |     1   |          9.439000 |          1.343737 |          0.038109 |
|              |         |          2.002000 |          1.063168 |          0.209480 |
|              |         |          0.545600 |          0.508232 |          0.508557 |
|              |---------|-------------------|-------------------|-------------------|
|              |     1   |          0.151700 |          0.134950 |          1.000000 |
|              |---------|-------------------|-------------------|-------------------|
|              |     2   |          0.550000 |          0.578155 |          1.000000 |
|--------------|---------|-------------------|-------------------|-------------------|
|   H ( 10)    |         |                   |                   |                   |
|              |     0   |         13.010000 |          0.163548 |          0.019685 |
|              |         |          1.962000 |          0.277418 |          0.137977 |
|              |         |          0.444600 |          0.315749 |          0.478148 |
|              |---------|-------------------|-------------------|-------------------|
|              |     0   |          0.122000 |          0.147123 |          1.000000 |
|              |---------|-------------------|-------------------|-------------------|
|              |     1   |          0.727000 |          0.956881 |          1.000000 |
|--------------|---------|-------------------|-------------------|-------------------|
|   H ( 11)    |         |                   |                   |                   |
|              |     0   |         13.010000 |          0.163548 |          0.019685 |
|              |         |          1.962000 |          0.277418 |          0.137977 |
|              |         |          0.444600 |          0.315749 |          0.478148 |
|              |---------|-------------------|-------------------|-------------------|
|              |     0   |          0.122000 |          0.147123 |          1.000000 |
|              |---------|-------------------|-------------------|-------------------|
|              |     1   |          0.727000 |          0.956881 |          1.000000 |
|--------------|---------|-------------------|-------------------|-------------------|
|   H ( 12)    |         |                   |                   |                   |
|              |     0   |         13.010000 |          0.163548 |          0.019685 |
|              |         |          1.962000 |          0.277418 |          0.137977 |
|              |         |          0.444600 |          0.315749 |          0.478148 |
|              |---------|-------------------|-------------------|-------------------|
|              |     0   |          0.122000 |          0.147123 |          1.000000 |
|              |---------|-------------------|-------------------|-------------------|
|              |     1   |          0.727000 |          0.956881 |          1.000000 |
|--------------|---------|-------------------|-------------------|-------------------|
|   H ( 13)    |         |                   |                   |                   |
|              |     0   |         13.010000 |          0.163548 |          0.019685 |
|              |         |          1.962000 |          0.277418 |          0.137977 |
|              |         |          0.444600 |          0.315749 |          0.478148 |
|              |---------|-------------------|-------------------|-------------------|
|              |     0   |          0.122000 |          0.147123 |          1.000000 |
|              |---------|-------------------|-------------------|-------------------|
|              |     1   |          0.727000 |          0.956881 |          1.000000 |
|--------------|---------|-------------------|-------------------|-------------------|
|   H ( 14)    |         |                   |                   |                   |
|              |     0   |         13.010000 |          0.163548 |          0.019685 |
|              |         |          1.962000 |          0.277418 |          0.137977 |
|              |         |          0.444600 |          0.315749 |          0.478148 |
|              |---------|-------------------|-------------------|-------------------|
|              |     0   |          0.122000 |          0.147123 |          1.000000 |
|              |---------|-------------------|-------------------|-------------------|
|              |     1   |          0.727000 |          0.956881 |          1.000000 |
|--------------|---------|-------------------|-------------------|-------------------|
|   H ( 15)    |         |                   |                   |                   |
|              |     0   |         13.010000 |          0.163548 |          0.019685 |
|              |         |          1.962000 |          0.277418 |          0.137977 |
|              |         |          0.444600 |          0.315749 |          0.478148 |
|              |---------|-------------------|-------------------|-------------------|
|              |     0   |          0.122000 |          0.147123 |          1.000000 |
|              |---------|-------------------|-------------------|-------------------|
|              |     1   |          0.727000 |          0.956881 |          1.000000 |
|--------------|---------|-------------------|-------------------|-------------------|
|   H ( 16)    |         |                   |                   |                   |
|              |     0   |         13.010000 |          0.163548 |          0.019685 |
|              |         |          1.962000 |          0.277418 |          0.137977 |
|              |         |          0.444600 |          0.315749 |          0.478148 |
|              |---------|-------------------|-------------------|-------------------|
|              |     0   |          0.122000 |          0.147123 |          1.000000 |
|              |---------|-------------------|-------------------|-------------------|
|              |     1   |          0.727000 |          0.956881 |          1.000000 |
|--------------|---------|-------------------|-------------------|-------------------|
|   H ( 17)    |         |                   |                   |                   |
|              |     0   |         13.010000 |          0.163548 |          0.019685 |
|              |         |          1.962000 |          0.277418 |          0.137977 |
|              |         |          0.444600 |          0.315749 |          0.478148 |
|              |---------|-------------------|-------------------|-------------------|
|              |     0   |          0.122000 |          0.147123 |          1.000000 |
|              |---------|-------------------|-------------------|-------------------|
|              |     1   |          0.727000 |          0.956881 |          1.000000 |
|______________|_________|___________________|___________________|___________________|



 RI basis set information:

 ____________________________________________________________________________________
|     Atom     |    L    |       alpha       |         c         |       c(lib)      |
|______________|_________|___________________|___________________|___________________|
|   C (  0)    |         |                   |                   |                   |
|              |     0   |       1113.986772 |        137.426383 |          1.000000 |
|              |---------|-------------------|-------------------|-------------------|
|              |     0   |        369.162342 |         60.023752 |          1.000000 |
|              |---------|-------------------|-------------------|-------------------|
|              |     0   |        121.792752 |         26.129204 |          1.000000 |
|              |---------|-------------------|-------------------|-------------------|
|              |     0   |         48.127115 |         13.022743 |          1.000000 |
|              |---------|-------------------|-------------------|-------------------|
|              |     0   |         20.365074 |          6.832420 |          1.000000 |
|              |---------|-------------------|-------------------|-------------------|
|              |     0   |          8.088360 |          3.418263 |          1.000000 |
|              |---------|-------------------|-------------------|-------------------|
|              |     0   |          2.506866 |          1.419902 |          1.000000 |
|              |---------|-------------------|-------------------|-------------------|
|              |     0   |          1.243854 |          0.839435 |          1.000000 |
|              |---------|-------------------|-------------------|-------------------|
|              |     0   |          0.484499 |          0.413885 |          1.000000 |
|              |---------|-------------------|-------------------|-------------------|
|              |     0   |          0.191852 |          0.206602 |          1.000000 |
|              |---------|-------------------|-------------------|-------------------|
|              |     1   |        102.991762 |        467.673972 |          1.000000 |
|              |---------|-------------------|-------------------|-------------------|
|              |     1   |         28.132594 |         92.353277 |          1.000000 |
|              |---------|-------------------|-------------------|-------------------|
|              |     1   |          9.836432 |         24.830592 |          1.000000 |
|              |---------|-------------------|-------------------|-------------------|
|              |     1   |          3.349054 |          6.457923 |          1.000000 |
|              |---------|-------------------|-------------------|-------------------|
|              |     1   |          1.494762 |          2.355890 |          1.000000 |
|              |---------|-------------------|-------------------|-------------------|
|              |     1   |          0.576901 |          0.716666 |          1.000000 |
|              |---------|-------------------|-------------------|-------------------|
|              |     1   |          0.203201 |          0.194467 |          1.000000 |
|              |---------|-------------------|-------------------|-------------------|
|              |     2   |         10.594068 |        102.392773 |          1.000000 |
|              |---------|-------------------|-------------------|-------------------|
|              |     2   |          3.599720 |         15.483874 |          1.000000 |
|              |---------|-------------------|-------------------|-------------------|
|              |     2   |          1.335569 |          2.731025 |          1.000000 |
|              |---------|-------------------|-------------------|-------------------|
|              |     2   |          0.519498 |          0.523216 |          1.000000 |
|              |---------|-------------------|-------------------|-------------------|
|              |     2   |          0.199541 |          0.098054 |          1.000000 |
|              |---------|-------------------|-------------------|-------------------|
|              |     3   |          1.194866 |          2.197470 |          1.000000 |
|              |---------|-------------------|-------------------|-------------------|
|              |     3   |          0.415866 |          0.204456 |          1.000000 |
|--------------|---------|-------------------|-------------------|-------------------|
|   C (  1)    |         |                   |                   |                   |
|              |     0   |       1113.986772 |        137.426383 |          1.000000 |
|              |---------|-------------------|-------------------|-------------------|
|              |     0   |        369.162342 |         60.023752 |          1.000000 |
|              |---------|-------------------|-------------------|-------------------|
|              |     0   |        121.792752 |         26.129204 |          1.000000 |
|              |---------|-------------------|-------------------|-------------------|
|              |     0   |         48.127115 |         13.022743 |          1.000000 |
|              |---------|-------------------|-------------------|-------------------|
|              |     0   |         20.365074 |          6.832420 |          1.000000 |
|              |---------|-------------------|-------------------|-------------------|
|              |     0   |          8.088360 |          3.418263 |          1.000000 |
|              |---------|-------------------|-------------------|-------------------|
|              |     0   |          2.506866 |          1.419902 |          1.000000 |
|              |---------|-------------------|-------------------|-------------------|
|              |     0   |          1.243854 |          0.839435 |          1.000000 |
|              |---------|-------------------|-------------------|-------------------|
|              |     0   |          0.484499 |          0.413885 |          1.000000 |
|              |---------|-------------------|-------------------|-------------------|
|              |     0   |          0.191852 |          0.206602 |          1.000000 |
|              |---------|-------------------|-------------------|-------------------|
|              |     1   |        102.991762 |        467.673972 |          1.000000 |
|              |---------|-------------------|-------------------|-------------------|
|              |     1   |         28.132594 |         92.353277 |          1.000000 |
|              |---------|-------------------|-------------------|-------------------|
|              |     1   |          9.836432 |         24.830592 |          1.000000 |
|              |---------|-------------------|-------------------|-------------------|
|              |     1   |          3.349054 |          6.457923 |          1.000000 |
|              |---------|-------------------|-------------------|-------------------|
|              |     1   |          1.494762 |          2.355890 |          1.000000 |
|              |---------|-------------------|-------------------|-------------------|
|              |     1   |          0.576901 |          0.716666 |          1.000000 |
|              |---------|-------------------|-------------------|-------------------|
|              |     1   |          0.203201 |          0.194467 |          1.000000 |
|              |---------|-------------------|-------------------|-------------------|
|              |     2   |         10.594068 |        102.392773 |          1.000000 |
|              |---------|-------------------|-------------------|-------------------|
|              |     2   |          3.599720 |         15.483874 |          1.000000 |
|              |---------|-------------------|-------------------|-------------------|
|              |     2   |          1.335569 |          2.731025 |          1.000000 |
|              |---------|-------------------|-------------------|-------------------|
|              |     2   |          0.519498 |          0.523216 |          1.000000 |
|              |---------|-------------------|-------------------|-------------------|
|              |     2   |          0.199541 |          0.098054 |          1.000000 |
|              |---------|-------------------|-------------------|-------------------|
|              |     3   |          1.194866 |          2.197470 |          1.000000 |
|              |---------|-------------------|-------------------|-------------------|
|              |     3   |          0.415866 |          0.204456 |          1.000000 |
|--------------|---------|-------------------|-------------------|-------------------|
|   C (  2)    |         |                   |                   |                   |
|              |     0   |       1113.986772 |        137.426383 |          1.000000 |
|              |---------|-------------------|-------------------|-------------------|
|              |     0   |        369.162342 |         60.023752 |          1.000000 |
|              |---------|-------------------|-------------------|-------------------|
|              |     0   |        121.792752 |         26.129204 |          1.000000 |
|              |---------|-------------------|-------------------|-------------------|
|              |     0   |         48.127115 |         13.022743 |          1.000000 |
|              |---------|-------------------|-------------------|-------------------|
|              |     0   |         20.365074 |          6.832420 |          1.000000 |
|              |---------|-------------------|-------------------|-------------------|
|              |     0   |          8.088360 |          3.418263 |          1.000000 |
|              |---------|-------------------|-------------------|-------------------|
|              |     0   |          2.506866 |          1.419902 |          1.000000 |
|              |---------|-------------------|-------------------|-------------------|
|              |     0   |          1.243854 |          0.839435 |          1.000000 |
|              |---------|-------------------|-------------------|-------------------|
|              |     0   |          0.484499 |          0.413885 |          1.000000 |
|              |---------|-------------------|-------------------|-------------------|
|              |     0   |          0.191852 |          0.206602 |          1.000000 |
|              |---------|-------------------|-------------------|-------------------|
|              |     1   |        102.991762 |        467.673972 |          1.000000 |
|              |---------|-------------------|-------------------|-------------------|
|              |     1   |         28.132594 |         92.353277 |          1.000000 |
|              |---------|-------------------|-------------------|-------------------|
|              |     1   |          9.836432 |         24.830592 |          1.000000 |
|              |---------|-------------------|-------------------|-------------------|
|              |     1   |          3.349054 |          6.457923 |          1.000000 |
|              |---------|-------------------|-------------------|-------------------|
|              |     1   |          1.494762 |          2.355890 |          1.000000 |
|              |---------|-------------------|-------------------|-------------------|
|              |     1   |          0.576901 |          0.716666 |          1.000000 |
|              |---------|-------------------|-------------------|-------------------|
|              |     1   |          0.203201 |          0.194467 |          1.000000 |
|              |---------|-------------------|-------------------|-------------------|
|              |     2   |         10.594068 |        102.392773 |          1.000000 |
|              |---------|-------------------|-------------------|-------------------|
|              |     2   |          3.599720 |         15.483874 |          1.000000 |
|              |---------|-------------------|-------------------|-------------------|
|              |     2   |          1.335569 |          2.731025 |          1.000000 |
|              |---------|-------------------|-------------------|-------------------|
|              |     2   |          0.519498 |          0.523216 |          1.000000 |
|              |---------|-------------------|-------------------|-------------------|
|              |     2   |          0.199541 |          0.098054 |          1.000000 |
|              |---------|-------------------|-------------------|-------------------|
|              |     3   |          1.194866 |          2.197470 |          1.000000 |
|              |---------|-------------------|-------------------|-------------------|
|              |     3   |          0.415866 |          0.204456 |          1.000000 |
|--------------|---------|-------------------|-------------------|-------------------|
|   C (  3)    |         |                   |                   |                   |
|              |     0   |       1113.986772 |        137.426383 |          1.000000 |
|              |---------|-------------------|-------------------|-------------------|
|              |     0   |        369.162342 |         60.023752 |          1.000000 |
|              |---------|-------------------|-------------------|-------------------|
|              |     0   |        121.792752 |         26.129204 |          1.000000 |
|              |---------|-------------------|-------------------|-------------------|
|              |     0   |         48.127115 |         13.022743 |          1.000000 |
|              |---------|-------------------|-------------------|-------------------|
|              |     0   |         20.365074 |          6.832420 |          1.000000 |
|              |---------|-------------------|-------------------|-------------------|
|              |     0   |          8.088360 |          3.418263 |          1.000000 |
|              |---------|-------------------|-------------------|-------------------|
|              |     0   |          2.506866 |          1.419902 |          1.000000 |
|              |---------|-------------------|-------------------|-------------------|
|              |     0   |          1.243854 |          0.839435 |          1.000000 |
|              |---------|-------------------|-------------------|-------------------|
|              |     0   |          0.484499 |          0.413885 |          1.000000 |
|              |---------|-------------------|-------------------|-------------------|
|              |     0   |          0.191852 |          0.206602 |          1.000000 |
|              |---------|-------------------|-------------------|-------------------|
|              |     1   |        102.991762 |        467.673972 |          1.000000 |
|              |---------|-------------------|-------------------|-------------------|
|              |     1   |         28.132594 |         92.353277 |          1.000000 |
|              |---------|-------------------|-------------------|-------------------|
|              |     1   |          9.836432 |         24.830592 |          1.000000 |
|              |---------|-------------------|-------------------|-------------------|
|              |     1   |          3.349054 |          6.457923 |          1.000000 |
|              |---------|-------------------|-------------------|-------------------|
|              |     1   |          1.494762 |          2.355890 |          1.000000 |
|              |---------|-------------------|-------------------|-------------------|
|              |     1   |          0.576901 |          0.716666 |          1.000000 |
|              |---------|-------------------|-------------------|-------------------|
|              |     1   |          0.203201 |          0.194467 |          1.000000 |
|              |---------|-------------------|-------------------|-------------------|
|              |     2   |         10.594068 |        102.392773 |          1.000000 |
|              |---------|-------------------|-------------------|-------------------|
|              |     2   |          3.599720 |         15.483874 |          1.000000 |
|              |---------|-------------------|-------------------|-------------------|
|              |     2   |          1.335569 |          2.731025 |          1.000000 |
|              |---------|-------------------|-------------------|-------------------|
|              |     2   |          0.519498 |          0.523216 |          1.000000 |
|              |---------|-------------------|-------------------|-------------------|
|              |     2   |          0.199541 |          0.098054 |          1.000000 |
|              |---------|-------------------|-------------------|-------------------|
|              |     3   |          1.194866 |          2.197470 |          1.000000 |
|              |---------|-------------------|-------------------|-------------------|
|              |     3   |          0.415866 |          0.204456 |          1.000000 |
|--------------|---------|-------------------|-------------------|-------------------|
|   C (  4)    |         |                   |                   |                   |
|              |     0   |       1113.986772 |        137.426383 |          1.000000 |
|              |---------|-------------------|-------------------|-------------------|
|              |     0   |        369.162342 |         60.023752 |          1.000000 |
|              |---------|-------------------|-------------------|-------------------|
|              |     0   |        121.792752 |         26.129204 |          1.000000 |
|              |---------|-------------------|-------------------|-------------------|
|              |     0   |         48.127115 |         13.022743 |          1.000000 |
|              |---------|-------------------|-------------------|-------------------|
|              |     0   |         20.365074 |          6.832420 |          1.000000 |
|              |---------|-------------------|-------------------|-------------------|
|              |     0   |          8.088360 |          3.418263 |          1.000000 |
|              |---------|-------------------|-------------------|-------------------|
|              |     0   |          2.506866 |          1.419902 |          1.000000 |
|              |---------|-------------------|-------------------|-------------------|
|              |     0   |          1.243854 |          0.839435 |          1.000000 |
|              |---------|-------------------|-------------------|-------------------|
|              |     0   |          0.484499 |          0.413885 |          1.000000 |
|              |---------|-------------------|-------------------|-------------------|
|              |     0   |          0.191852 |          0.206602 |          1.000000 |
|              |---------|-------------------|-------------------|-------------------|
|              |     1   |        102.991762 |        467.673972 |          1.000000 |
|              |---------|-------------------|-------------------|-------------------|
|              |     1   |         28.132594 |         92.353277 |          1.000000 |
|              |---------|-------------------|-------------------|-------------------|
|              |     1   |          9.836432 |         24.830592 |          1.000000 |
|              |---------|-------------------|-------------------|-------------------|
|              |     1   |          3.349054 |          6.457923 |          1.000000 |
|              |---------|-------------------|-------------------|-------------------|
|              |     1   |          1.494762 |          2.355890 |          1.000000 |
|              |---------|-------------------|-------------------|-------------------|
|              |     1   |          0.576901 |          0.716666 |          1.000000 |
|              |---------|-------------------|-------------------|-------------------|
|              |     1   |          0.203201 |          0.194467 |          1.000000 |
|              |---------|-------------------|-------------------|-------------------|
|              |     2   |         10.594068 |        102.392773 |          1.000000 |
|              |---------|-------------------|-------------------|-------------------|
|              |     2   |          3.599720 |         15.483874 |          1.000000 |
|              |---------|-------------------|-------------------|-------------------|
|              |     2   |          1.335569 |          2.731025 |          1.000000 |
|              |---------|-------------------|-------------------|-------------------|
|              |     2   |          0.519498 |          0.523216 |          1.000000 |
|              |---------|-------------------|-------------------|-------------------|
|              |     2   |          0.199541 |          0.098054 |          1.000000 |
|              |---------|-------------------|-------------------|-------------------|
|              |     3   |          1.194866 |          2.197470 |          1.000000 |
|              |---------|-------------------|-------------------|-------------------|
|              |     3   |          0.415866 |          0.204456 |          1.000000 |
|--------------|---------|-------------------|-------------------|-------------------|
|   C (  5)    |         |                   |                   |                   |
|              |     0   |       1113.986772 |        137.426383 |          1.000000 |
|              |---------|-------------------|-------------------|-------------------|
|              |     0   |        369.162342 |         60.023752 |          1.000000 |
|              |---------|-------------------|-------------------|-------------------|
|              |     0   |        121.792752 |         26.129204 |          1.000000 |
|              |---------|-------------------|-------------------|-------------------|
|              |     0   |         48.127115 |         13.022743 |          1.000000 |
|              |---------|-------------------|-------------------|-------------------|
|              |     0   |         20.365074 |          6.832420 |          1.000000 |
|              |---------|-------------------|-------------------|-------------------|
|              |     0   |          8.088360 |          3.418263 |          1.000000 |
|              |---------|-------------------|-------------------|-------------------|
|              |     0   |          2.506866 |          1.419902 |          1.000000 |
|              |---------|-------------------|-------------------|-------------------|
|              |     0   |          1.243854 |          0.839435 |          1.000000 |
|              |---------|-------------------|-------------------|-------------------|
|              |     0   |          0.484499 |          0.413885 |          1.000000 |
|              |---------|-------------------|-------------------|-------------------|
|              |     0   |          0.191852 |          0.206602 |          1.000000 |
|              |---------|-------------------|-------------------|-------------------|
|              |     1   |        102.991762 |        467.673972 |          1.000000 |
|              |---------|-------------------|-------------------|-------------------|
|              |     1   |         28.132594 |         92.353277 |          1.000000 |
|              |---------|-------------------|-------------------|-------------------|
|              |     1   |          9.836432 |         24.830592 |          1.000000 |
|              |---------|-------------------|-------------------|-------------------|
|              |     1   |          3.349054 |          6.457923 |          1.000000 |
|              |---------|-------------------|-------------------|-------------------|
|              |     1   |          1.494762 |          2.355890 |          1.000000 |
|              |---------|-------------------|-------------------|-------------------|
|              |     1   |          0.576901 |          0.716666 |          1.000000 |
|              |---------|-------------------|-------------------|-------------------|
|              |     1   |          0.203201 |          0.194467 |          1.000000 |
|              |---------|-------------------|-------------------|-------------------|
|              |     2   |         10.594068 |        102.392773 |          1.000000 |
|              |---------|-------------------|-------------------|-------------------|
|              |     2   |          3.599720 |         15.483874 |          1.000000 |
|              |---------|-------------------|-------------------|-------------------|
|              |     2   |          1.335569 |          2.731025 |          1.000000 |
|              |---------|-------------------|-------------------|-------------------|
|              |     2   |          0.519498 |          0.523216 |          1.000000 |
|              |---------|-------------------|-------------------|-------------------|
|              |     2   |          0.199541 |          0.098054 |          1.000000 |
|              |---------|-------------------|-------------------|-------------------|
|              |     3   |          1.194866 |          2.197470 |          1.000000 |
|              |---------|-------------------|-------------------|-------------------|
|              |     3   |          0.415866 |          0.204456 |          1.000000 |
|--------------|---------|-------------------|-------------------|-------------------|
|   C (  6)    |         |                   |                   |                   |
|              |     0   |       1113.986772 |        137.426383 |          1.000000 |
|              |---------|-------------------|-------------------|-------------------|
|              |     0   |        369.162342 |         60.023752 |          1.000000 |
|              |---------|-------------------|-------------------|-------------------|
|              |     0   |        121.792752 |         26.129204 |          1.000000 |
|              |---------|-------------------|-------------------|-------------------|
|              |     0   |         48.127115 |         13.022743 |          1.000000 |
|              |---------|-------------------|-------------------|-------------------|
|              |     0   |         20.365074 |          6.832420 |          1.000000 |
|              |---------|-------------------|-------------------|-------------------|
|              |     0   |          8.088360 |          3.418263 |          1.000000 |
|              |---------|-------------------|-------------------|-------------------|
|              |     0   |          2.506866 |          1.419902 |          1.000000 |
|              |---------|-------------------|-------------------|-------------------|
|              |     0   |          1.243854 |          0.839435 |          1.000000 |
|              |---------|-------------------|-------------------|-------------------|
|              |     0   |          0.484499 |          0.413885 |          1.000000 |
|              |---------|-------------------|-------------------|-------------------|
|              |     0   |          0.191852 |          0.206602 |          1.000000 |
|              |---------|-------------------|-------------------|-------------------|
|              |     1   |        102.991762 |        467.673972 |          1.000000 |
|              |---------|-------------------|-------------------|-------------------|
|              |     1   |         28.132594 |         92.353277 |          1.000000 |
|              |---------|-------------------|-------------------|-------------------|
|              |     1   |          9.836432 |         24.830592 |          1.000000 |
|              |---------|-------------------|-------------------|-------------------|
|              |     1   |          3.349054 |          6.457923 |          1.000000 |
|              |---------|-------------------|-------------------|-------------------|
|              |     1   |          1.494762 |          2.355890 |          1.000000 |
|              |---------|-------------------|-------------------|-------------------|
|              |     1   |          0.576901 |          0.716666 |          1.000000 |
|              |---------|-------------------|-------------------|-------------------|
|              |     1   |          0.203201 |          0.194467 |          1.000000 |
|              |---------|-------------------|-------------------|-------------------|
|              |     2   |         10.594068 |        102.392773 |          1.000000 |
|              |---------|-------------------|-------------------|-------------------|
|              |     2   |          3.599720 |         15.483874 |          1.000000 |
|              |---------|-------------------|-------------------|-------------------|
|              |     2   |          1.335569 |          2.731025 |          1.000000 |
|              |---------|-------------------|-------------------|-------------------|
|              |     2   |          0.519498 |          0.523216 |          1.000000 |
|              |---------|-------------------|-------------------|-------------------|
|              |     2   |          0.199541 |          0.098054 |          1.000000 |
|              |---------|-------------------|-------------------|-------------------|
|              |     3   |          1.194866 |          2.197470 |          1.000000 |
|              |---------|-------------------|-------------------|-------------------|
|              |     3   |          0.415866 |          0.204456 |          1.000000 |
|--------------|---------|-------------------|-------------------|-------------------|
|   C (  7)    |         |                   |                   |                   |
|              |     0   |       1113.986772 |        137.426383 |          1.000000 |
|              |---------|-------------------|-------------------|-------------------|
|              |     0   |        369.162342 |         60.023752 |          1.000000 |
|              |---------|-------------------|-------------------|-------------------|
|              |     0   |        121.792752 |         26.129204 |          1.000000 |
|              |---------|-------------------|-------------------|-------------------|
|              |     0   |         48.127115 |         13.022743 |          1.000000 |
|              |---------|-------------------|-------------------|-------------------|
|              |     0   |         20.365074 |          6.832420 |          1.000000 |
|              |---------|-------------------|-------------------|-------------------|
|              |     0   |          8.088360 |          3.418263 |          1.000000 |
|              |---------|-------------------|-------------------|-------------------|
|              |     0   |          2.506866 |          1.419902 |          1.000000 |
|              |---------|-------------------|-------------------|-------------------|
|              |     0   |          1.243854 |          0.839435 |          1.000000 |
|              |---------|-------------------|-------------------|-------------------|
|              |     0   |          0.484499 |          0.413885 |          1.000000 |
|              |---------|-------------------|-------------------|-------------------|
|              |     0   |          0.191852 |          0.206602 |          1.000000 |
|              |---------|-------------------|-------------------|-------------------|
|              |     1   |        102.991762 |        467.673972 |          1.000000 |
|              |---------|-------------------|-------------------|-------------------|
|              |     1   |         28.132594 |         92.353277 |          1.000000 |
|              |---------|-------------------|-------------------|-------------------|
|              |     1   |          9.836432 |         24.830592 |          1.000000 |
|              |---------|-------------------|-------------------|-------------------|
|              |     1   |          3.349054 |          6.457923 |          1.000000 |
|              |---------|-------------------|-------------------|-------------------|
|              |     1   |          1.494762 |          2.355890 |          1.000000 |
|              |---------|-------------------|-------------------|-------------------|
|              |     1   |          0.576901 |          0.716666 |          1.000000 |
|              |---------|-------------------|-------------------|-------------------|
|              |     1   |          0.203201 |          0.194467 |          1.000000 |
|              |---------|-------------------|-------------------|-------------------|
|              |     2   |         10.594068 |        102.392773 |          1.000000 |
|              |---------|-------------------|-------------------|-------------------|
|              |     2   |          3.599720 |         15.483874 |          1.000000 |
|              |---------|-------------------|-------------------|-------------------|
|              |     2   |          1.335569 |          2.731025 |          1.000000 |
|              |---------|-------------------|-------------------|-------------------|
|              |     2   |          0.519498 |          0.523216 |          1.000000 |
|              |---------|-------------------|-------------------|-------------------|
|              |     2   |          0.199541 |          0.098054 |          1.000000 |
|              |---------|-------------------|-------------------|-------------------|
|              |     3   |          1.194866 |          2.197470 |          1.000000 |
|              |---------|-------------------|-------------------|-------------------|
|              |     3   |          0.415866 |          0.204456 |          1.000000 |
|--------------|---------|-------------------|-------------------|-------------------|
|   C (  8)    |         |                   |                   |                   |
|              |     0   |       1113.986772 |        137.426383 |          1.000000 |
|              |---------|-------------------|-------------------|-------------------|
|              |     0   |        369.162342 |         60.023752 |          1.000000 |
|              |---------|-------------------|-------------------|-------------------|
|              |     0   |        121.792752 |         26.129204 |          1.000000 |
|              |---------|-------------------|-------------------|-------------------|
|              |     0   |         48.127115 |         13.022743 |          1.000000 |
|              |---------|-------------------|-------------------|-------------------|
|              |     0   |         20.365074 |          6.832420 |          1.000000 |
|              |---------|-------------------|-------------------|-------------------|
|              |     0   |          8.088360 |          3.418263 |          1.000000 |
|              |---------|-------------------|-------------------|-------------------|
|              |     0   |          2.506866 |          1.419902 |          1.000000 |
|              |---------|-------------------|-------------------|-------------------|
|              |     0   |          1.243854 |          0.839435 |          1.000000 |
|              |---------|-------------------|-------------------|-------------------|
|              |     0   |          0.484499 |          0.413885 |          1.000000 |
|              |---------|-------------------|-------------------|-------------------|
|              |     0   |          0.191852 |          0.206602 |          1.000000 |
|              |---------|-------------------|-------------------|-------------------|
|              |     1   |        102.991762 |        467.673972 |          1.000000 |
|              |---------|-------------------|-------------------|-------------------|
|              |     1   |         28.132594 |         92.353277 |          1.000000 |
|              |---------|-------------------|-------------------|-------------------|
|              |     1   |          9.836432 |         24.830592 |          1.000000 |
|              |---------|-------------------|-------------------|-------------------|
|              |     1   |          3.349054 |          6.457923 |          1.000000 |
|              |---------|-------------------|-------------------|-------------------|
|              |     1   |          1.494762 |          2.355890 |          1.000000 |
|              |---------|-------------------|-------------------|-------------------|
|              |     1   |          0.576901 |          0.716666 |          1.000000 |
|              |---------|-------------------|-------------------|-------------------|
|              |     1   |          0.203201 |          0.194467 |          1.000000 |
|              |---------|-------------------|-------------------|-------------------|
|              |     2   |         10.594068 |        102.392773 |          1.000000 |
|              |---------|-------------------|-------------------|-------------------|
|              |     2   |          3.599720 |         15.483874 |          1.000000 |
|              |---------|-------------------|-------------------|-------------------|
|              |     2   |          1.335569 |          2.731025 |          1.000000 |
|              |---------|-------------------|-------------------|-------------------|
|              |     2   |          0.519498 |          0.523216 |          1.000000 |
|              |---------|-------------------|-------------------|-------------------|
|              |     2   |          0.199541 |          0.098054 |          1.000000 |
|              |---------|-------------------|-------------------|-------------------|
|              |     3   |          1.194866 |          2.197470 |          1.000000 |
|              |---------|-------------------|-------------------|-------------------|
|              |     3   |          0.415866 |          0.204456 |          1.000000 |
|--------------|---------|-------------------|-------------------|-------------------|
|   C (  9)    |         |                   |                   |                   |
|              |     0   |       1113.986772 |        137.426383 |          1.000000 |
|              |---------|-------------------|-------------------|-------------------|
|              |     0   |        369.162342 |         60.023752 |          1.000000 |
|              |---------|-------------------|-------------------|-------------------|
|              |     0   |        121.792752 |         26.129204 |          1.000000 |
|              |---------|-------------------|-------------------|-------------------|
|              |     0   |         48.127115 |         13.022743 |          1.000000 |
|              |---------|-------------------|-------------------|-------------------|
|              |     0   |         20.365074 |          6.832420 |          1.000000 |
|              |---------|-------------------|-------------------|-------------------|
|              |     0   |          8.088360 |          3.418263 |          1.000000 |
|              |---------|-------------------|-------------------|-------------------|
|              |     0   |          2.506866 |          1.419902 |          1.000000 |
|              |---------|-------------------|-------------------|-------------------|
|              |     0   |          1.243854 |          0.839435 |          1.000000 |
|              |---------|-------------------|-------------------|-------------------|
|              |     0   |          0.484499 |          0.413885 |          1.000000 |
|              |---------|-------------------|-------------------|-------------------|
|              |     0   |          0.191852 |          0.206602 |          1.000000 |
|              |---------|-------------------|-------------------|-------------------|
|              |     1   |        102.991762 |        467.673972 |          1.000000 |
|              |---------|-------------------|-------------------|-------------------|
|              |     1   |         28.132594 |         92.353277 |          1.000000 |
|              |---------|-------------------|-------------------|-------------------|
|              |     1   |          9.836432 |         24.830592 |          1.000000 |
|              |---------|-------------------|-------------------|-------------------|
|              |     1   |          3.349054 |          6.457923 |          1.000000 |
|              |---------|-------------------|-------------------|-------------------|
|              |     1   |          1.494762 |          2.355890 |          1.000000 |
|              |---------|-------------------|-------------------|-------------------|
|              |     1   |          0.576901 |          0.716666 |          1.000000 |
|              |---------|-------------------|-------------------|-------------------|
|              |     1   |          0.203201 |          0.194467 |          1.000000 |
|              |---------|-------------------|-------------------|-------------------|
|              |     2   |         10.594068 |        102.392773 |          1.000000 |
|              |---------|-------------------|-------------------|-------------------|
|              |     2   |          3.599720 |         15.483874 |          1.000000 |
|              |---------|-------------------|-------------------|-------------------|
|              |     2   |          1.335569 |          2.731025 |          1.000000 |
|              |---------|-------------------|-------------------|-------------------|
|              |     2   |          0.519498 |          0.523216 |          1.000000 |
|              |---------|-------------------|-------------------|-------------------|
|              |     2   |          0.199541 |          0.098054 |          1.000000 |
|              |---------|-------------------|-------------------|-------------------|
|              |     3   |          1.194866 |          2.197470 |          1.000000 |
|              |---------|-------------------|-------------------|-------------------|
|              |     3   |          0.415866 |          0.204456 |          1.000000 |
|--------------|---------|-------------------|-------------------|-------------------|
|   H ( 10)    |         |                   |                   |                   |
|              |     0   |          9.530249 |          3.865790 |          1.000000 |
|              |---------|-------------------|-------------------|-------------------|
|              |     0   |          1.917451 |          1.161324 |          1.000000 |
|              |---------|-------------------|-------------------|-------------------|
|              |     0   |          0.684240 |          0.536187 |          1.000000 |
|              |---------|-------------------|-------------------|-------------------|
|              |     0   |          0.284133 |          0.277364 |          1.000000 |
|              |---------|-------------------|-------------------|-------------------|
|              |     1   |          2.913323 |          5.425327 |          1.000000 |
|              |---------|-------------------|-------------------|-------------------|
|              |     1   |          1.262121 |          1.906848 |          1.000000 |
|              |---------|-------------------|-------------------|-------------------|
|              |     1   |          0.501998 |          0.602306 |          1.000000 |
|              |---------|-------------------|-------------------|-------------------|
|              |     2   |          2.313533 |          7.143185 |          1.000000 |
|              |---------|-------------------|-------------------|-------------------|
|              |     2   |          0.712907 |          0.910369 |          1.000000 |
|--------------|---------|-------------------|-------------------|-------------------|
|   H ( 11)    |         |                   |                   |                   |
|              |     0   |          9.530249 |          3.865790 |          1.000000 |
|              |---------|-------------------|-------------------|-------------------|
|              |     0   |          1.917451 |          1.161324 |          1.000000 |
|              |---------|-------------------|-------------------|-------------------|
|              |     0   |          0.684240 |          0.536187 |          1.000000 |
|              |---------|-------------------|-------------------|-------------------|
|              |     0   |          0.284133 |          0.277364 |          1.000000 |
|              |---------|-------------------|-------------------|-------------------|
|              |     1   |          2.913323 |          5.425327 |          1.000000 |
|              |---------|-------------------|-------------------|-------------------|
|              |     1   |          1.262121 |          1.906848 |          1.000000 |
|              |---------|-------------------|-------------------|-------------------|
|              |     1   |          0.501998 |          0.602306 |          1.000000 |
|              |---------|-------------------|-------------------|-------------------|
|              |     2   |          2.313533 |          7.143185 |          1.000000 |
|              |---------|-------------------|-------------------|-------------------|
|              |     2   |          0.712907 |          0.910369 |          1.000000 |
|--------------|---------|-------------------|-------------------|-------------------|
|   H ( 12)    |         |                   |                   |                   |
|              |     0   |          9.530249 |          3.865790 |          1.000000 |
|              |---------|-------------------|-------------------|-------------------|
|              |     0   |          1.917451 |          1.161324 |          1.000000 |
|              |---------|-------------------|-------------------|-------------------|
|              |     0   |          0.684240 |          0.536187 |          1.000000 |
|              |---------|-------------------|-------------------|-------------------|
|              |     0   |          0.284133 |          0.277364 |          1.000000 |
|              |---------|-------------------|-------------------|-------------------|
|              |     1   |          2.913323 |          5.425327 |          1.000000 |
|              |---------|-------------------|-------------------|-------------------|
|              |     1   |          1.262121 |          1.906848 |          1.000000 |
|              |---------|-------------------|-------------------|-------------------|
|              |     1   |          0.501998 |          0.602306 |          1.000000 |
|              |---------|-------------------|-------------------|-------------------|
|              |     2   |          2.313533 |          7.143185 |          1.000000 |
|              |---------|-------------------|-------------------|-------------------|
|              |     2   |          0.712907 |          0.910369 |          1.000000 |
|--------------|---------|-------------------|-------------------|-------------------|
|   H ( 13)    |         |                   |                   |                   |
|              |     0   |          9.530249 |          3.865790 |          1.000000 |
|              |---------|-------------------|-------------------|-------------------|
|              |     0   |          1.917451 |          1.161324 |          1.000000 |
|              |---------|-------------------|-------------------|-------------------|
|              |     0   |          0.684240 |          0.536187 |          1.000000 |
|              |---------|-------------------|-------------------|-------------------|
|              |     0   |          0.284133 |          0.277364 |          1.000000 |
|              |---------|-------------------|-------------------|-------------------|
|              |     1   |          2.913323 |          5.425327 |          1.000000 |
|              |---------|-------------------|-------------------|-------------------|
|              |     1   |          1.262121 |          1.906848 |          1.000000 |
|              |---------|-------------------|-------------------|-------------------|
|              |     1   |          0.501998 |          0.602306 |          1.000000 |
|              |---------|-------------------|-------------------|-------------------|
|              |     2   |          2.313533 |          7.143185 |          1.000000 |
|              |---------|-------------------|-------------------|-------------------|
|              |     2   |          0.712907 |          0.910369 |          1.000000 |
|--------------|---------|-------------------|-------------------|-------------------|
|   H ( 14)    |         |                   |                   |                   |
|              |     0   |          9.530249 |          3.865790 |          1.000000 |
|              |---------|-------------------|-------------------|-------------------|
|              |     0   |          1.917451 |          1.161324 |          1.000000 |
|              |---------|-------------------|-------------------|-------------------|
|              |     0   |          0.684240 |          0.536187 |          1.000000 |
|              |---------|-------------------|-------------------|-------------------|
|              |     0   |          0.284133 |          0.277364 |          1.000000 |
|              |---------|-------------------|-------------------|-------------------|
|              |     1   |          2.913323 |          5.425327 |          1.000000 |
|              |---------|-------------------|-------------------|-------------------|
|              |     1   |          1.262121 |          1.906848 |          1.000000 |
|              |---------|-------------------|-------------------|-------------------|
|              |     1   |          0.501998 |          0.602306 |          1.000000 |
|              |---------|-------------------|-------------------|-------------------|
|              |     2   |          2.313533 |          7.143185 |          1.000000 |
|              |---------|-------------------|-------------------|-------------------|
|              |     2   |          0.712907 |          0.910369 |          1.000000 |
|--------------|---------|-------------------|-------------------|-------------------|
|   H ( 15)    |         |                   |                   |                   |
|              |     0   |          9.530249 |          3.865790 |          1.000000 |
|              |---------|-------------------|-------------------|-------------------|
|              |     0   |          1.917451 |          1.161324 |          1.000000 |
|              |---------|-------------------|-------------------|-------------------|
|              |     0   |          0.684240 |          0.536187 |          1.000000 |
|              |---------|-------------------|-------------------|-------------------|
|              |     0   |          0.284133 |          0.277364 |          1.000000 |
|              |---------|-------------------|-------------------|-------------------|
|              |     1   |          2.913323 |          5.425327 |          1.000000 |
|              |---------|-------------------|-------------------|-------------------|
|              |     1   |          1.262121 |          1.906848 |          1.000000 |
|              |---------|-------------------|-------------------|-------------------|
|              |     1   |          0.501998 |          0.602306 |          1.000000 |
|              |---------|-------------------|-------------------|-------------------|
|              |     2   |          2.313533 |          7.143185 |          1.000000 |
|              |---------|-------------------|-------------------|-------------------|
|              |     2   |          0.712907 |          0.910369 |          1.000000 |
|--------------|---------|-------------------|-------------------|-------------------|
|   H ( 16)    |         |                   |                   |                   |
|              |     0   |          9.530249 |          3.865790 |          1.000000 |
|              |---------|-------------------|-------------------|-------------------|
|              |     0   |          1.917451 |          1.161324 |          1.000000 |
|              |---------|-------------------|-------------------|-------------------|
|              |     0   |          0.684240 |          0.536187 |          1.000000 |
|              |---------|-------------------|-------------------|-------------------|
|              |     0   |          0.284133 |          0.277364 |          1.000000 |
|              |---------|-------------------|-------------------|-------------------|
|              |     1   |          2.913323 |          5.425327 |          1.000000 |
|              |---------|-------------------|-------------------|-------------------|
|              |     1   |          1.262121 |          1.906848 |          1.000000 |
|              |---------|-------------------|-------------------|-------------------|
|              |     1   |          0.501998 |          0.602306 |          1.000000 |
|              |---------|-------------------|-------------------|-------------------|
|              |     2   |          2.313533 |          7.143185 |          1.000000 |
|              |---------|-------------------|-------------------|-------------------|
|              |     2   |          0.712907 |          0.910369 |          1.000000 |
|--------------|---------|-------------------|-------------------|-------------------|
|   H ( 17)    |         |                   |                   |                   |
|              |     0   |          9.530249 |          3.865790 |          1.000000 |
|              |---------|-------------------|-------------------|-------------------|
|              |     0   |          1.917451 |          1.161324 |          1.000000 |
|              |---------|-------------------|-------------------|-------------------|
|              |     0   |          0.684240 |          0.536187 |          1.000000 |
|              |---------|-------------------|-------------------|-------------------|
|              |     0   |          0.284133 |          0.277364 |          1.000000 |
|              |---------|-------------------|-------------------|-------------------|
|              |     1   |          2.913323 |          5.425327 |          1.000000 |
|              |---------|-------------------|-------------------|-------------------|
|              |     1   |          1.262121 |          1.906848 |          1.000000 |
|              |---------|-------------------|-------------------|-------------------|
|              |     1   |          0.501998 |          0.602306 |          1.000000 |
|              |---------|-------------------|-------------------|-------------------|
|              |     2   |          2.313533 |          7.143185 |          1.000000 |
|              |---------|-------------------|-------------------|-------------------|
|              |     2   |          0.712907 |          0.910369 |          1.000000 |
|______________|_________|___________________|___________________|___________________|



 Pseudopotential information:

 ________________________________________________________________ 





Calculation of 1-el matrices:
Time to step -    0.38655
Full time    -    0.38655



______________________Starting_CASSCF_calculations_____________________

Number of states                  1
State multiplicity                1 (singlet)

Active space:
Number of alpha electrons         5
Number of beta  electrons         5
Number of active orbitals         10

Number of core orbitals:          29

Preparation of virtual orbitals:  yes
State tracking:                   no 
State averaging:
Weights:	all equal to 1

SCF settings:
Energy convergence:               1.000000e-15
Orbital gradient convergence:     1.000000e-08
Rotation matrix convergence :     1.000000e-07
Maximum number of iterations:     50
Maximum SOSCF step          :     1.000000e-01

CI solver:                        determinant CI (aldet)
Davidson diagonalization settings:
Number of correlation vectors:    10
Number of basis functions:        300
Maximum number of iterations:     250
Energy convergence:               1.000000e-10
Residue convergence:              1.000000e-14
Orthogonality cut-off:            1.000000e-08
Energy denominator shift:         3.000000e-02
Sparsed multiplication:           no

_______________________________________________________________________




RI integrals calculation:
Time to step -    0.37145
Full time    -    0.75800


____________________Starting_Davidson_diagonalization__________________


Step 0
_________________________________________________
  n | E                 | dE         | norm(r)   |
____|___________________|____________|___________|
  0 |   -383.4447596721 | -3.834e+02 | 2.877e-02 |
____|___________________|____________|___________|
number of corr vectors=302
0 roots converged at step 0
maximum deviation from symmetric form - 4.180349e-14


Step 1
_________________________________________________
  n | E                 | dE         | norm(r)   |
____|___________________|____________|___________|
  0 |   -383.4736895717 | -2.893e-02 | 3.813e-03 |
____|___________________|____________|___________|
number of corr vectors=304
0 roots converged at step 1
maximum deviation from symmetric form - 2.175243e-13


Step 2
_________________________________________________
  n | E                 | dE         | norm(r)   |
____|___________________|____________|___________|
  0 |   -383.4760673172 | -2.378e-03 | 5.188e-04 |
____|___________________|____________|___________|
number of corr vectors=305
0 roots converged at step 2
maximum deviation from symmetric form - 8.041017e-13


Step 3
_________________________________________________
  n | E                 | dE         | norm(r)   |
____|___________________|____________|___________|
  0 |   -383.4763445585 | -2.772e-04 | 7.074e-05 |
____|___________________|____________|___________|
number of corr vectors=306
0 roots converged at step 3
maximum deviation from symmetric form - 2.141112e-12


Step 4
_________________________________________________
  n | E                 | dE         | norm(r)   |
____|___________________|____________|___________|
  0 |   -383.4763764106 | -3.185e-05 | 9.727e-06 |
____|___________________|____________|___________|
number of corr vectors=307
0 roots converged at step 4
maximum deviation from symmetric form - 5.541992e-12


Step 5
_________________________________________________
  n | E                 | dE         | norm(r)   |
____|___________________|____________|___________|
  0 |   -383.4763805700 | -4.159e-06 | 1.122e-06 |
____|___________________|____________|___________|
number of corr vectors=308
0 roots converged at step 5
maximum deviation from symmetric form - 2.463571e-11


Step 6
_________________________________________________
  n | E                 | dE         | norm(r)   |
____|___________________|____________|___________|
  0 |   -383.4763810165 | -4.464e-07 | 1.427e-07 |
____|___________________|____________|___________|
number of corr vectors=309
0 roots converged at step 6
maximum deviation from symmetric form - 3.988275e-11


Step 7
_________________________________________________
  n | E                 | dE         | norm(r)   |
____|___________________|____________|___________|
  0 |   -383.4763810795 | -6.297e-08 | 1.712e-08 |
____|___________________|____________|___________|
number of corr vectors=310
0 roots converged at step 7
maximum deviation from symmetric form - 1.367398e-10


Step 8
_________________________________________________
  n | E                 | dE         | norm(r)   |
____|___________________|____________|___________|
  0 |   -383.4763810882 | -8.734e-09 | 2.804e-09 |
____|___________________|____________|___________|
number of corr vectors=311
0 roots converged at step 8
maximum deviation from symmetric form - 6.095396e-10


Step 9
_________________________________________________
  n | E                 | dE         | norm(r)   |
____|___________________|____________|___________|
  0 |   -383.4763810896 | -1.440e-09 | 3.636e-10 |
____|___________________|____________|___________|
number of corr vectors=312
0 roots converged at step 9
maximum deviation from symmetric form - 1.426934e-09


Step 10
_________________________________________________
  n | E                 | dE         | norm(r)   |
____|___________________|____________|___________|
  0 |   -383.4763810898 | -1.618e-10 | 6.204e-11 |
____|___________________|____________|___________|
number of corr vectors=304
0 roots converged at step 10
maximum deviation from symmetric form - 2.437478e-09


Step 11
_________________________________________________
  n | E                 | dE         | norm(r)   |
____|___________________|____________|___________|
  0 |   -383.4763810898 | -3.547e-11 | 1.027e-11 |
____|___________________|____________|___________|
number of corr vectors=305
1 roots converged at step 11


CAS_CI WaveFunctions:

State 0  E  =    -383.4763810898 S^2 = 0.00:
-9.2306582501e-01  | 1111100000 | 1111100000
 1.1439780856e-01  | 1111010000 | 1111010000
 1.0094945129e-01  | 1110101000 | 1110101000
-7.5485064424e-02  | 1111001000 | 1110110000
-7.5485064424e-02  | 1110110000 | 1111001000
 7.3411119700e-02  | 1110011000 | 1111100000
 7.3411119700e-02  | 1111100000 | 1110011000
-6.3071878815e-02  | 1111000100 | 1101110000
-6.3071878815e-02  | 1101110000 | 1111000100
-6.2419322407e-02  | 1101100100 | 1111010000


Davidson diagonalization:
Time to step -    0.88668
Full time    -    1.64468
_______________________________________________________________________
Primary CI and calculation canonical orbitals:
Time to step -    0.42903
Full time    -    2.07371


CAS_SCF density averaging:
__________________________________________
 State| E                 | S^2  | weight |
______|___________________|______|________|
    0 |   -383.4763810899 | 0.00 | 1.00   |
______|___________________|______|________|

Start CAS_SCF iterations
_________________________________________________________________________________
  N | E                 | dE         | LAG.ASYM. | ROT.STEP  | N_dav | sweep_dE  |
____|___________________|____________|___________|___________|_______|___________|
  0 |   -383.4763810899 | -3.835e+02 | 4.226e-02 | 1.000e+00 |  11   | 0.000e+00 |
 SOSCF is scaling rotation angle matrix Xmax=2.28698e-01                         |
  1 |   -383.4910393336 | -1.466e-02 | 3.214e-02 | 1.000e-01 |   8   | 0.000e+00 |
 SOSCF is scaling rotation angle matrix Xmax=3.57507e-01                         |
  2 |   -383.5015979990 | -1.056e-02 | 2.145e-02 | 1.000e-01 |   8   | 0.000e+00 |
 SOSCF is scaling rotation angle matrix Xmax=1.05226e-01                         |
  3 |   -383.5052148239 | -3.617e-03 | 3.074e-03 | 1.000e-01 |   8   | 0.000e+00 |
  4 |   -383.5052810027 | -6.618e-05 | 2.004e-03 | 1.480e-02 |   6   | 0.000e+00 |
  5 |   -383.5052851800 | -4.177e-06 | 2.267e-04 | 2.427e-03 |   4   | 0.000e+00 |
  6 |   -383.5052853697 | -1.897e-07 | 6.502e-05 | 3.605e-04 |   2   | 0.000e+00 |
  7 |   -383.5052853808 | -1.103e-08 | 1.967e-05 | 1.735e-04 |   1   | 0.000e+00 |
  8 |   -383.5052853813 | -5.369e-10 | 3.174e-06 | 2.248e-05 |   1   | 0.000e+00 |
  9 |   -383.5052853813 |  4.349e-11 | 7.414e-07 | 6.214e-06 |   1   | 0.000e+00 |
 10 |   -383.5052853810 |  2.296e-10 | 2.131e-07 | 2.652e-06 |   1   | 0.000e+00 |
 11 |   -383.5052853811 | -1.032e-10 | 4.952e-08 | 5.929e-07 |   1   | 0.000e+00 |
 12 |   -383.5052853813 | -1.386e-10 | 8.378e-08 | 1.118e-06 |   1   | 0.000e+00 |
 13 |   -383.5052853812 |  2.541e-11 | 2.122e-08 | 4.097e-07 |   1   | 0.000e+00 |
 14 |   -383.5052853812 |  2.456e-11 | 1.579e-08 | 1.946e-07 |   1   | 0.000e+00 |
 15 |   -383.5052853811 |  1.658e-10 | 6.283e-09 | 3.383e-07 |   1   | 0.000e+00 |
____|___________________|____________|___________|___________|_______|___________|

Lagrangian converged after 15 iterations

CAS_SCF iterations:
Time to step -   10.81842
Full time    -   12.89212
Preparation of canonical orbitals:
Time to step -    0.48848
Full time    -   13.38061
CAS_SCF WaveFunctions:

State 0  E  =    -383.5052853810 S^2 = 0.00:
-9.0069743295e-01  | 1111100000 | 1111100000
 1.2654009413e-01  | 1111010000 | 1111010000
 1.1543585270e-01  | 1110101000 | 1110101000
-8.4187032880e-02  | 1111001000 | 1110110000
-8.4187032880e-02  | 1110110000 | 1111001000
-7.2695390682e-02  | 1111000100 | 1101110000
-7.2695390682e-02  | 1101110000 | 1111000100
 7.2516421306e-02  | 1111100000 | 1110011000
 7.2516421306e-02  | 1110011000 | 1111100000
-6.9044906933e-02  | 1101100100 | 1111010000


CAS_SCF density averaging:
__________________________________________
 State| E                 | S^2  | weight |
______|___________________|______|________|
    0 |   -383.5052853810 | 0.00 | 1.00   |
______|___________________|______|________|


CAS_SCF Energy summary:
E[  0] = -383.5052853810


CAS_SCF Dipole moment:

d[  0,  0] = {-8.313111e-14,-1.088183e-11,-2.400763e-11} |d| = 2.635882e-11




Writing CAS_SCF canonical orbitals:
visualization file: naphtalene_CAS.out
data file         : naphtalene_CAS.orb

Writing CAS_SCF natural orbitals:
visualization file: naphtalene_CAS_NatOrb.out
data file         : naphtalene_CAS_NatOrb.orb

_______________________________________________________________________


CAS_SCF:
Time to step -    0.06285
Full time    -   13.44346



_____________________Starting_DSRG_PT2_calculation_____________________

Number of states                  1
Selected root (state-specific)    0
State multiplicity                1

Active space:
Number of alpha electrons         5
Number of beta  electrons         5
Number of active orbitals         10

Flow parameter s                  0.5
CCVV source                       normal
State averaging (sa)              off (state-specific)
Reference relaxation              none
_______________________________________________________________________




____________________Starting_Davidson_diagonalization__________________


Step 0
_________________________________________________
  n | E                 | dE         | norm(r)   |
____|___________________|____________|___________|
  0 |   -383.4572196325 | -3.835e+02 | 4.645e-02 |
____|___________________|____________|___________|
number of corr vectors=301
0 roots converged at step 0
maximum deviation from symmetric form - 2.798936e-14


Step 1
_________________________________________________
  n | E                 | dE         | norm(r)   |
____|___________________|____________|___________|
  0 |   -383.5000841257 | -4.286e-02 | 7.677e-03 |
____|___________________|____________|___________|
number of corr vectors=303
0 roots converged at step 1
maximum deviation from symmetric form - 1.762570e-13


Step 2
_________________________________________________
  n | E                 | dE         | norm(r)   |
____|___________________|____________|___________|
  0 |   -383.5045473616 | -4.463e-03 | 1.280e-03 |
____|___________________|____________|___________|
number of corr vectors=304
0 roots converged at step 2
maximum deviation from symmetric form - 9.072771e-13


Step 3
_________________________________________________
  n | E                 | dE         | norm(r)   |
____|___________________|____________|___________|
  0 |   -383.5051867165 | -6.394e-04 | 2.051e-04 |
____|___________________|____________|___________|
number of corr vectors=305
0 roots converged at step 3
maximum deviation from symmetric form - 9.072771e-13


Step 4
_________________________________________________
  n | E                 | dE         | norm(r)   |
____|___________________|____________|___________|
  0 |   -383.5052726332 | -8.592e-05 | 2.909e-05 |
____|___________________|____________|___________|
number of corr vectors=306
0 roots converged at step 4
maximum deviation from symmetric form - 2.196623e-12


Step 5
_________________________________________________
  n | E                 | dE         | norm(r)   |
____|___________________|____________|___________|
  0 |   -383.5052839277 | -1.129e-05 | 3.435e-06 |
____|___________________|____________|___________|
number of corr vectors=307
0 roots converged at step 5
maximum deviation from symmetric form - 9.865522e-12


Step 6
_________________________________________________
  n | E                 | dE         | norm(r)   |
____|___________________|____________|___________|
  0 |   -383.5052851406 | -1.213e-06 | 5.204e-07 |
____|___________________|____________|___________|
number of corr vectors=308
0 roots converged at step 6
maximum deviation from symmetric form - 3.708345e-11


Step 7
_________________________________________________
  n | E                 | dE         | norm(r)   |
____|___________________|____________|___________|
  0 |   -383.5052853392 | -1.985e-07 | 7.152e-08 |
____|___________________|____________|___________|
number of corr vectors=309
0 roots converged at step 7
maximum deviation from symmetric form - 6.988502e-11


Step 8
_________________________________________________
  n | E                 | dE         | norm(r)   |
____|___________________|____________|___________|
  0 |   -383.5052853730 | -3.387e-08 | 1.371e-08 |
____|___________________|____________|___________|
number of corr vectors=310
0 roots converged at step 8
maximum deviation from symmetric form - 3.679773e-10


Step 9
_________________________________________________
  n | E                 | dE         | norm(r)   |
____|___________________|____________|___________|
  0 |   -383.5052853798 | -6.732e-09 | 2.423e-09 |
____|___________________|____________|___________|
number of corr vectors=311
0 roots converged at step 9
maximum deviation from symmetric form - 5.910095e-10


Step 10
_________________________________________________
  n | E                 | dE         | norm(r)   |
____|___________________|____________|___________|
  0 |   -383.5052853807 | -9.472e-10 | 4.655e-10 |
____|___________________|____________|___________|
number of corr vectors=303
0 roots converged at step 10
maximum deviation from symmetric form - 7.654233e-10


Step 11
_________________________________________________
  n | E                 | dE         | norm(r)   |
____|___________________|____________|___________|
  0 |   -383.5052853810 | -2.543e-10 | 9.628e-11 |
____|___________________|____________|___________|
number of corr vectors=304
0 roots converged at step 11
maximum deviation from symmetric form - 2.352493e-09


Step 12
_________________________________________________
  n | E                 | dE         | norm(r)   |
____|___________________|____________|___________|
  0 |   -383.5052853810 | -3.831e-11 | 1.688e-11 |
____|___________________|____________|___________|
number of corr vectors=305
1 roots converged at step 12


CAS_CI WaveFunctions:

State 0  E  =    -383.5052853810 S^2 = 0.00:
 9.0069751221e-01  | 1111100000 | 1111100000
-1.2653972323e-01  | 1111010000 | 1111010000
-1.1543589377e-01  | 1110101000 | 1110101000
 8.4186988014e-02  | 1111001000 | 1110110000
 8.4186988014e-02  | 1110110000 | 1111001000
 7.2695269851e-02  | 1101110000 | 1111000100
 7.2695269851e-02  | 1111000100 | 1101110000
-7.2516320747e-02  | 1111100000 | 1110011000
-7.2516320747e-02  | 1110011000 | 1111100000
 6.9044860282e-02  | 1101100100 | 1111010000


Davidson diagonalization:
Time to step -    1.05339
Full time    -   14.49685
_______________________________________________________________________

DSRG-PT2 semicanonicalization: max |off-diagonal| Fock (C/A/V) = 2.160e-12
DSRG-PT2 RI orbital transformation:
Time to step -    0.30141
Full time    -   14.79826


===================== DSRG-PT2 energy summary (root 0) =====================

  Flow parameter s                   =  0.500000
  Reference energy E0                = -383.505285381194
  CAS energy (root 0)                = -383.505285381001

  Correlation energy breakdown:
    [Fr, T1]                         = -0.007397514005
    [Fr, T2]                         =  0.008334719296
    [Vr, T1]                         =  0.006693974146
    [Vr, T2] L1                      = -1.287217365571
    [Vr, T2] L2                      =  0.102997873604
    [Vr, T2] L3                      = -0.002159792598
      DF CCVV                        = -0.649431814265
      DF CAVV                        = -0.238918052082
      DF CCAV                        = -0.039408922143

  Correlation energy E(2)            = -1.178748105130
  Total DSRG-PT2 energy              = -384.684033486325
============================================================================

DSRG-PT2:
Time to step -   27.45601
Full time    -   42.25427


Calculation finished at: 23:01 (EEST), 04 August 2026 (Tuesday).
