
NonOrtogonal quantum chemistry and Perturbation Theory
                  NOPT version 3.4


sQM - standart QM module.

Compilation options:
1) linear algebra package - OpenBLAS
2) non-parallel BLAS matrix multiplication in the OMP parallel cycles

selected command  line options:
-i           naphtalene_DSRG_T_aldet.inp	 input file

Calculation started at: 23:02 (EEST), 04 August 2026 (Tuesday).

_______________________________________________________________________

Input file:

   0: $PAR NUM_THREADS=8 N_MOL=1 RHF=0 CAS=1 DSRG=1 D5=1 RI=1 NAME=naphtalene $PAREND
   1: $MOL
   2:  _CHARGE=0;
   3:  _BASIS=cc-pvdz;
   4:  _RI_BASIS=cc-pvdz-jkfit;
   5:  _UNITS= ang;
   6:  _xyz
   7: 18
   8: naphtalene from 10.1039/c5cp00214a
   9: C 0.000000  2.487805  0.681686
  10: C 0.000000  1.237994  1.400915
  11: C 0.000000  1.237994 -1.400915
  12: C 0.000000  0.000000  0.725252
  13: C 0.000000  2.487805 -0.681686
  14: C 0.000000  0.000000 -0.725252
  15: C 0.000000 -1.237994  1.400915
  16: C 0.000000 -2.487805  0.681686
  17: C 0.000000 -2.487805 -0.681686
  18: C 0.000000 -1.237994 -1.400915
  19: H 0.000000  3.419182  1.240611
  20: H 0.000000  1.246282  2.487572
  21: H 0.000000  3.419182 -1.240611
  22: H 0.000000 -1.246282 -2.487572
  23: H 0.000000  1.246282 -2.487572
  24: H 0.000000 -1.246282  2.487572
  25: H 0.000000 -3.419182  1.240611
  26: H 0.000000 -3.419182 -1.240611
  27: $act_space n_alp=5 n_bet=5 n_val=10 mult=3 p_n=10 reorder=1 orbitals=28,31,32,33,34,35,36,37,44,47; $end
  28: _MO INP=naphtalene_RHF_T.orb
  29: $END
  30: $CAS n_s=1 w_state=all_1; cisolver=aldet maxit=50 dE=1e-15 grad=1e-8 $END
  31: $dav dr=1E-14 de=1E-10 $end 
  32: $dsrg s=0.5 $end
_______________________________________________________________________



_____________________________Input_summary_____________________________


Number of threads:  8

Job name: naphtalene

Methods:
Restricted Hartree-Fock                          -     no 
Complete Active Space SCF                        -     yes
eXtended MultiConfiguration QuasiDegenerate PT   -     no 
Complete Degenerate Active Space PT              -     no 
Second order Moller-Plesset PT                   -     no 
State-specific DSRG-PT2                          -     yes
Settings:
D5                                               -     yes
Resolution of Identity                           -     yes
Spin-orbit                                       -     no 
Symmetry point group                             -     no(C1)
Printing:
dipole moment                                    -     yes
electron dispersion                              -     no 
quadrupole moment                                -     no 
Mulliken charges                                 -     no 
_______________________________________________________________________


Reading molecule:
-----------------------------------------------------------------------

WARNING: read_cl is blocked in the 3.0 version

                      units    = ang
                      charge   = 0
                      basis    = cc-pvdz (library)
                      RI basis = cc-pvdz-jkfit (library)
                      included   naphtalene_RHF_T.orb (orbitals)
WARNING:              Orbitals are reordered
                      Active space orbitals: 28 31 32 33 34 35 36 37 44 47
_______________________________________________________________________

Molecule structure (a.u.):
 ________________________________________________________________________________________
| Atom |    C    |     X     |     Y     |     Z     |   n_ecp   |     q     |    type   |
| _____|_________|___________|___________|___________|___________|___________|___________|
|  C   |     6   |     0.000 |     4.701 |     1.288 |           |           |    real   |
|  C   |     6   |     0.000 |     2.339 |     2.647 |           |           |    real   |
|  C   |     6   |     0.000 |     2.339 |    -2.647 |           |           |    real   |
|  C   |     6   |     0.000 |     0.000 |     1.371 |           |           |    real   |
|  C   |     6   |     0.000 |     4.701 |    -1.288 |           |           |    real   |
|  C   |     6   |     0.000 |     0.000 |    -1.371 |           |           |    real   |
|  C   |     6   |     0.000 |    -2.339 |     2.647 |           |           |    real   |
|  C   |     6   |     0.000 |    -4.701 |     1.288 |           |           |    real   |
|  C   |     6   |     0.000 |    -4.701 |    -1.288 |           |           |    real   |
|  C   |     6   |     0.000 |    -2.339 |    -2.647 |           |           |    real   |
|  H   |     1   |     0.000 |     6.461 |     2.344 |           |           |    real   |
|  H   |     1   |     0.000 |     2.355 |     4.701 |           |           |    real   |
|  H   |     1   |     0.000 |     6.461 |    -2.344 |           |           |    real   |
|  H   |     1   |     0.000 |    -2.355 |    -4.701 |           |           |    real   |
|  H   |     1   |     0.000 |     2.355 |    -4.701 |           |           |    real   |
|  H   |     1   |     0.000 |    -2.355 |     4.701 |           |           |    real   |
|  H   |     1   |     0.000 |    -6.461 |     2.344 |           |           |    real   |
|  H   |     1   |     0.000 |    -6.461 |    -2.344 |           |           |    real   |
| _____|_________|___________|___________|___________|___________|___________|___________|

Molecule contains 68 electrons

C - nuclear charge (a.u.)
q - additional (partial) charge (a.u.)
n_ecp - number of electrons frozen by ECP
X,Y,Z - cartesian coordinates (Bohr)



 Basis set information:

 ____________________________________________________________________________________
|     Atom     |    L    |       alpha       |         c         |       c(lib)      |
|______________|_________|___________________|___________________|___________________|
|   C (  0)    |         |                   |                   |                   |
|              |     0   |       6665.000000 |          0.363584 |          0.000692 |
|              |         |       1000.000000 |          0.674986 |          0.005329 |
|              |         |        228.000000 |          1.131620 |          0.027077 |
|              |         |         64.710000 |          1.653009 |          0.101718 |
|              |         |         21.060000 |          1.923821 |          0.274740 |
|              |         |          7.495000 |          1.447278 |          0.448564 |
|              |         |          2.797000 |          0.439163 |          0.285074 |
|              |         |          0.521500 |          0.006646 |          0.015204 |
|              |---------|-------------------|-------------------|-------------------|
|              |     0   |       6665.000000 |         -0.154180 |         -0.000146 |
|              |         |       1000.000000 |         -0.293785 |         -0.001154 |
|              |         |        228.000000 |         -0.480896 |         -0.005725 |
|              |         |         64.710000 |         -0.761434 |         -0.023312 |
|              |         |         21.060000 |         -0.900104 |         -0.063955 |
|              |         |          7.495000 |         -0.972611 |         -0.149981 |
|              |         |          2.797000 |         -0.394042 |         -0.127262 |
|              |         |          0.521500 |          0.478394 |          0.544529 |
|              |---------|-------------------|-------------------|-------------------|
|              |     0   |          0.159600 |          0.179964 |          1.000000 |
|              |---------|-------------------|-------------------|-------------------|
|              |     1   |          9.439000 |          1.343737 |          0.038109 |
|              |         |          2.002000 |          1.063168 |          0.209480 |
|              |         |          0.545600 |          0.508232 |          0.508557 |
|              |---------|-------------------|-------------------|-------------------|
|              |     1   |          0.151700 |          0.134950 |          1.000000 |
|              |---------|-------------------|-------------------|-------------------|
|              |     2   |          0.550000 |          0.578155 |          1.000000 |
|--------------|---------|-------------------|-------------------|-------------------|
|   C (  1)    |         |                   |                   |                   |
|              |     0   |       6665.000000 |          0.363584 |          0.000692 |
|              |         |       1000.000000 |          0.674986 |          0.005329 |
|              |         |        228.000000 |          1.131620 |          0.027077 |
|              |         |         64.710000 |          1.653009 |          0.101718 |
|              |         |         21.060000 |          1.923821 |          0.274740 |
|              |         |          7.495000 |          1.447278 |          0.448564 |
|              |         |          2.797000 |          0.439163 |          0.285074 |
|              |         |          0.521500 |          0.006646 |          0.015204 |
|              |---------|-------------------|-------------------|-------------------|
|              |     0   |       6665.000000 |         -0.154180 |         -0.000146 |
|              |         |       1000.000000 |         -0.293785 |         -0.001154 |
|              |         |        228.000000 |         -0.480896 |         -0.005725 |
|              |         |         64.710000 |         -0.761434 |         -0.023312 |
|              |         |         21.060000 |         -0.900104 |         -0.063955 |
|              |         |          7.495000 |         -0.972611 |         -0.149981 |
|              |         |          2.797000 |         -0.394042 |         -0.127262 |
|              |         |          0.521500 |          0.478394 |          0.544529 |
|              |---------|-------------------|-------------------|-------------------|
|              |     0   |          0.159600 |          0.179964 |          1.000000 |
|              |---------|-------------------|-------------------|-------------------|
|              |     1   |          9.439000 |          1.343737 |          0.038109 |
|              |         |          2.002000 |          1.063168 |          0.209480 |
|              |         |          0.545600 |          0.508232 |          0.508557 |
|              |---------|-------------------|-------------------|-------------------|
|              |     1   |          0.151700 |          0.134950 |          1.000000 |
|              |---------|-------------------|-------------------|-------------------|
|              |     2   |          0.550000 |          0.578155 |          1.000000 |
|--------------|---------|-------------------|-------------------|-------------------|
|   C (  2)    |         |                   |                   |                   |
|              |     0   |       6665.000000 |          0.363584 |          0.000692 |
|              |         |       1000.000000 |          0.674986 |          0.005329 |
|              |         |        228.000000 |          1.131620 |          0.027077 |
|              |         |         64.710000 |          1.653009 |          0.101718 |
|              |         |         21.060000 |          1.923821 |          0.274740 |
|              |         |          7.495000 |          1.447278 |          0.448564 |
|              |         |          2.797000 |          0.439163 |          0.285074 |
|              |         |          0.521500 |          0.006646 |          0.015204 |
|              |---------|-------------------|-------------------|-------------------|
|              |     0   |       6665.000000 |         -0.154180 |         -0.000146 |
|              |         |       1000.000000 |         -0.293785 |         -0.001154 |
|              |         |        228.000000 |         -0.480896 |         -0.005725 |
|              |         |         64.710000 |         -0.761434 |         -0.023312 |
|              |         |         21.060000 |         -0.900104 |         -0.063955 |
|              |         |          7.495000 |         -0.972611 |         -0.149981 |
|              |         |          2.797000 |         -0.394042 |         -0.127262 |
|              |         |          0.521500 |          0.478394 |          0.544529 |
|              |---------|-------------------|-------------------|-------------------|
|              |     0   |          0.159600 |          0.179964 |          1.000000 |
|              |---------|-------------------|-------------------|-------------------|
|              |     1   |          9.439000 |          1.343737 |          0.038109 |
|              |         |          2.002000 |          1.063168 |          0.209480 |
|              |         |          0.545600 |          0.508232 |          0.508557 |
|              |---------|-------------------|-------------------|-------------------|
|              |     1   |          0.151700 |          0.134950 |          1.000000 |
|              |---------|-------------------|-------------------|-------------------|
|              |     2   |          0.550000 |          0.578155 |          1.000000 |
|--------------|---------|-------------------|-------------------|-------------------|
|   C (  3)    |         |                   |                   |                   |
|              |     0   |       6665.000000 |          0.363584 |          0.000692 |
|              |         |       1000.000000 |          0.674986 |          0.005329 |
|              |         |        228.000000 |          1.131620 |          0.027077 |
|              |         |         64.710000 |          1.653009 |          0.101718 |
|              |         |         21.060000 |          1.923821 |          0.274740 |
|              |         |          7.495000 |          1.447278 |          0.448564 |
|              |         |          2.797000 |          0.439163 |          0.285074 |
|              |         |          0.521500 |          0.006646 |          0.015204 |
|              |---------|-------------------|-------------------|-------------------|
|              |     0   |       6665.000000 |         -0.154180 |         -0.000146 |
|              |         |       1000.000000 |         -0.293785 |         -0.001154 |
|              |         |        228.000000 |         -0.480896 |         -0.005725 |
|              |         |         64.710000 |         -0.761434 |         -0.023312 |
|              |         |         21.060000 |         -0.900104 |         -0.063955 |
|              |         |          7.495000 |         -0.972611 |         -0.149981 |
|              |         |          2.797000 |         -0.394042 |         -0.127262 |
|              |         |          0.521500 |          0.478394 |          0.544529 |
|              |---------|-------------------|-------------------|-------------------|
|              |     0   |          0.159600 |          0.179964 |          1.000000 |
|              |---------|-------------------|-------------------|-------------------|
|              |     1   |          9.439000 |          1.343737 |          0.038109 |
|              |         |          2.002000 |          1.063168 |          0.209480 |
|              |         |          0.545600 |          0.508232 |          0.508557 |
|              |---------|-------------------|-------------------|-------------------|
|              |     1   |          0.151700 |          0.134950 |          1.000000 |
|              |---------|-------------------|-------------------|-------------------|
|              |     2   |          0.550000 |          0.578155 |          1.000000 |
|--------------|---------|-------------------|-------------------|-------------------|
|   C (  4)    |         |                   |                   |                   |
|              |     0   |       6665.000000 |          0.363584 |          0.000692 |
|              |         |       1000.000000 |          0.674986 |          0.005329 |
|              |         |        228.000000 |          1.131620 |          0.027077 |
|              |         |         64.710000 |          1.653009 |          0.101718 |
|              |         |         21.060000 |          1.923821 |          0.274740 |
|              |         |          7.495000 |          1.447278 |          0.448564 |
|              |         |          2.797000 |          0.439163 |          0.285074 |
|              |         |          0.521500 |          0.006646 |          0.015204 |
|              |---------|-------------------|-------------------|-------------------|
|              |     0   |       6665.000000 |         -0.154180 |         -0.000146 |
|              |         |       1000.000000 |         -0.293785 |         -0.001154 |
|              |         |        228.000000 |         -0.480896 |         -0.005725 |
|              |         |         64.710000 |         -0.761434 |         -0.023312 |
|              |         |         21.060000 |         -0.900104 |         -0.063955 |
|              |         |          7.495000 |         -0.972611 |         -0.149981 |
|              |         |          2.797000 |         -0.394042 |         -0.127262 |
|              |         |          0.521500 |          0.478394 |          0.544529 |
|              |---------|-------------------|-------------------|-------------------|
|              |     0   |          0.159600 |          0.179964 |          1.000000 |
|              |---------|-------------------|-------------------|-------------------|
|              |     1   |          9.439000 |          1.343737 |          0.038109 |
|              |         |          2.002000 |          1.063168 |          0.209480 |
|              |         |          0.545600 |          0.508232 |          0.508557 |
|              |---------|-------------------|-------------------|-------------------|
|              |     1   |          0.151700 |          0.134950 |          1.000000 |
|              |---------|-------------------|-------------------|-------------------|
|              |     2   |          0.550000 |          0.578155 |          1.000000 |
|--------------|---------|-------------------|-------------------|-------------------|
|   C (  5)    |         |                   |                   |                   |
|              |     0   |       6665.000000 |          0.363584 |          0.000692 |
|              |         |       1000.000000 |          0.674986 |          0.005329 |
|              |         |        228.000000 |          1.131620 |          0.027077 |
|              |         |         64.710000 |          1.653009 |          0.101718 |
|              |         |         21.060000 |          1.923821 |          0.274740 |
|              |         |          7.495000 |          1.447278 |          0.448564 |
|              |         |          2.797000 |          0.439163 |          0.285074 |
|              |         |          0.521500 |          0.006646 |          0.015204 |
|              |---------|-------------------|-------------------|-------------------|
|              |     0   |       6665.000000 |         -0.154180 |         -0.000146 |
|              |         |       1000.000000 |         -0.293785 |         -0.001154 |
|              |         |        228.000000 |         -0.480896 |         -0.005725 |
|              |         |         64.710000 |         -0.761434 |         -0.023312 |
|              |         |         21.060000 |         -0.900104 |         -0.063955 |
|              |         |          7.495000 |         -0.972611 |         -0.149981 |
|              |         |          2.797000 |         -0.394042 |         -0.127262 |
|              |         |          0.521500 |          0.478394 |          0.544529 |
|              |---------|-------------------|-------------------|-------------------|
|              |     0   |          0.159600 |          0.179964 |          1.000000 |
|              |---------|-------------------|-------------------|-------------------|
|              |     1   |          9.439000 |          1.343737 |          0.038109 |
|              |         |          2.002000 |          1.063168 |          0.209480 |
|              |         |          0.545600 |          0.508232 |          0.508557 |
|              |---------|-------------------|-------------------|-------------------|
|              |     1   |          0.151700 |          0.134950 |          1.000000 |
|              |---------|-------------------|-------------------|-------------------|
|              |     2   |          0.550000 |          0.578155 |          1.000000 |
|--------------|---------|-------------------|-------------------|-------------------|
|   C (  6)    |         |                   |                   |                   |
|              |     0   |       6665.000000 |          0.363584 |          0.000692 |
|              |         |       1000.000000 |          0.674986 |          0.005329 |
|              |         |        228.000000 |          1.131620 |          0.027077 |
|              |         |         64.710000 |          1.653009 |          0.101718 |
|              |         |         21.060000 |          1.923821 |          0.274740 |
|              |         |          7.495000 |          1.447278 |          0.448564 |
|              |         |          2.797000 |          0.439163 |          0.285074 |
|              |         |          0.521500 |          0.006646 |          0.015204 |
|              |---------|-------------------|-------------------|-------------------|
|              |     0   |       6665.000000 |         -0.154180 |         -0.000146 |
|              |         |       1000.000000 |         -0.293785 |         -0.001154 |
|              |         |        228.000000 |         -0.480896 |         -0.005725 |
|              |         |         64.710000 |         -0.761434 |         -0.023312 |
|              |         |         21.060000 |         -0.900104 |         -0.063955 |
|              |         |          7.495000 |         -0.972611 |         -0.149981 |
|              |         |          2.797000 |         -0.394042 |         -0.127262 |
|              |         |          0.521500 |          0.478394 |          0.544529 |
|              |---------|-------------------|-------------------|-------------------|
|              |     0   |          0.159600 |          0.179964 |          1.000000 |
|              |---------|-------------------|-------------------|-------------------|
|              |     1   |          9.439000 |          1.343737 |          0.038109 |
|              |         |          2.002000 |          1.063168 |          0.209480 |
|              |         |          0.545600 |          0.508232 |          0.508557 |
|              |---------|-------------------|-------------------|-------------------|
|              |     1   |          0.151700 |          0.134950 |          1.000000 |
|              |---------|-------------------|-------------------|-------------------|
|              |     2   |          0.550000 |          0.578155 |          1.000000 |
|--------------|---------|-------------------|-------------------|-------------------|
|   C (  7)    |         |                   |                   |                   |
|              |     0   |       6665.000000 |          0.363584 |          0.000692 |
|              |         |       1000.000000 |          0.674986 |          0.005329 |
|              |         |        228.000000 |          1.131620 |          0.027077 |
|              |         |         64.710000 |          1.653009 |          0.101718 |
|              |         |         21.060000 |          1.923821 |          0.274740 |
|              |         |          7.495000 |          1.447278 |          0.448564 |
|              |         |          2.797000 |          0.439163 |          0.285074 |
|              |         |          0.521500 |          0.006646 |          0.015204 |
|              |---------|-------------------|-------------------|-------------------|
|              |     0   |       6665.000000 |         -0.154180 |         -0.000146 |
|              |         |       1000.000000 |         -0.293785 |         -0.001154 |
|              |         |        228.000000 |         -0.480896 |         -0.005725 |
|              |         |         64.710000 |         -0.761434 |         -0.023312 |
|              |         |         21.060000 |         -0.900104 |         -0.063955 |
|              |         |          7.495000 |         -0.972611 |         -0.149981 |
|              |         |          2.797000 |         -0.394042 |         -0.127262 |
|              |         |          0.521500 |          0.478394 |          0.544529 |
|              |---------|-------------------|-------------------|-------------------|
|              |     0   |          0.159600 |          0.179964 |          1.000000 |
|              |---------|-------------------|-------------------|-------------------|
|              |     1   |          9.439000 |          1.343737 |          0.038109 |
|              |         |          2.002000 |          1.063168 |          0.209480 |
|              |         |          0.545600 |          0.508232 |          0.508557 |
|              |---------|-------------------|-------------------|-------------------|
|              |     1   |          0.151700 |          0.134950 |          1.000000 |
|              |---------|-------------------|-------------------|-------------------|
|              |     2   |          0.550000 |          0.578155 |          1.000000 |
|--------------|---------|-------------------|-------------------|-------------------|
|   C (  8)    |         |                   |                   |                   |
|              |     0   |       6665.000000 |          0.363584 |          0.000692 |
|              |         |       1000.000000 |          0.674986 |          0.005329 |
|              |         |        228.000000 |          1.131620 |          0.027077 |
|              |         |         64.710000 |          1.653009 |          0.101718 |
|              |         |         21.060000 |          1.923821 |          0.274740 |
|              |         |          7.495000 |          1.447278 |          0.448564 |
|              |         |          2.797000 |          0.439163 |          0.285074 |
|              |         |          0.521500 |          0.006646 |          0.015204 |
|              |---------|-------------------|-------------------|-------------------|
|              |     0   |       6665.000000 |         -0.154180 |         -0.000146 |
|              |         |       1000.000000 |         -0.293785 |         -0.001154 |
|              |         |        228.000000 |         -0.480896 |         -0.005725 |
|              |         |         64.710000 |         -0.761434 |         -0.023312 |
|              |         |         21.060000 |         -0.900104 |         -0.063955 |
|              |         |          7.495000 |         -0.972611 |         -0.149981 |
|              |         |          2.797000 |         -0.394042 |         -0.127262 |
|              |         |          0.521500 |          0.478394 |          0.544529 |
|              |---------|-------------------|-------------------|-------------------|
|              |     0   |          0.159600 |          0.179964 |          1.000000 |
|              |---------|-------------------|-------------------|-------------------|
|              |     1   |          9.439000 |          1.343737 |          0.038109 |
|              |         |          2.002000 |          1.063168 |          0.209480 |
|              |         |          0.545600 |          0.508232 |          0.508557 |
|              |---------|-------------------|-------------------|-------------------|
|              |     1   |          0.151700 |          0.134950 |          1.000000 |
|              |---------|-------------------|-------------------|-------------------|
|              |     2   |          0.550000 |          0.578155 |          1.000000 |
|--------------|---------|-------------------|-------------------|-------------------|
|   C (  9)    |         |                   |                   |                   |
|              |     0   |       6665.000000 |          0.363584 |          0.000692 |
|              |         |       1000.000000 |          0.674986 |          0.005329 |
|              |         |        228.000000 |          1.131620 |          0.027077 |
|              |         |         64.710000 |          1.653009 |          0.101718 |
|              |         |         21.060000 |          1.923821 |          0.274740 |
|              |         |          7.495000 |          1.447278 |          0.448564 |
|              |         |          2.797000 |          0.439163 |          0.285074 |
|              |         |          0.521500 |          0.006646 |          0.015204 |
|              |---------|-------------------|-------------------|-------------------|
|              |     0   |       6665.000000 |         -0.154180 |         -0.000146 |
|              |         |       1000.000000 |         -0.293785 |         -0.001154 |
|              |         |        228.000000 |         -0.480896 |         -0.005725 |
|              |         |         64.710000 |         -0.761434 |         -0.023312 |
|              |         |         21.060000 |         -0.900104 |         -0.063955 |
|              |         |          7.495000 |         -0.972611 |         -0.149981 |
|              |         |          2.797000 |         -0.394042 |         -0.127262 |
|              |         |          0.521500 |          0.478394 |          0.544529 |
|              |---------|-------------------|-------------------|-------------------|
|              |     0   |          0.159600 |          0.179964 |          1.000000 |
|              |---------|-------------------|-------------------|-------------------|
|              |     1   |          9.439000 |          1.343737 |          0.038109 |
|              |         |          2.002000 |          1.063168 |          0.209480 |
|              |         |          0.545600 |          0.508232 |          0.508557 |
|              |---------|-------------------|-------------------|-------------------|
|              |     1   |          0.151700 |          0.134950 |          1.000000 |
|              |---------|-------------------|-------------------|-------------------|
|              |     2   |          0.550000 |          0.578155 |          1.000000 |
|--------------|---------|-------------------|-------------------|-------------------|
|   H ( 10)    |         |                   |                   |                   |
|              |     0   |         13.010000 |          0.163548 |          0.019685 |
|              |         |          1.962000 |          0.277418 |          0.137977 |
|              |         |          0.444600 |          0.315749 |          0.478148 |
|              |---------|-------------------|-------------------|-------------------|
|              |     0   |          0.122000 |          0.147123 |          1.000000 |
|              |---------|-------------------|-------------------|-------------------|
|              |     1   |          0.727000 |          0.956881 |          1.000000 |
|--------------|---------|-------------------|-------------------|-------------------|
|   H ( 11)    |         |                   |                   |                   |
|              |     0   |         13.010000 |          0.163548 |          0.019685 |
|              |         |          1.962000 |          0.277418 |          0.137977 |
|              |         |          0.444600 |          0.315749 |          0.478148 |
|              |---------|-------------------|-------------------|-------------------|
|              |     0   |          0.122000 |          0.147123 |          1.000000 |
|              |---------|-------------------|-------------------|-------------------|
|              |     1   |          0.727000 |          0.956881 |          1.000000 |
|--------------|---------|-------------------|-------------------|-------------------|
|   H ( 12)    |         |                   |                   |                   |
|              |     0   |         13.010000 |          0.163548 |          0.019685 |
|              |         |          1.962000 |          0.277418 |          0.137977 |
|              |         |          0.444600 |          0.315749 |          0.478148 |
|              |---------|-------------------|-------------------|-------------------|
|              |     0   |          0.122000 |          0.147123 |          1.000000 |
|              |---------|-------------------|-------------------|-------------------|
|              |     1   |          0.727000 |          0.956881 |          1.000000 |
|--------------|---------|-------------------|-------------------|-------------------|
|   H ( 13)    |         |                   |                   |                   |
|              |     0   |         13.010000 |          0.163548 |          0.019685 |
|              |         |          1.962000 |          0.277418 |          0.137977 |
|              |         |          0.444600 |          0.315749 |          0.478148 |
|              |---------|-------------------|-------------------|-------------------|
|              |     0   |          0.122000 |          0.147123 |          1.000000 |
|              |---------|-------------------|-------------------|-------------------|
|              |     1   |          0.727000 |          0.956881 |          1.000000 |
|--------------|---------|-------------------|-------------------|-------------------|
|   H ( 14)    |         |                   |                   |                   |
|              |     0   |         13.010000 |          0.163548 |          0.019685 |
|              |         |          1.962000 |          0.277418 |          0.137977 |
|              |         |          0.444600 |          0.315749 |          0.478148 |
|              |---------|-------------------|-------------------|-------------------|
|              |     0   |          0.122000 |          0.147123 |          1.000000 |
|              |---------|-------------------|-------------------|-------------------|
|              |     1   |          0.727000 |          0.956881 |          1.000000 |
|--------------|---------|-------------------|-------------------|-------------------|
|   H ( 15)    |         |                   |                   |                   |
|              |     0   |         13.010000 |          0.163548 |          0.019685 |
|              |         |          1.962000 |          0.277418 |          0.137977 |
|              |         |          0.444600 |          0.315749 |          0.478148 |
|              |---------|-------------------|-------------------|-------------------|
|              |     0   |          0.122000 |          0.147123 |          1.000000 |
|              |---------|-------------------|-------------------|-------------------|
|              |     1   |          0.727000 |          0.956881 |          1.000000 |
|--------------|---------|-------------------|-------------------|-------------------|
|   H ( 16)    |         |                   |                   |                   |
|              |     0   |         13.010000 |          0.163548 |          0.019685 |
|              |         |          1.962000 |          0.277418 |          0.137977 |
|              |         |          0.444600 |          0.315749 |          0.478148 |
|              |---------|-------------------|-------------------|-------------------|
|              |     0   |          0.122000 |          0.147123 |          1.000000 |
|              |---------|-------------------|-------------------|-------------------|
|              |     1   |          0.727000 |          0.956881 |          1.000000 |
|--------------|---------|-------------------|-------------------|-------------------|
|   H ( 17)    |         |                   |                   |                   |
|              |     0   |         13.010000 |          0.163548 |          0.019685 |
|              |         |          1.962000 |          0.277418 |          0.137977 |
|              |         |          0.444600 |          0.315749 |          0.478148 |
|              |---------|-------------------|-------------------|-------------------|
|              |     0   |          0.122000 |          0.147123 |          1.000000 |
|              |---------|-------------------|-------------------|-------------------|
|              |     1   |          0.727000 |          0.956881 |          1.000000 |
|______________|_________|___________________|___________________|___________________|



 RI basis set information:

 ____________________________________________________________________________________
|     Atom     |    L    |       alpha       |         c         |       c(lib)      |
|______________|_________|___________________|___________________|___________________|
|   C (  0)    |         |                   |                   |                   |
|              |     0   |       1113.986772 |        137.426383 |          1.000000 |
|              |---------|-------------------|-------------------|-------------------|
|              |     0   |        369.162342 |         60.023752 |          1.000000 |
|              |---------|-------------------|-------------------|-------------------|
|              |     0   |        121.792752 |         26.129204 |          1.000000 |
|              |---------|-------------------|-------------------|-------------------|
|              |     0   |         48.127115 |         13.022743 |          1.000000 |
|              |---------|-------------------|-------------------|-------------------|
|              |     0   |         20.365074 |          6.832420 |          1.000000 |
|              |---------|-------------------|-------------------|-------------------|
|              |     0   |          8.088360 |          3.418263 |          1.000000 |
|              |---------|-------------------|-------------------|-------------------|
|              |     0   |          2.506866 |          1.419902 |          1.000000 |
|              |---------|-------------------|-------------------|-------------------|
|              |     0   |          1.243854 |          0.839435 |          1.000000 |
|              |---------|-------------------|-------------------|-------------------|
|              |     0   |          0.484499 |          0.413885 |          1.000000 |
|              |---------|-------------------|-------------------|-------------------|
|              |     0   |          0.191852 |          0.206602 |          1.000000 |
|              |---------|-------------------|-------------------|-------------------|
|              |     1   |        102.991762 |        467.673972 |          1.000000 |
|              |---------|-------------------|-------------------|-------------------|
|              |     1   |         28.132594 |         92.353277 |          1.000000 |
|              |---------|-------------------|-------------------|-------------------|
|              |     1   |          9.836432 |         24.830592 |          1.000000 |
|              |---------|-------------------|-------------------|-------------------|
|              |     1   |          3.349054 |          6.457923 |          1.000000 |
|              |---------|-------------------|-------------------|-------------------|
|              |     1   |          1.494762 |          2.355890 |          1.000000 |
|              |---------|-------------------|-------------------|-------------------|
|              |     1   |          0.576901 |          0.716666 |          1.000000 |
|              |---------|-------------------|-------------------|-------------------|
|              |     1   |          0.203201 |          0.194467 |          1.000000 |
|              |---------|-------------------|-------------------|-------------------|
|              |     2   |         10.594068 |        102.392773 |          1.000000 |
|              |---------|-------------------|-------------------|-------------------|
|              |     2   |          3.599720 |         15.483874 |          1.000000 |
|              |---------|-------------------|-------------------|-------------------|
|              |     2   |          1.335569 |          2.731025 |          1.000000 |
|              |---------|-------------------|-------------------|-------------------|
|              |     2   |          0.519498 |          0.523216 |          1.000000 |
|              |---------|-------------------|-------------------|-------------------|
|              |     2   |          0.199541 |          0.098054 |          1.000000 |
|              |---------|-------------------|-------------------|-------------------|
|              |     3   |          1.194866 |          2.197470 |          1.000000 |
|              |---------|-------------------|-------------------|-------------------|
|              |     3   |          0.415866 |          0.204456 |          1.000000 |
|--------------|---------|-------------------|-------------------|-------------------|
|   C (  1)    |         |                   |                   |                   |
|              |     0   |       1113.986772 |        137.426383 |          1.000000 |
|              |---------|-------------------|-------------------|-------------------|
|              |     0   |        369.162342 |         60.023752 |          1.000000 |
|              |---------|-------------------|-------------------|-------------------|
|              |     0   |        121.792752 |         26.129204 |          1.000000 |
|              |---------|-------------------|-------------------|-------------------|
|              |     0   |         48.127115 |         13.022743 |          1.000000 |
|              |---------|-------------------|-------------------|-------------------|
|              |     0   |         20.365074 |          6.832420 |          1.000000 |
|              |---------|-------------------|-------------------|-------------------|
|              |     0   |          8.088360 |          3.418263 |          1.000000 |
|              |---------|-------------------|-------------------|-------------------|
|              |     0   |          2.506866 |          1.419902 |          1.000000 |
|              |---------|-------------------|-------------------|-------------------|
|              |     0   |          1.243854 |          0.839435 |          1.000000 |
|              |---------|-------------------|-------------------|-------------------|
|              |     0   |          0.484499 |          0.413885 |          1.000000 |
|              |---------|-------------------|-------------------|-------------------|
|              |     0   |          0.191852 |          0.206602 |          1.000000 |
|              |---------|-------------------|-------------------|-------------------|
|              |     1   |        102.991762 |        467.673972 |          1.000000 |
|              |---------|-------------------|-------------------|-------------------|
|              |     1   |         28.132594 |         92.353277 |          1.000000 |
|              |---------|-------------------|-------------------|-------------------|
|              |     1   |          9.836432 |         24.830592 |          1.000000 |
|              |---------|-------------------|-------------------|-------------------|
|              |     1   |          3.349054 |          6.457923 |          1.000000 |
|              |---------|-------------------|-------------------|-------------------|
|              |     1   |          1.494762 |          2.355890 |          1.000000 |
|              |---------|-------------------|-------------------|-------------------|
|              |     1   |          0.576901 |          0.716666 |          1.000000 |
|              |---------|-------------------|-------------------|-------------------|
|              |     1   |          0.203201 |          0.194467 |          1.000000 |
|              |---------|-------------------|-------------------|-------------------|
|              |     2   |         10.594068 |        102.392773 |          1.000000 |
|              |---------|-------------------|-------------------|-------------------|
|              |     2   |          3.599720 |         15.483874 |          1.000000 |
|              |---------|-------------------|-------------------|-------------------|
|              |     2   |          1.335569 |          2.731025 |          1.000000 |
|              |---------|-------------------|-------------------|-------------------|
|              |     2   |          0.519498 |          0.523216 |          1.000000 |
|              |---------|-------------------|-------------------|-------------------|
|              |     2   |          0.199541 |          0.098054 |          1.000000 |
|              |---------|-------------------|-------------------|-------------------|
|              |     3   |          1.194866 |          2.197470 |          1.000000 |
|              |---------|-------------------|-------------------|-------------------|
|              |     3   |          0.415866 |          0.204456 |          1.000000 |
|--------------|---------|-------------------|-------------------|-------------------|
|   C (  2)    |         |                   |                   |                   |
|              |     0   |       1113.986772 |        137.426383 |          1.000000 |
|              |---------|-------------------|-------------------|-------------------|
|              |     0   |        369.162342 |         60.023752 |          1.000000 |
|              |---------|-------------------|-------------------|-------------------|
|              |     0   |        121.792752 |         26.129204 |          1.000000 |
|              |---------|-------------------|-------------------|-------------------|
|              |     0   |         48.127115 |         13.022743 |          1.000000 |
|              |---------|-------------------|-------------------|-------------------|
|              |     0   |         20.365074 |          6.832420 |          1.000000 |
|              |---------|-------------------|-------------------|-------------------|
|              |     0   |          8.088360 |          3.418263 |          1.000000 |
|              |---------|-------------------|-------------------|-------------------|
|              |     0   |          2.506866 |          1.419902 |          1.000000 |
|              |---------|-------------------|-------------------|-------------------|
|              |     0   |          1.243854 |          0.839435 |          1.000000 |
|              |---------|-------------------|-------------------|-------------------|
|              |     0   |          0.484499 |          0.413885 |          1.000000 |
|              |---------|-------------------|-------------------|-------------------|
|              |     0   |          0.191852 |          0.206602 |          1.000000 |
|              |---------|-------------------|-------------------|-------------------|
|              |     1   |        102.991762 |        467.673972 |          1.000000 |
|              |---------|-------------------|-------------------|-------------------|
|              |     1   |         28.132594 |         92.353277 |          1.000000 |
|              |---------|-------------------|-------------------|-------------------|
|              |     1   |          9.836432 |         24.830592 |          1.000000 |
|              |---------|-------------------|-------------------|-------------------|
|              |     1   |          3.349054 |          6.457923 |          1.000000 |
|              |---------|-------------------|-------------------|-------------------|
|              |     1   |          1.494762 |          2.355890 |          1.000000 |
|              |---------|-------------------|-------------------|-------------------|
|              |     1   |          0.576901 |          0.716666 |          1.000000 |
|              |---------|-------------------|-------------------|-------------------|
|              |     1   |          0.203201 |          0.194467 |          1.000000 |
|              |---------|-------------------|-------------------|-------------------|
|              |     2   |         10.594068 |        102.392773 |          1.000000 |
|              |---------|-------------------|-------------------|-------------------|
|              |     2   |          3.599720 |         15.483874 |          1.000000 |
|              |---------|-------------------|-------------------|-------------------|
|              |     2   |          1.335569 |          2.731025 |          1.000000 |
|              |---------|-------------------|-------------------|-------------------|
|              |     2   |          0.519498 |          0.523216 |          1.000000 |
|              |---------|-------------------|-------------------|-------------------|
|              |     2   |          0.199541 |          0.098054 |          1.000000 |
|              |---------|-------------------|-------------------|-------------------|
|              |     3   |          1.194866 |          2.197470 |          1.000000 |
|              |---------|-------------------|-------------------|-------------------|
|              |     3   |          0.415866 |          0.204456 |          1.000000 |
|--------------|---------|-------------------|-------------------|-------------------|
|   C (  3)    |         |                   |                   |                   |
|              |     0   |       1113.986772 |        137.426383 |          1.000000 |
|              |---------|-------------------|-------------------|-------------------|
|              |     0   |        369.162342 |         60.023752 |          1.000000 |
|              |---------|-------------------|-------------------|-------------------|
|              |     0   |        121.792752 |         26.129204 |          1.000000 |
|              |---------|-------------------|-------------------|-------------------|
|              |     0   |         48.127115 |         13.022743 |          1.000000 |
|              |---------|-------------------|-------------------|-------------------|
|              |     0   |         20.365074 |          6.832420 |          1.000000 |
|              |---------|-------------------|-------------------|-------------------|
|              |     0   |          8.088360 |          3.418263 |          1.000000 |
|              |---------|-------------------|-------------------|-------------------|
|              |     0   |          2.506866 |          1.419902 |          1.000000 |
|              |---------|-------------------|-------------------|-------------------|
|              |     0   |          1.243854 |          0.839435 |          1.000000 |
|              |---------|-------------------|-------------------|-------------------|
|              |     0   |          0.484499 |          0.413885 |          1.000000 |
|              |---------|-------------------|-------------------|-------------------|
|              |     0   |          0.191852 |          0.206602 |          1.000000 |
|              |---------|-------------------|-------------------|-------------------|
|              |     1   |        102.991762 |        467.673972 |          1.000000 |
|              |---------|-------------------|-------------------|-------------------|
|              |     1   |         28.132594 |         92.353277 |          1.000000 |
|              |---------|-------------------|-------------------|-------------------|
|              |     1   |          9.836432 |         24.830592 |          1.000000 |
|              |---------|-------------------|-------------------|-------------------|
|              |     1   |          3.349054 |          6.457923 |          1.000000 |
|              |---------|-------------------|-------------------|-------------------|
|              |     1   |          1.494762 |          2.355890 |          1.000000 |
|              |---------|-------------------|-------------------|-------------------|
|              |     1   |          0.576901 |          0.716666 |          1.000000 |
|              |---------|-------------------|-------------------|-------------------|
|              |     1   |          0.203201 |          0.194467 |          1.000000 |
|              |---------|-------------------|-------------------|-------------------|
|              |     2   |         10.594068 |        102.392773 |          1.000000 |
|              |---------|-------------------|-------------------|-------------------|
|              |     2   |          3.599720 |         15.483874 |          1.000000 |
|              |---------|-------------------|-------------------|-------------------|
|              |     2   |          1.335569 |          2.731025 |          1.000000 |
|              |---------|-------------------|-------------------|-------------------|
|              |     2   |          0.519498 |          0.523216 |          1.000000 |
|              |---------|-------------------|-------------------|-------------------|
|              |     2   |          0.199541 |          0.098054 |          1.000000 |
|              |---------|-------------------|-------------------|-------------------|
|              |     3   |          1.194866 |          2.197470 |          1.000000 |
|              |---------|-------------------|-------------------|-------------------|
|              |     3   |          0.415866 |          0.204456 |          1.000000 |
|--------------|---------|-------------------|-------------------|-------------------|
|   C (  4)    |         |                   |                   |                   |
|              |     0   |       1113.986772 |        137.426383 |          1.000000 |
|              |---------|-------------------|-------------------|-------------------|
|              |     0   |        369.162342 |         60.023752 |          1.000000 |
|              |---------|-------------------|-------------------|-------------------|
|              |     0   |        121.792752 |         26.129204 |          1.000000 |
|              |---------|-------------------|-------------------|-------------------|
|              |     0   |         48.127115 |         13.022743 |          1.000000 |
|              |---------|-------------------|-------------------|-------------------|
|              |     0   |         20.365074 |          6.832420 |          1.000000 |
|              |---------|-------------------|-------------------|-------------------|
|              |     0   |          8.088360 |          3.418263 |          1.000000 |
|              |---------|-------------------|-------------------|-------------------|
|              |     0   |          2.506866 |          1.419902 |          1.000000 |
|              |---------|-------------------|-------------------|-------------------|
|              |     0   |          1.243854 |          0.839435 |          1.000000 |
|              |---------|-------------------|-------------------|-------------------|
|              |     0   |          0.484499 |          0.413885 |          1.000000 |
|              |---------|-------------------|-------------------|-------------------|
|              |     0   |          0.191852 |          0.206602 |          1.000000 |
|              |---------|-------------------|-------------------|-------------------|
|              |     1   |        102.991762 |        467.673972 |          1.000000 |
|              |---------|-------------------|-------------------|-------------------|
|              |     1   |         28.132594 |         92.353277 |          1.000000 |
|              |---------|-------------------|-------------------|-------------------|
|              |     1   |          9.836432 |         24.830592 |          1.000000 |
|              |---------|-------------------|-------------------|-------------------|
|              |     1   |          3.349054 |          6.457923 |          1.000000 |
|              |---------|-------------------|-------------------|-------------------|
|              |     1   |          1.494762 |          2.355890 |          1.000000 |
|              |---------|-------------------|-------------------|-------------------|
|              |     1   |          0.576901 |          0.716666 |          1.000000 |
|              |---------|-------------------|-------------------|-------------------|
|              |     1   |          0.203201 |          0.194467 |          1.000000 |
|              |---------|-------------------|-------------------|-------------------|
|              |     2   |         10.594068 |        102.392773 |          1.000000 |
|              |---------|-------------------|-------------------|-------------------|
|              |     2   |          3.599720 |         15.483874 |          1.000000 |
|              |---------|-------------------|-------------------|-------------------|
|              |     2   |          1.335569 |          2.731025 |          1.000000 |
|              |---------|-------------------|-------------------|-------------------|
|              |     2   |          0.519498 |          0.523216 |          1.000000 |
|              |---------|-------------------|-------------------|-------------------|
|              |     2   |          0.199541 |          0.098054 |          1.000000 |
|              |---------|-------------------|-------------------|-------------------|
|              |     3   |          1.194866 |          2.197470 |          1.000000 |
|              |---------|-------------------|-------------------|-------------------|
|              |     3   |          0.415866 |          0.204456 |          1.000000 |
|--------------|---------|-------------------|-------------------|-------------------|
|   C (  5)    |         |                   |                   |                   |
|              |     0   |       1113.986772 |        137.426383 |          1.000000 |
|              |---------|-------------------|-------------------|-------------------|
|              |     0   |        369.162342 |         60.023752 |          1.000000 |
|              |---------|-------------------|-------------------|-------------------|
|              |     0   |        121.792752 |         26.129204 |          1.000000 |
|              |---------|-------------------|-------------------|-------------------|
|              |     0   |         48.127115 |         13.022743 |          1.000000 |
|              |---------|-------------------|-------------------|-------------------|
|              |     0   |         20.365074 |          6.832420 |          1.000000 |
|              |---------|-------------------|-------------------|-------------------|
|              |     0   |          8.088360 |          3.418263 |          1.000000 |
|              |---------|-------------------|-------------------|-------------------|
|              |     0   |          2.506866 |          1.419902 |          1.000000 |
|              |---------|-------------------|-------------------|-------------------|
|              |     0   |          1.243854 |          0.839435 |          1.000000 |
|              |---------|-------------------|-------------------|-------------------|
|              |     0   |          0.484499 |          0.413885 |          1.000000 |
|              |---------|-------------------|-------------------|-------------------|
|              |     0   |          0.191852 |          0.206602 |          1.000000 |
|              |---------|-------------------|-------------------|-------------------|
|              |     1   |        102.991762 |        467.673972 |          1.000000 |
|              |---------|-------------------|-------------------|-------------------|
|              |     1   |         28.132594 |         92.353277 |          1.000000 |
|              |---------|-------------------|-------------------|-------------------|
|              |     1   |          9.836432 |         24.830592 |          1.000000 |
|              |---------|-------------------|-------------------|-------------------|
|              |     1   |          3.349054 |          6.457923 |          1.000000 |
|              |---------|-------------------|-------------------|-------------------|
|              |     1   |          1.494762 |          2.355890 |          1.000000 |
|              |---------|-------------------|-------------------|-------------------|
|              |     1   |          0.576901 |          0.716666 |          1.000000 |
|              |---------|-------------------|-------------------|-------------------|
|              |     1   |          0.203201 |          0.194467 |          1.000000 |
|              |---------|-------------------|-------------------|-------------------|
|              |     2   |         10.594068 |        102.392773 |          1.000000 |
|              |---------|-------------------|-------------------|-------------------|
|              |     2   |          3.599720 |         15.483874 |          1.000000 |
|              |---------|-------------------|-------------------|-------------------|
|              |     2   |          1.335569 |          2.731025 |          1.000000 |
|              |---------|-------------------|-------------------|-------------------|
|              |     2   |          0.519498 |          0.523216 |          1.000000 |
|              |---------|-------------------|-------------------|-------------------|
|              |     2   |          0.199541 |          0.098054 |          1.000000 |
|              |---------|-------------------|-------------------|-------------------|
|              |     3   |          1.194866 |          2.197470 |          1.000000 |
|              |---------|-------------------|-------------------|-------------------|
|              |     3   |          0.415866 |          0.204456 |          1.000000 |
|--------------|---------|-------------------|-------------------|-------------------|
|   C (  6)    |         |                   |                   |                   |
|              |     0   |       1113.986772 |        137.426383 |          1.000000 |
|              |---------|-------------------|-------------------|-------------------|
|              |     0   |        369.162342 |         60.023752 |          1.000000 |
|              |---------|-------------------|-------------------|-------------------|
|              |     0   |        121.792752 |         26.129204 |          1.000000 |
|              |---------|-------------------|-------------------|-------------------|
|              |     0   |         48.127115 |         13.022743 |          1.000000 |
|              |---------|-------------------|-------------------|-------------------|
|              |     0   |         20.365074 |          6.832420 |          1.000000 |
|              |---------|-------------------|-------------------|-------------------|
|              |     0   |          8.088360 |          3.418263 |          1.000000 |
|              |---------|-------------------|-------------------|-------------------|
|              |     0   |          2.506866 |          1.419902 |          1.000000 |
|              |---------|-------------------|-------------------|-------------------|
|              |     0   |          1.243854 |          0.839435 |          1.000000 |
|              |---------|-------------------|-------------------|-------------------|
|              |     0   |          0.484499 |          0.413885 |          1.000000 |
|              |---------|-------------------|-------------------|-------------------|
|              |     0   |          0.191852 |          0.206602 |          1.000000 |
|              |---------|-------------------|-------------------|-------------------|
|              |     1   |        102.991762 |        467.673972 |          1.000000 |
|              |---------|-------------------|-------------------|-------------------|
|              |     1   |         28.132594 |         92.353277 |          1.000000 |
|              |---------|-------------------|-------------------|-------------------|
|              |     1   |          9.836432 |         24.830592 |          1.000000 |
|              |---------|-------------------|-------------------|-------------------|
|              |     1   |          3.349054 |          6.457923 |          1.000000 |
|              |---------|-------------------|-------------------|-------------------|
|              |     1   |          1.494762 |          2.355890 |          1.000000 |
|              |---------|-------------------|-------------------|-------------------|
|              |     1   |          0.576901 |          0.716666 |          1.000000 |
|              |---------|-------------------|-------------------|-------------------|
|              |     1   |          0.203201 |          0.194467 |          1.000000 |
|              |---------|-------------------|-------------------|-------------------|
|              |     2   |         10.594068 |        102.392773 |          1.000000 |
|              |---------|-------------------|-------------------|-------------------|
|              |     2   |          3.599720 |         15.483874 |          1.000000 |
|              |---------|-------------------|-------------------|-------------------|
|              |     2   |          1.335569 |          2.731025 |          1.000000 |
|              |---------|-------------------|-------------------|-------------------|
|              |     2   |          0.519498 |          0.523216 |          1.000000 |
|              |---------|-------------------|-------------------|-------------------|
|              |     2   |          0.199541 |          0.098054 |          1.000000 |
|              |---------|-------------------|-------------------|-------------------|
|              |     3   |          1.194866 |          2.197470 |          1.000000 |
|              |---------|-------------------|-------------------|-------------------|
|              |     3   |          0.415866 |          0.204456 |          1.000000 |
|--------------|---------|-------------------|-------------------|-------------------|
|   C (  7)    |         |                   |                   |                   |
|              |     0   |       1113.986772 |        137.426383 |          1.000000 |
|              |---------|-------------------|-------------------|-------------------|
|              |     0   |        369.162342 |         60.023752 |          1.000000 |
|              |---------|-------------------|-------------------|-------------------|
|              |     0   |        121.792752 |         26.129204 |          1.000000 |
|              |---------|-------------------|-------------------|-------------------|
|              |     0   |         48.127115 |         13.022743 |          1.000000 |
|              |---------|-------------------|-------------------|-------------------|
|              |     0   |         20.365074 |          6.832420 |          1.000000 |
|              |---------|-------------------|-------------------|-------------------|
|              |     0   |          8.088360 |          3.418263 |          1.000000 |
|              |---------|-------------------|-------------------|-------------------|
|              |     0   |          2.506866 |          1.419902 |          1.000000 |
|              |---------|-------------------|-------------------|-------------------|
|              |     0   |          1.243854 |          0.839435 |          1.000000 |
|              |---------|-------------------|-------------------|-------------------|
|              |     0   |          0.484499 |          0.413885 |          1.000000 |
|              |---------|-------------------|-------------------|-------------------|
|              |     0   |          0.191852 |          0.206602 |          1.000000 |
|              |---------|-------------------|-------------------|-------------------|
|              |     1   |        102.991762 |        467.673972 |          1.000000 |
|              |---------|-------------------|-------------------|-------------------|
|              |     1   |         28.132594 |         92.353277 |          1.000000 |
|              |---------|-------------------|-------------------|-------------------|
|              |     1   |          9.836432 |         24.830592 |          1.000000 |
|              |---------|-------------------|-------------------|-------------------|
|              |     1   |          3.349054 |          6.457923 |          1.000000 |
|              |---------|-------------------|-------------------|-------------------|
|              |     1   |          1.494762 |          2.355890 |          1.000000 |
|              |---------|-------------------|-------------------|-------------------|
|              |     1   |          0.576901 |          0.716666 |          1.000000 |
|              |---------|-------------------|-------------------|-------------------|
|              |     1   |          0.203201 |          0.194467 |          1.000000 |
|              |---------|-------------------|-------------------|-------------------|
|              |     2   |         10.594068 |        102.392773 |          1.000000 |
|              |---------|-------------------|-------------------|-------------------|
|              |     2   |          3.599720 |         15.483874 |          1.000000 |
|              |---------|-------------------|-------------------|-------------------|
|              |     2   |          1.335569 |          2.731025 |          1.000000 |
|              |---------|-------------------|-------------------|-------------------|
|              |     2   |          0.519498 |          0.523216 |          1.000000 |
|              |---------|-------------------|-------------------|-------------------|
|              |     2   |          0.199541 |          0.098054 |          1.000000 |
|              |---------|-------------------|-------------------|-------------------|
|              |     3   |          1.194866 |          2.197470 |          1.000000 |
|              |---------|-------------------|-------------------|-------------------|
|              |     3   |          0.415866 |          0.204456 |          1.000000 |
|--------------|---------|-------------------|-------------------|-------------------|
|   C (  8)    |         |                   |                   |                   |
|              |     0   |       1113.986772 |        137.426383 |          1.000000 |
|              |---------|-------------------|-------------------|-------------------|
|              |     0   |        369.162342 |         60.023752 |          1.000000 |
|              |---------|-------------------|-------------------|-------------------|
|              |     0   |        121.792752 |         26.129204 |          1.000000 |
|              |---------|-------------------|-------------------|-------------------|
|              |     0   |         48.127115 |         13.022743 |          1.000000 |
|              |---------|-------------------|-------------------|-------------------|
|              |     0   |         20.365074 |          6.832420 |          1.000000 |
|              |---------|-------------------|-------------------|-------------------|
|              |     0   |          8.088360 |          3.418263 |          1.000000 |
|              |---------|-------------------|-------------------|-------------------|
|              |     0   |          2.506866 |          1.419902 |          1.000000 |
|              |---------|-------------------|-------------------|-------------------|
|              |     0   |          1.243854 |          0.839435 |          1.000000 |
|              |---------|-------------------|-------------------|-------------------|
|              |     0   |          0.484499 |          0.413885 |          1.000000 |
|              |---------|-------------------|-------------------|-------------------|
|              |     0   |          0.191852 |          0.206602 |          1.000000 |
|              |---------|-------------------|-------------------|-------------------|
|              |     1   |        102.991762 |        467.673972 |          1.000000 |
|              |---------|-------------------|-------------------|-------------------|
|              |     1   |         28.132594 |         92.353277 |          1.000000 |
|              |---------|-------------------|-------------------|-------------------|
|              |     1   |          9.836432 |         24.830592 |          1.000000 |
|              |---------|-------------------|-------------------|-------------------|
|              |     1   |          3.349054 |          6.457923 |          1.000000 |
|              |---------|-------------------|-------------------|-------------------|
|              |     1   |          1.494762 |          2.355890 |          1.000000 |
|              |---------|-------------------|-------------------|-------------------|
|              |     1   |          0.576901 |          0.716666 |          1.000000 |
|              |---------|-------------------|-------------------|-------------------|
|              |     1   |          0.203201 |          0.194467 |          1.000000 |
|              |---------|-------------------|-------------------|-------------------|
|              |     2   |         10.594068 |        102.392773 |          1.000000 |
|              |---------|-------------------|-------------------|-------------------|
|              |     2   |          3.599720 |         15.483874 |          1.000000 |
|              |---------|-------------------|-------------------|-------------------|
|              |     2   |          1.335569 |          2.731025 |          1.000000 |
|              |---------|-------------------|-------------------|-------------------|
|              |     2   |          0.519498 |          0.523216 |          1.000000 |
|              |---------|-------------------|-------------------|-------------------|
|              |     2   |          0.199541 |          0.098054 |          1.000000 |
|              |---------|-------------------|-------------------|-------------------|
|              |     3   |          1.194866 |          2.197470 |          1.000000 |
|              |---------|-------------------|-------------------|-------------------|
|              |     3   |          0.415866 |          0.204456 |          1.000000 |
|--------------|---------|-------------------|-------------------|-------------------|
|   C (  9)    |         |                   |                   |                   |
|              |     0   |       1113.986772 |        137.426383 |          1.000000 |
|              |---------|-------------------|-------------------|-------------------|
|              |     0   |        369.162342 |         60.023752 |          1.000000 |
|              |---------|-------------------|-------------------|-------------------|
|              |     0   |        121.792752 |         26.129204 |          1.000000 |
|              |---------|-------------------|-------------------|-------------------|
|              |     0   |         48.127115 |         13.022743 |          1.000000 |
|              |---------|-------------------|-------------------|-------------------|
|              |     0   |         20.365074 |          6.832420 |          1.000000 |
|              |---------|-------------------|-------------------|-------------------|
|              |     0   |          8.088360 |          3.418263 |          1.000000 |
|              |---------|-------------------|-------------------|-------------------|
|              |     0   |          2.506866 |          1.419902 |          1.000000 |
|              |---------|-------------------|-------------------|-------------------|
|              |     0   |          1.243854 |          0.839435 |          1.000000 |
|              |---------|-------------------|-------------------|-------------------|
|              |     0   |          0.484499 |          0.413885 |          1.000000 |
|              |---------|-------------------|-------------------|-------------------|
|              |     0   |          0.191852 |          0.206602 |          1.000000 |
|              |---------|-------------------|-------------------|-------------------|
|              |     1   |        102.991762 |        467.673972 |          1.000000 |
|              |---------|-------------------|-------------------|-------------------|
|              |     1   |         28.132594 |         92.353277 |          1.000000 |
|              |---------|-------------------|-------------------|-------------------|
|              |     1   |          9.836432 |         24.830592 |          1.000000 |
|              |---------|-------------------|-------------------|-------------------|
|              |     1   |          3.349054 |          6.457923 |          1.000000 |
|              |---------|-------------------|-------------------|-------------------|
|              |     1   |          1.494762 |          2.355890 |          1.000000 |
|              |---------|-------------------|-------------------|-------------------|
|              |     1   |          0.576901 |          0.716666 |          1.000000 |
|              |---------|-------------------|-------------------|-------------------|
|              |     1   |          0.203201 |          0.194467 |          1.000000 |
|              |---------|-------------------|-------------------|-------------------|
|              |     2   |         10.594068 |        102.392773 |          1.000000 |
|              |---------|-------------------|-------------------|-------------------|
|              |     2   |          3.599720 |         15.483874 |          1.000000 |
|              |---------|-------------------|-------------------|-------------------|
|              |     2   |          1.335569 |          2.731025 |          1.000000 |
|              |---------|-------------------|-------------------|-------------------|
|              |     2   |          0.519498 |          0.523216 |          1.000000 |
|              |---------|-------------------|-------------------|-------------------|
|              |     2   |          0.199541 |          0.098054 |          1.000000 |
|              |---------|-------------------|-------------------|-------------------|
|              |     3   |          1.194866 |          2.197470 |          1.000000 |
|              |---------|-------------------|-------------------|-------------------|
|              |     3   |          0.415866 |          0.204456 |          1.000000 |
|--------------|---------|-------------------|-------------------|-------------------|
|   H ( 10)    |         |                   |                   |                   |
|              |     0   |          9.530249 |          3.865790 |          1.000000 |
|              |---------|-------------------|-------------------|-------------------|
|              |     0   |          1.917451 |          1.161324 |          1.000000 |
|              |---------|-------------------|-------------------|-------------------|
|              |     0   |          0.684240 |          0.536187 |          1.000000 |
|              |---------|-------------------|-------------------|-------------------|
|              |     0   |          0.284133 |          0.277364 |          1.000000 |
|              |---------|-------------------|-------------------|-------------------|
|              |     1   |          2.913323 |          5.425327 |          1.000000 |
|              |---------|-------------------|-------------------|-------------------|
|              |     1   |          1.262121 |          1.906848 |          1.000000 |
|              |---------|-------------------|-------------------|-------------------|
|              |     1   |          0.501998 |          0.602306 |          1.000000 |
|              |---------|-------------------|-------------------|-------------------|
|              |     2   |          2.313533 |          7.143185 |          1.000000 |
|              |---------|-------------------|-------------------|-------------------|
|              |     2   |          0.712907 |          0.910369 |          1.000000 |
|--------------|---------|-------------------|-------------------|-------------------|
|   H ( 11)    |         |                   |                   |                   |
|              |     0   |          9.530249 |          3.865790 |          1.000000 |
|              |---------|-------------------|-------------------|-------------------|
|              |     0   |          1.917451 |          1.161324 |          1.000000 |
|              |---------|-------------------|-------------------|-------------------|
|              |     0   |          0.684240 |          0.536187 |          1.000000 |
|              |---------|-------------------|-------------------|-------------------|
|              |     0   |          0.284133 |          0.277364 |          1.000000 |
|              |---------|-------------------|-------------------|-------------------|
|              |     1   |          2.913323 |          5.425327 |          1.000000 |
|              |---------|-------------------|-------------------|-------------------|
|              |     1   |          1.262121 |          1.906848 |          1.000000 |
|              |---------|-------------------|-------------------|-------------------|
|              |     1   |          0.501998 |          0.602306 |          1.000000 |
|              |---------|-------------------|-------------------|-------------------|
|              |     2   |          2.313533 |          7.143185 |          1.000000 |
|              |---------|-------------------|-------------------|-------------------|
|              |     2   |          0.712907 |          0.910369 |          1.000000 |
|--------------|---------|-------------------|-------------------|-------------------|
|   H ( 12)    |         |                   |                   |                   |
|              |     0   |          9.530249 |          3.865790 |          1.000000 |
|              |---------|-------------------|-------------------|-------------------|
|              |     0   |          1.917451 |          1.161324 |          1.000000 |
|              |---------|-------------------|-------------------|-------------------|
|              |     0   |          0.684240 |          0.536187 |          1.000000 |
|              |---------|-------------------|-------------------|-------------------|
|              |     0   |          0.284133 |          0.277364 |          1.000000 |
|              |---------|-------------------|-------------------|-------------------|
|              |     1   |          2.913323 |          5.425327 |          1.000000 |
|              |---------|-------------------|-------------------|-------------------|
|              |     1   |          1.262121 |          1.906848 |          1.000000 |
|              |---------|-------------------|-------------------|-------------------|
|              |     1   |          0.501998 |          0.602306 |          1.000000 |
|              |---------|-------------------|-------------------|-------------------|
|              |     2   |          2.313533 |          7.143185 |          1.000000 |
|              |---------|-------------------|-------------------|-------------------|
|              |     2   |          0.712907 |          0.910369 |          1.000000 |
|--------------|---------|-------------------|-------------------|-------------------|
|   H ( 13)    |         |                   |                   |                   |
|              |     0   |          9.530249 |          3.865790 |          1.000000 |
|              |---------|-------------------|-------------------|-------------------|
|              |     0   |          1.917451 |          1.161324 |          1.000000 |
|              |---------|-------------------|-------------------|-------------------|
|              |     0   |          0.684240 |          0.536187 |          1.000000 |
|              |---------|-------------------|-------------------|-------------------|
|              |     0   |          0.284133 |          0.277364 |          1.000000 |
|              |---------|-------------------|-------------------|-------------------|
|              |     1   |          2.913323 |          5.425327 |          1.000000 |
|              |---------|-------------------|-------------------|-------------------|
|              |     1   |          1.262121 |          1.906848 |          1.000000 |
|              |---------|-------------------|-------------------|-------------------|
|              |     1   |          0.501998 |          0.602306 |          1.000000 |
|              |---------|-------------------|-------------------|-------------------|
|              |     2   |          2.313533 |          7.143185 |          1.000000 |
|              |---------|-------------------|-------------------|-------------------|
|              |     2   |          0.712907 |          0.910369 |          1.000000 |
|--------------|---------|-------------------|-------------------|-------------------|
|   H ( 14)    |         |                   |                   |                   |
|              |     0   |          9.530249 |          3.865790 |          1.000000 |
|              |---------|-------------------|-------------------|-------------------|
|              |     0   |          1.917451 |          1.161324 |          1.000000 |
|              |---------|-------------------|-------------------|-------------------|
|              |     0   |          0.684240 |          0.536187 |          1.000000 |
|              |---------|-------------------|-------------------|-------------------|
|              |     0   |          0.284133 |          0.277364 |          1.000000 |
|              |---------|-------------------|-------------------|-------------------|
|              |     1   |          2.913323 |          5.425327 |          1.000000 |
|              |---------|-------------------|-------------------|-------------------|
|              |     1   |          1.262121 |          1.906848 |          1.000000 |
|              |---------|-------------------|-------------------|-------------------|
|              |     1   |          0.501998 |          0.602306 |          1.000000 |
|              |---------|-------------------|-------------------|-------------------|
|              |     2   |          2.313533 |          7.143185 |          1.000000 |
|              |---------|-------------------|-------------------|-------------------|
|              |     2   |          0.712907 |          0.910369 |          1.000000 |
|--------------|---------|-------------------|-------------------|-------------------|
|   H ( 15)    |         |                   |                   |                   |
|              |     0   |          9.530249 |          3.865790 |          1.000000 |
|              |---------|-------------------|-------------------|-------------------|
|              |     0   |          1.917451 |          1.161324 |          1.000000 |
|              |---------|-------------------|-------------------|-------------------|
|              |     0   |          0.684240 |          0.536187 |          1.000000 |
|              |---------|-------------------|-------------------|-------------------|
|              |     0   |          0.284133 |          0.277364 |          1.000000 |
|              |---------|-------------------|-------------------|-------------------|
|              |     1   |          2.913323 |          5.425327 |          1.000000 |
|              |---------|-------------------|-------------------|-------------------|
|              |     1   |          1.262121 |          1.906848 |          1.000000 |
|              |---------|-------------------|-------------------|-------------------|
|              |     1   |          0.501998 |          0.602306 |          1.000000 |
|              |---------|-------------------|-------------------|-------------------|
|              |     2   |          2.313533 |          7.143185 |          1.000000 |
|              |---------|-------------------|-------------------|-------------------|
|              |     2   |          0.712907 |          0.910369 |          1.000000 |
|--------------|---------|-------------------|-------------------|-------------------|
|   H ( 16)    |         |                   |                   |                   |
|              |     0   |          9.530249 |          3.865790 |          1.000000 |
|              |---------|-------------------|-------------------|-------------------|
|              |     0   |          1.917451 |          1.161324 |          1.000000 |
|              |---------|-------------------|-------------------|-------------------|
|              |     0   |          0.684240 |          0.536187 |          1.000000 |
|              |---------|-------------------|-------------------|-------------------|
|              |     0   |          0.284133 |          0.277364 |          1.000000 |
|              |---------|-------------------|-------------------|-------------------|
|              |     1   |          2.913323 |          5.425327 |          1.000000 |
|              |---------|-------------------|-------------------|-------------------|
|              |     1   |          1.262121 |          1.906848 |          1.000000 |
|              |---------|-------------------|-------------------|-------------------|
|              |     1   |          0.501998 |          0.602306 |          1.000000 |
|              |---------|-------------------|-------------------|-------------------|
|              |     2   |          2.313533 |          7.143185 |          1.000000 |
|              |---------|-------------------|-------------------|-------------------|
|              |     2   |          0.712907 |          0.910369 |          1.000000 |
|--------------|---------|-------------------|-------------------|-------------------|
|   H ( 17)    |         |                   |                   |                   |
|              |     0   |          9.530249 |          3.865790 |          1.000000 |
|              |---------|-------------------|-------------------|-------------------|
|              |     0   |          1.917451 |          1.161324 |          1.000000 |
|              |---------|-------------------|-------------------|-------------------|
|              |     0   |          0.684240 |          0.536187 |          1.000000 |
|              |---------|-------------------|-------------------|-------------------|
|              |     0   |          0.284133 |          0.277364 |          1.000000 |
|              |---------|-------------------|-------------------|-------------------|
|              |     1   |          2.913323 |          5.425327 |          1.000000 |
|              |---------|-------------------|-------------------|-------------------|
|              |     1   |          1.262121 |          1.906848 |          1.000000 |
|              |---------|-------------------|-------------------|-------------------|
|              |     1   |          0.501998 |          0.602306 |          1.000000 |
|              |---------|-------------------|-------------------|-------------------|
|              |     2   |          2.313533 |          7.143185 |          1.000000 |
|              |---------|-------------------|-------------------|-------------------|
|              |     2   |          0.712907 |          0.910369 |          1.000000 |
|______________|_________|___________________|___________________|___________________|



 Pseudopotential information:

 ________________________________________________________________ 





Calculation of 1-el matrices:
Time to step -    0.39395
Full time    -    0.39395



______________________Starting_CASSCF_calculations_____________________

Number of states                  1
State multiplicity                3 (triplet)

Active space:
Number of alpha electrons         5
Number of beta  electrons         5
Number of active orbitals         10

Number of core orbitals:          29

Preparation of virtual orbitals:  yes
State tracking:                   no 
State averaging:
Weights:	all equal to 1

SCF settings:
Energy convergence:               1.000000e-15
Orbital gradient convergence:     1.000000e-08
Rotation matrix convergence :     1.000000e-07
Maximum number of iterations:     50
Maximum SOSCF step          :     1.000000e-01

CI solver:                        determinant CI (aldet)
Davidson diagonalization settings:
Number of correlation vectors:    10
Number of basis functions:        300
Maximum number of iterations:     250
Energy convergence:               1.000000e-10
Residue convergence:              1.000000e-14
Orthogonality cut-off:            1.000000e-08
Energy denominator shift:         3.000000e-02
Sparsed multiplication:           no

_______________________________________________________________________




RI integrals calculation:
Time to step -    0.41052
Full time    -    0.80447


____________________Starting_Davidson_diagonalization__________________


Step 0
_________________________________________________
  n | E                 | dE         | norm(r)   |
____|___________________|____________|___________|
  0 |   -383.3238235441 | -3.833e+02 | 3.815e-02 |
____|___________________|____________|___________|
number of corr vectors=301
0 roots converged at step 0
maximum deviation from symmetric form - 4.668046e-14


Step 1
_________________________________________________
  n | E                 | dE         | norm(r)   |
____|___________________|____________|___________|
  0 |   -383.3677850583 | -4.396e-02 | 6.055e-03 |
____|___________________|____________|___________|
number of corr vectors=303
0 roots converged at step 1
maximum deviation from symmetric form - 1.803546e-13


Step 2
_________________________________________________
  n | E                 | dE         | norm(r)   |
____|___________________|____________|___________|
  0 |   -383.3723223147 | -4.537e-03 | 1.040e-03 |
____|___________________|____________|___________|
number of corr vectors=304
0 roots converged at step 2
maximum deviation from symmetric form - 7.614980e-13


Step 3
_________________________________________________
  n | E                 | dE         | norm(r)   |
____|___________________|____________|___________|
  0 |   -383.3729493814 | -6.271e-04 | 1.628e-04 |
____|___________________|____________|___________|
number of corr vectors=305
0 roots converged at step 3
maximum deviation from symmetric form - 1.457765e-12


Step 4
_________________________________________________
  n | E                 | dE         | norm(r)   |
____|___________________|____________|___________|
  0 |   -383.3730380040 | -8.862e-05 | 2.407e-05 |
____|___________________|____________|___________|
number of corr vectors=306
0 roots converged at step 4
maximum deviation from symmetric form - 4.337081e-12


Step 5
_________________________________________________
  n | E                 | dE         | norm(r)   |
____|___________________|____________|___________|
  0 |   -383.3730503945 | -1.239e-05 | 3.310e-06 |
____|___________________|____________|___________|
number of corr vectors=307
0 roots converged at step 5
maximum deviation from symmetric form - 1.472835e-11


Step 6
_________________________________________________
  n | E                 | dE         | norm(r)   |
____|___________________|____________|___________|
  0 |   -383.3730521511 | -1.757e-06 | 5.451e-07 |
____|___________________|____________|___________|
number of corr vectors=308
0 roots converged at step 6
maximum deviation from symmetric form - 2.752483e-11


Step 7
_________________________________________________
  n | E                 | dE         | norm(r)   |
____|___________________|____________|___________|
  0 |   -383.3730524870 | -3.359e-07 | 1.223e-07 |
____|___________________|____________|___________|
number of corr vectors=309
0 roots converged at step 7
maximum deviation from symmetric form - 1.185288e-10


Step 8
_________________________________________________
  n | E                 | dE         | norm(r)   |
____|___________________|____________|___________|
  0 |   -383.3730525571 | -7.010e-08 | 2.458e-08 |
____|___________________|____________|___________|
number of corr vectors=310
0 roots converged at step 8
maximum deviation from symmetric form - 1.198213e-10


Step 9
_________________________________________________
  n | E                 | dE         | norm(r)   |
____|___________________|____________|___________|
  0 |   -383.3730525694 | -1.232e-08 | 3.187e-09 |
____|___________________|____________|___________|
number of corr vectors=311
0 roots converged at step 9
maximum deviation from symmetric form - 3.167564e-10


Step 10
_________________________________________________
  n | E                 | dE         | norm(r)   |
____|___________________|____________|___________|
  0 |   -383.3730525709 | -1.483e-09 | 6.301e-10 |
____|___________________|____________|___________|
number of corr vectors=303
0 roots converged at step 10
maximum deviation from symmetric form - 9.354252e-10


Step 11
_________________________________________________
  n | E                 | dE         | norm(r)   |
____|___________________|____________|___________|
  0 |   -383.3730525713 | -4.073e-10 | 1.307e-10 |
____|___________________|____________|___________|
number of corr vectors=304
0 roots converged at step 11
maximum deviation from symmetric form - 1.888998e-09


Step 12
_________________________________________________
  n | E                 | dE         | norm(r)   |
____|___________________|____________|___________|
  0 |   -383.3730525714 | -7.901e-11 | 2.636e-11 |
____|___________________|____________|___________|
number of corr vectors=305
1 roots converged at step 12


CAS_CI WaveFunctions:

State 0  E  =    -383.3730525714 S^2 = 2.00:
 6.1746785501e-01  | 1111100000 | 1111010000
-6.1746785501e-01  | 1111010000 | 1111100000
-1.5307094514e-01  | 1111100000 | 1101100100
 1.5307094514e-01  | 1101100100 | 1111100000
 9.9545080996e-02  | 1110101000 | 1111100000
-9.9545080996e-02  | 1111100000 | 1110101000
 8.0245716585e-02  | 1011100010 | 1111100000
-8.0245716585e-02  | 1111100000 | 1011100010
-6.3190741200e-02  | 1101010100 | 1111010000
 6.3190741200e-02  | 1111010000 | 1101010100


Davidson diagonalization:
Time to step -    1.04955
Full time    -    1.85402
_______________________________________________________________________
Primary CI and calculation canonical orbitals:
Time to step -    0.51015
Full time    -    2.36417


CAS_SCF density averaging:
__________________________________________
 State| E                 | S^2  | weight |
______|___________________|______|________|
    0 |   -383.3730525715 | 2.00 | 1.00   |
______|___________________|______|________|

Start CAS_SCF iterations
_________________________________________________________________________________
  N | E                 | dE         | LAG.ASYM. | ROT.STEP  | N_dav | sweep_dE  |
____|___________________|____________|___________|___________|_______|___________|
  0 |   -383.3730525715 | -3.834e+02 | 9.354e-02 | 1.000e+00 |  12   | 0.000e+00 |
 SOSCF is scaling rotation angle matrix Xmax=1.96863e-01                         |
  1 |   -383.3929510224 | -1.990e-02 | 6.600e-02 | 1.000e-01 |  10   | 0.000e+00 |
 SOSCF is scaling rotation angle matrix Xmax=2.55985e-01                         |
  2 |   -383.4047712853 | -1.182e-02 | 3.992e-02 | 1.000e-01 |   9   | 0.000e+00 |
  3 |   -383.4077866662 | -3.015e-03 | 3.790e-03 | 6.821e-02 |   9   | 0.000e+00 |
  4 |   -383.4078518148 | -6.515e-05 | 1.931e-03 | 1.104e-02 |   6   | 0.000e+00 |
  5 |   -383.4078582268 | -6.412e-06 | 2.619e-04 | 3.739e-03 |   5   | 0.000e+00 |
  6 |   -383.4078584507 | -2.238e-07 | 6.952e-05 | 6.884e-04 |   3   | 0.000e+00 |
  7 |   -383.4078584689 | -1.829e-08 | 1.853e-05 | 2.329e-04 |   2   | 0.000e+00 |
  8 |   -383.4078584702 | -1.236e-09 | 5.754e-06 | 4.964e-05 |   1   | 0.000e+00 |
  9 |   -383.4078584701 |  3.428e-11 | 1.269e-06 | 9.927e-06 |   1   | 0.000e+00 |
 10 |   -383.4078584700 |  1.370e-10 | 1.973e-07 | 1.637e-06 |   1   | 0.000e+00 |
 11 |   -383.4078584703 | -2.645e-10 | 6.210e-08 | 5.951e-07 |   1   | 0.000e+00 |
 12 |   -383.4078584702 |  1.203e-10 | 2.176e-08 | 2.511e-07 |   1   | 0.000e+00 |
 13 |   -383.4078584702 | -5.485e-11 | 3.021e-08 | 3.705e-07 |   1   | 0.000e+00 |
 14 |   -383.4078584701 |  9.129e-11 | 2.078e-08 | 1.896e-07 |   1   | 0.000e+00 |
____|___________________|____________|___________|___________|_______|___________|

Rotation matrix converged after 14 iterations

CAS_SCF iterations:
Time to step -   10.88881
Full time    -   13.25299
Preparation of canonical orbitals:
Time to step -    0.34977
Full time    -   13.60275
CAS_SCF WaveFunctions:

State 0  E  =    -383.4078584700 S^2 = 2.00:
 6.0625003097e-01  | 1111010000 | 1111100000
-6.0625003097e-01  | 1111100000 | 1111010000
-1.5578199064e-01  | 1101100100 | 1111100000
 1.5578199064e-01  | 1111100000 | 1101100100
-1.0526663610e-01  | 1110101000 | 1111100000
 1.0526663610e-01  | 1111100000 | 1110101000
-8.1433383827e-02  | 1011100010 | 1111100000
 8.1433383827e-02  | 1111100000 | 1011100010
 7.2813973309e-02  | 1101010100 | 1111010000
-7.2813973309e-02  | 1111010000 | 1101010100


CAS_SCF density averaging:
__________________________________________
 State| E                 | S^2  | weight |
______|___________________|______|________|
    0 |   -383.4078584700 | 2.00 | 1.00   |
______|___________________|______|________|


CAS_SCF Energy summary:
E[  0] = -383.4078584700


CAS_SCF Dipole moment:

d[  0,  0] = {-6.830118e-14,-1.406942e-11, 4.353649e-11} |d| = 4.575346e-11




Writing CAS_SCF canonical orbitals:
visualization file: naphtalene_CAS.out
data file         : naphtalene_CAS.orb

Writing CAS_SCF natural orbitals:
visualization file: naphtalene_CAS_NatOrb.out
data file         : naphtalene_CAS_NatOrb.orb

_______________________________________________________________________


CAS_SCF:
Time to step -    0.03794
Full time    -   13.64069



_____________________Starting_DSRG_PT2_calculation_____________________

Number of states                  1
Selected root (state-specific)    0
State multiplicity                3

Active space:
Number of alpha electrons         5
Number of beta  electrons         5
Number of active orbitals         10

Flow parameter s                  0.5
CCVV source                       normal
State averaging (sa)              off (state-specific)
Reference relaxation              none
_______________________________________________________________________




____________________Starting_Davidson_diagonalization__________________


Step 0
_________________________________________________
  n | E                 | dE         | norm(r)   |
____|___________________|____________|___________|
  0 |   -383.3366884340 | -3.833e+02 | 5.712e-02 |
____|___________________|____________|___________|
number of corr vectors=303
0 roots converged at step 0
maximum deviation from symmetric form - 3.500213e-14


Step 1
_________________________________________________
  n | E                 | dE         | norm(r)   |
____|___________________|____________|___________|
  0 |   -383.3989579292 | -6.227e-02 | 1.076e-02 |
____|___________________|____________|___________|
number of corr vectors=305
0 roots converged at step 1
maximum deviation from symmetric form - 1.041546e-13


Step 2
_________________________________________________
  n | E                 | dE         | norm(r)   |
____|___________________|____________|___________|
  0 |   -383.4064520726 | -7.494e-03 | 2.171e-03 |
____|___________________|____________|___________|
number of corr vectors=306
0 roots converged at step 2
maximum deviation from symmetric form - 3.407314e-13


Step 3
_________________________________________________
  n | E                 | dE         | norm(r)   |
____|___________________|____________|___________|
  0 |   -383.4076217274 | -1.170e-03 | 4.062e-04 |
____|___________________|____________|___________|
number of corr vectors=307
0 roots converged at step 3
maximum deviation from symmetric form - 6.891143e-13


Step 4
_________________________________________________
  n | E                 | dE         | norm(r)   |
____|___________________|____________|___________|
  0 |   -383.4078198748 | -1.981e-04 | 6.891e-05 |
____|___________________|____________|___________|
number of corr vectors=308
0 roots converged at step 4
maximum deviation from symmetric form - 3.160105e-12


Step 5
_________________________________________________
  n | E                 | dE         | norm(r)   |
____|___________________|____________|___________|
  0 |   -383.4078517688 | -3.189e-05 | 1.020e-05 |
____|___________________|____________|___________|
number of corr vectors=309
0 roots converged at step 5
maximum deviation from symmetric form - 6.021825e-12


Step 6
_________________________________________________
  n | E                 | dE         | norm(r)   |
____|___________________|____________|___________|
  0 |   -383.4078568159 | -5.047e-06 | 2.056e-06 |
____|___________________|____________|___________|
number of corr vectors=310
0 roots converged at step 6
maximum deviation from symmetric form - 9.326384e-11


Step 7
_________________________________________________
  n | E                 | dE         | norm(r)   |
____|___________________|____________|___________|
  0 |   -383.4078580418 | -1.226e-06 | 6.251e-07 |
____|___________________|____________|___________|
number of corr vectors=311
0 roots converged at step 7
maximum deviation from symmetric form - 9.326384e-11


Step 8
_________________________________________________
  n | E                 | dE         | norm(r)   |
____|___________________|____________|___________|
  0 |   -383.4078583870 | -3.451e-07 | 1.516e-07 |
____|___________________|____________|___________|
number of corr vectors=312
0 roots converged at step 8
maximum deviation from symmetric form - 7.114039e-10


Step 9
_________________________________________________
  n | E                 | dE         | norm(r)   |
____|___________________|____________|___________|
  0 |   -383.4078584571 | -7.011e-08 | 2.155e-08 |
____|___________________|____________|___________|
number of corr vectors=313
0 roots converged at step 9
maximum deviation from symmetric form - 1.442666e-09


Step 10
_________________________________________________
  n | E                 | dE         | norm(r)   |
____|___________________|____________|___________|
  0 |   -383.4078584662 | -9.113e-09 | 4.844e-09 |
____|___________________|____________|___________|
number of corr vectors=305
0 roots converged at step 10
maximum deviation from symmetric form - 1.442666e-09


Step 11
_________________________________________________
  n | E                 | dE         | norm(r)   |
____|___________________|____________|___________|
  0 |   -383.4078584691 | -2.904e-09 | 1.171e-09 |
____|___________________|____________|___________|
number of corr vectors=306
0 roots converged at step 11
maximum deviation from symmetric form - 2.310339e-09


Step 12
_________________________________________________
  n | E                 | dE         | norm(r)   |
____|___________________|____________|___________|
  0 |   -383.4078584698 | -6.876e-10 | 2.899e-10 |
____|___________________|____________|___________|
number of corr vectors=307
0 roots converged at step 12
maximum deviation from symmetric form - 2.306747e-08


Step 13
_________________________________________________
  n | E                 | dE         | norm(r)   |
____|___________________|____________|___________|
  0 |   -383.4078584699 | -1.730e-10 | 7.428e-11 |
____|___________________|____________|___________|
number of corr vectors=308
0 roots converged at step 13
maximum deviation from symmetric form - 2.306747e-08


Step 14
_________________________________________________
  n | E                 | dE         | norm(r)   |
____|___________________|____________|___________|
  0 |   -383.4078584700 | -3.928e-11 | 1.271e-11 |
____|___________________|____________|___________|
number of corr vectors=309
1 roots converged at step 14


CAS_CI WaveFunctions:

State 0  E  =    -383.4078584700 S^2 = 2.00:
 6.0625029062e-01  | 1111010000 | 1111100000
-6.0625029062e-01  | 1111100000 | 1111010000
 1.5578194102e-01  | 1111100000 | 1101100100
-1.5578194102e-01  | 1101100100 | 1111100000
-1.0526551987e-01  | 1110101000 | 1111100000
 1.0526551987e-01  | 1111100000 | 1110101000
 8.1433172300e-02  | 1111100000 | 1011100010
-8.1433172300e-02  | 1011100010 | 1111100000
 7.2813855344e-02  | 1101010100 | 1111010000
-7.2813855344e-02  | 1111010000 | 1101010100


Davidson diagonalization:
Time to step -    0.73194
Full time    -   14.37264
_______________________________________________________________________

DSRG-PT2 semicanonicalization: max |off-diagonal| Fock (C/A/V) = 1.042e-12
DSRG-PT2 RI orbital transformation:
Time to step -    0.20452
Full time    -   14.57715


===================== DSRG-PT2 energy summary (root 0) =====================

  Flow parameter s                   =  0.500000
  Reference energy E0                = -383.407858470509
  CAS energy (root 0)                = -383.407858469988

  Correlation energy breakdown:
    [Fr, T1]                         = -0.010133331063
    [Fr, T2]                         =  0.010695213293
    [Vr, T1]                         =  0.009658117354
    [Vr, T2] L1                      = -1.327905424342
    [Vr, T2] L2                      =  0.140081852443
    [Vr, T2] L3                      = -0.001711110032
      DF CCVV                        = -0.651069900055
      DF CAVV                        = -0.250694660347
      DF CCAV                        = -0.040634971561

  Correlation energy E(2)            = -1.179314682348
  Total DSRG-PT2 energy              = -384.587173152857
============================================================================

DSRG-PT2:
Time to step -   17.43509
Full time    -   32.01224


Calculation finished at: 23:02 (EEST), 04 August 2026 (Tuesday).
