
NonOrtogonal quantum chemistry and Perturbation Theory
                  NOPT version 3.4.2


sQM - standart QM module.

Compilation options:
1) linear algebra package - OpenBLAS
2) non-parallel BLAS matrix multiplication in the OMP parallel cycles

selected command  line options:
-i           start_CDAS_CaO_3_40_au.inp	 input file

Calculation started at: 20:58 (MSK), 21 August 2026 (Friday).

_______________________________________________________________________

Input file:

   0: $PAR NUM_THREADS=4 N_MOL=1 RHF=0 CAS=1 CDAS=1 D5=1 RI=1 NAME=CDAS_CaO_3_40_au $PAREND
   1:  $MOL
   2:  _CHARGE=0;
   3:  _BASIS=aug-cc-pvqz-PP.gbs;
   4:  _RI_BASIS=def2-qzvppd-rifit.gbs;
   5:  _UNITS= bohr;
   6:  _xyz INP=CaO_3_40_au.xyz 
   7:  $END
   8:  $act_space n_alp=4 n_bet=4 n_val=11 mult=1 p_n=10 reorder=0 orbitals=7 8 9 19 20 28 10 17 18 31 6; $end 
   9:  $VEC INP=CDAS_CaO_3_438_au_CAS.orb $end
  10: $CAS n_s=30 w_state=ir.rep; maxit=250 dE=-1e-12 grad=1e-6 p_cutoff=0.03 $END
  11: $RHF maxit=50 dE=1e-9 grad=1e-12 $END
  12: $dav n_bf=2000 max_iter=500 $END
  13: $CQD EDSHIFT=0.00 IPEA pt1_dipole=0 $END
  14: $PROP DIPOLE=1 DISP=0 MULLIKEN=0 QUAD=0 $END
  15: $symm group=linear $end
  16: $W_STATE
  17:     Lambda = 1         w_state = 1 1 1 1 1 1;     mult=1;
  18: $END
  19: 
_______________________________________________________________________



_____________________________Input_summary_____________________________


Number of threads:  4

Job name: CDAS_CaO_3_40_au

Methods:
Restricted Hartree-Fock                          -     no 
Complete Active Space SCF                        -     yes
eXtended MultiConfiguration QuasiDegenerate PT   -     no 
Complete Degenerate Active Space PT              -     yes
Second order Moller-Plesset PT                   -     no 
State-specific DSRG-PT2                          -     no 
Settings:
D5                                               -     yes
Resolution of Identity                           -     yes
Spin-orbit                                       -     no 
Symmetry point group                             -     linear
Printing:
dipole moment                                    -     yes
electron dispersion                              -     no 
quadrupole moment                                -     no 
Mulliken charges                                 -     no 
_______________________________________________________________________


Reading molecule:
-----------------------------------------------------------------------
                      included   CaO_3_40_au.xyz (geometry)

WARNING: read_cl is blocked in the 3.0 version

                      units    = bohr
                      charge   = 0
                      basis    = aug-cc-pvqz-PP.gbs (current folder)
                      RI basis = def2-qzvppd-rifit.gbs (current folder)
                      included   CDAS_CaO_3_438_au_CAS.orb (orbitals)
_______________________________________________________________________

Molecule structure (a.u.):
 ________________________________________________________________________________________
| Atom |    C    |     X     |     Y     |     Z     |   n_ecp   |     q     |    type   |
| _____|_________|___________|___________|___________|___________|___________|___________|
|  Ca  |    20   |     0.000 |     0.000 |     0.000 |      10   |           |    real   |
|  O   |     8   |     0.000 |     0.000 |     3.400 |           |           |    real   |
|  Q   |         |     0.000 |     0.000 |    -1.990 |           |           |    ghost  |
| _____|_________|___________|___________|___________|___________|___________|___________|

LINEAR symmetry point group is used

Molecule contains 18 electrons

C - nuclear charge (a.u.)
q - additional (partial) charge (a.u.)
n_ecp - number of electrons frozen by ECP
X,Y,Z - cartesian coordinates (Bohr)



 Basis set information:

 ____________________________________________________________________________________
|     Atom     |    L    |       alpha       |         c         |       c(lib)      |
|______________|_________|___________________|___________________|___________________|
|   Ca(  0)    |         |                   |                   |                   |
|              |     0   |       1053.290000 |          0.008433 |          0.000064 |
|              |         |        194.104000 |          0.010340 |          0.000279 |
|              |         |         37.981300 |          0.030771 |          0.002822 |
|              |         |         20.499500 |         -0.219231 |         -0.031929 |
|              |         |         12.800100 |          0.634277 |          0.131510 |
|              |         |          7.687350 |         -0.220523 |         -0.067021 |
|              |         |          4.669840 |         -0.643625 |         -0.284280 |
|              |         |          2.916910 |         -0.240711 |         -0.151319 |
|              |         |          1.147940 |          0.324575 |          0.410644 |
|              |         |          0.597353 |          0.291072 |          0.601059 |
|              |         |          0.299840 |          0.069215 |          0.239675 |
|              |         |          0.087500 |          0.000919 |          0.008017 |
|              |         |          0.042030 |         -0.000179 |         -0.002703 |
|              |         |          0.019731 |          0.000024 |          0.000642 |
|              |---------|-------------------|-------------------|-------------------|
|              |     0   |       1053.290000 |         -0.002240 |         -0.000017 |
|              |         |        194.104000 |         -0.002891 |         -0.000078 |
|              |         |         37.981300 |         -0.007175 |         -0.000658 |
|              |         |         20.499500 |          0.053557 |          0.007800 |
|              |         |         12.800100 |         -0.162744 |         -0.033743 |
|              |         |          7.687350 |          0.056877 |          0.017286 |
|              |         |          4.669840 |          0.183828 |          0.081194 |
|              |         |          2.916910 |          0.059259 |          0.037252 |
|              |         |          1.147940 |         -0.095610 |         -0.120963 |
|              |         |          0.597353 |         -0.119387 |         -0.246532 |
|              |         |          0.299840 |         -0.066359 |         -0.229787 |
|              |         |          0.087500 |          0.041546 |          0.362333 |
|              |         |          0.042030 |          0.041197 |          0.622708 |
|              |         |          0.019731 |          0.007927 |          0.211263 |
|              |---------|-------------------|-------------------|-------------------|
|              |     0   |          0.299840 |          0.288787 |          1.000000 |
|              |---------|-------------------|-------------------|-------------------|
|              |     0   |          0.087500 |          0.114661 |          1.000000 |
|              |---------|-------------------|-------------------|-------------------|
|              |     0   |          0.042030 |          0.066158 |          1.000000 |
|              |---------|-------------------|-------------------|-------------------|
|              |     0   |          0.019731 |          0.037521 |          1.000000 |
|              |---------|-------------------|-------------------|-------------------|
|              |     0   |          0.009300 |          0.021344 |          1.000000 |
|              |---------|-------------------|-------------------|-------------------|
|              |     1   |        131.258000 |          0.146288 |          0.000231 |
|              |         |         22.948800 |          0.318818 |          0.004453 |
|              |         |          9.644820 |         -0.706230 |         -0.029150 |
|              |         |          5.508070 |         -0.406747 |         -0.033817 |
|              |         |          1.749170 |          0.644977 |          0.224939 |
|              |         |          0.901577 |          0.513132 |          0.409766 |
|              |         |          0.458451 |          0.191879 |          0.356838 |
|              |         |          0.228266 |          0.028358 |          0.126089 |
|              |         |          0.092361 |          0.000816 |          0.011240 |
|              |         |          0.041625 |         -0.000006 |         -0.000227 |
|              |         |          0.018573 |          0.000003 |          0.000283 |
|              |---------|-------------------|-------------------|-------------------|
|              |     1   |        131.258000 |         -0.033564 |         -0.000053 |
|              |         |         22.948800 |         -0.073100 |         -0.001021 |
|              |         |          9.644820 |          0.167072 |          0.006896 |
|              |         |          5.508070 |          0.086901 |          0.007225 |
|              |         |          1.749170 |         -0.165971 |         -0.057883 |
|              |         |          0.901577 |         -0.120339 |         -0.096098 |
|              |         |          0.458451 |         -0.064196 |         -0.119386 |
|              |         |          0.228266 |         -0.005934 |         -0.026384 |
|              |         |          0.092361 |          0.024689 |          0.340177 |
|              |         |          0.041625 |          0.015154 |          0.565451 |
|              |         |          0.018573 |          0.002110 |          0.215920 |
|              |---------|-------------------|-------------------|-------------------|
|              |     1   |          0.092361 |          0.072577 |          1.000000 |
|              |---------|-------------------|-------------------|-------------------|
|              |     1   |          0.041625 |          0.026800 |          1.000000 |
|              |---------|-------------------|-------------------|-------------------|
|              |     1   |          0.018573 |          0.009773 |          1.000000 |
|              |---------|-------------------|-------------------|-------------------|
|              |     1   |          0.008300 |          0.003571 |          1.000000 |
|              |---------|-------------------|-------------------|-------------------|
|              |     2   |         18.266100 |          2.800618 |          0.010543 |
|              |         |          5.790670 |          1.855301 |          0.052147 |
|              |         |          2.052880 |          0.835462 |          0.144172 |
|              |         |          0.757134 |          0.250430 |          0.247585 |
|              |         |          0.267718 |          0.054612 |          0.332997 |
|              |         |          0.091527 |          0.010159 |          0.405250 |
|              |         |          0.030733 |          0.000995 |          0.267929 |
|              |---------|-------------------|-------------------|-------------------|
|              |     2   |          0.267718 |          0.164001 |          1.000000 |
|              |---------|-------------------|-------------------|-------------------|
|              |     2   |          0.091527 |          0.025068 |          1.000000 |
|              |---------|-------------------|-------------------|-------------------|
|              |     2   |          0.030733 |          0.003713 |          1.000000 |
|              |---------|-------------------|-------------------|-------------------|
|              |     2   |          0.012300 |          0.000748 |          1.000000 |
|              |---------|-------------------|-------------------|-------------------|
|              |     3   |          0.501100 |          0.311017 |          1.000000 |
|              |---------|-------------------|-------------------|-------------------|
|              |     3   |          0.116000 |          0.011561 |          1.000000 |
|              |---------|-------------------|-------------------|-------------------|
|              |     3   |          0.046400 |          0.001471 |          1.000000 |
|              |---------|-------------------|-------------------|-------------------|
|              |     4   |          0.143100 |          0.005302 |          1.000000 |
|              |---------|-------------------|-------------------|-------------------|
|              |     4   |          0.057200 |          0.000426 |          1.000000 |
|--------------|---------|-------------------|-------------------|-------------------|
|   O (  1)    |         |                   |                   |                   |
|              |     0   |      61420.000000 |          0.250256 |          0.000090 |
|              |         |       9199.000000 |          0.467274 |          0.000698 |
|              |         |       2091.000000 |          0.807479 |          0.003664 |
|              |         |        590.900000 |          1.299881 |          0.015218 |
|              |         |        192.300000 |          1.929375 |          0.052423 |
|              |         |         69.320000 |          2.498458 |          0.145921 |
|              |         |         26.970000 |          2.574768 |          0.305258 |
|              |         |         11.100000 |          1.727188 |          0.398508 |
|              |         |          4.682000 |          0.492214 |          0.216980 |
|              |         |          1.428000 |          0.016380 |          0.017594 |
|              |         |          0.554700 |         -0.001146 |         -0.002502 |
|              |         |          0.206700 |          0.000208 |          0.000954 |
|              |---------|-------------------|-------------------|-------------------|
|              |     0   |      61420.000000 |         -0.055613 |         -0.000020 |
|              |         |       9199.000000 |         -0.106442 |         -0.000159 |
|              |         |       2091.000000 |         -0.182696 |         -0.000829 |
|              |         |        590.900000 |         -0.299644 |         -0.003508 |
|              |         |        192.300000 |         -0.447389 |         -0.012156 |
|              |         |         69.320000 |         -0.620860 |         -0.036261 |
|              |         |         26.970000 |         -0.700015 |         -0.082992 |
|              |         |         11.100000 |         -0.659178 |         -0.152090 |
|              |         |          4.682000 |         -0.261625 |         -0.115331 |
|              |         |          1.428000 |          0.269044 |          0.288979 |
|              |         |          0.554700 |          0.268501 |          0.586128 |
|              |         |          0.206700 |          0.060656 |          0.277624 |
|              |---------|-------------------|-------------------|-------------------|
|              |     0   |          1.428000 |          0.931014 |          1.000000 |
|              |---------|-------------------|-------------------|-------------------|
|              |     0   |          0.554700 |          0.458093 |          1.000000 |
|              |---------|-------------------|-------------------|-------------------|
|              |     0   |          0.206700 |          0.218482 |          1.000000 |
|              |---------|-------------------|-------------------|-------------------|
|              |     0   |          0.069590 |          0.096565 |          1.000000 |
|              |---------|-------------------|-------------------|-------------------|
|              |     1   |         63.420000 |          1.541868 |          0.006044 |
|              |         |         14.660000 |          1.709122 |          0.041799 |
|              |         |          4.459000 |          1.488326 |          0.161143 |
|              |         |          1.531000 |          0.865964 |          0.356731 |
|              |         |          0.530200 |          0.289113 |          0.448309 |
|              |         |          0.175000 |          0.039518 |          0.244940 |
|              |---------|-------------------|-------------------|-------------------|
|              |     1   |          1.531000 |          2.427499 |          1.000000 |
|              |---------|-------------------|-------------------|-------------------|
|              |     1   |          0.530200 |          0.644896 |          1.000000 |
|              |---------|-------------------|-------------------|-------------------|
|              |     1   |          0.175000 |          0.161338 |          1.000000 |
|              |---------|-------------------|-------------------|-------------------|
|              |     1   |          0.053480 |          0.036659 |          1.000000 |
|              |---------|-------------------|-------------------|-------------------|
|              |     2   |          3.775000 |         16.827288 |          1.000000 |
|              |---------|-------------------|-------------------|-------------------|
|              |     2   |          1.300000 |          2.605016 |          1.000000 |
|              |---------|-------------------|-------------------|-------------------|
|              |     2   |          0.444000 |          0.397493 |          1.000000 |
|              |---------|-------------------|-------------------|-------------------|
|              |     2   |          0.154000 |          0.062312 |          1.000000 |
|              |---------|-------------------|-------------------|-------------------|
|              |     3   |          2.666000 |         13.370258 |          1.000000 |
|              |---------|-------------------|-------------------|-------------------|
|              |     3   |          0.859000 |          1.045777 |          1.000000 |
|              |---------|-------------------|-------------------|-------------------|
|              |     3   |          0.324000 |          0.116595 |          1.000000 |
|              |---------|-------------------|-------------------|-------------------|
|              |     4   |          1.846000 |          6.005824 |          1.000000 |
|              |---------|-------------------|-------------------|-------------------|
|              |     4   |          0.714000 |          0.440662 |          1.000000 |
|--------------|---------|-------------------|-------------------|-------------------|
|   Q (  2)    |         |                   |                   |                   |
|______________|_________|___________________|___________________|___________________|



 RI basis set information:

 ____________________________________________________________________________________
|     Atom     |    L    |       alpha       |         c         |       c(lib)      |
|______________|_________|___________________|___________________|___________________|
|   Ca(  0)    |         |                   |                   |                   |
|              |     0   |       1090.370000 |        135.235438 |          1.000000 |
|              |---------|-------------------|-------------------|-------------------|
|              |     0   |        160.219000 |         32.095608 |          1.000000 |
|              |---------|-------------------|-------------------|-------------------|
|              |     0   |         71.713100 |         17.563415 |          1.000000 |
|              |---------|-------------------|-------------------|-------------------|
|              |     0   |         28.986900 |          8.903513 |          1.000000 |
|              |---------|-------------------|-------------------|-------------------|
|              |     0   |         13.546700 |          5.032517 |          1.000000 |
|              |---------|-------------------|-------------------|-------------------|
|              |     0   |          7.504220 |          3.231389 |          1.000000 |
|              |---------|-------------------|-------------------|-------------------|
|              |     0   |          5.310350 |          2.493173 |          1.000000 |
|              |---------|-------------------|-------------------|-------------------|
|              |     0   |          2.723590 |          1.511007 |          1.000000 |
|              |---------|-------------------|-------------------|-------------------|
|              |     0   |          1.437750 |          0.935778 |          1.000000 |
|              |---------|-------------------|-------------------|-------------------|
|              |     0   |          0.694726 |          0.542338 |          1.000000 |
|              |---------|-------------------|-------------------|-------------------|
|              |     0   |          0.392688 |          0.353546 |          1.000000 |
|              |---------|-------------------|-------------------|-------------------|
|              |     0   |          0.161123 |          0.181250 |          1.000000 |
|              |---------|-------------------|-------------------|-------------------|
|              |     0   |          0.083347 |          0.110555 |          1.000000 |
|              |---------|-------------------|-------------------|-------------------|
|              |     0   |          0.045612 |          0.070343 |          1.000000 |
|              |---------|-------------------|-------------------|-------------------|
|              |     1   |         87.516500 |        381.550928 |          1.000000 |
|              |---------|-------------------|-------------------|-------------------|
|              |     1   |         46.795300 |        174.458801 |          1.000000 |
|              |---------|-------------------|-------------------|-------------------|
|              |     1   |         21.840700 |         67.301273 |          1.000000 |
|              |---------|-------------------|-------------------|-------------------|
|              |     1   |          8.602000 |         20.998554 |          1.000000 |
|              |---------|-------------------|-------------------|-------------------|
|              |     1   |          4.829160 |         10.204215 |          1.000000 |
|              |---------|-------------------|-------------------|-------------------|
|              |     1   |          2.709010 |          4.953970 |          1.000000 |
|              |---------|-------------------|-------------------|-------------------|
|              |     1   |          1.624690 |          2.614588 |          1.000000 |
|              |---------|-------------------|-------------------|-------------------|
|              |     1   |          0.755232 |          1.003554 |          1.000000 |
|              |---------|-------------------|-------------------|-------------------|
|              |     1   |          0.414473 |          0.474035 |          1.000000 |
|              |---------|-------------------|-------------------|-------------------|
|              |     1   |          0.227464 |          0.223914 |          1.000000 |
|              |---------|-------------------|-------------------|-------------------|
|              |     1   |          0.135045 |          0.116691 |          1.000000 |
|              |---------|-------------------|-------------------|-------------------|
|              |     1   |          0.077821 |          0.058589 |          1.000000 |
|              |---------|-------------------|-------------------|-------------------|
|              |     1   |          0.050202 |          0.033872 |          1.000000 |
|              |---------|-------------------|-------------------|-------------------|
|              |     2   |         52.362500 |       1677.625851 |          1.000000 |
|              |---------|-------------------|-------------------|-------------------|
|              |     2   |         14.927900 |        186.598097 |          1.000000 |
|              |---------|-------------------|-------------------|-------------------|
|              |     2   |          7.235940 |         52.544302 |          1.000000 |
|              |---------|-------------------|-------------------|-------------------|
|              |     2   |          2.602920 |          8.779421 |          1.000000 |
|              |---------|-------------------|-------------------|-------------------|
|              |     2   |          1.189240 |          2.229108 |          1.000000 |
|              |---------|-------------------|-------------------|-------------------|
|              |     2   |          0.702372 |          0.886956 |          1.000000 |
|              |---------|-------------------|-------------------|-------------------|
|              |     2   |          0.391080 |          0.318328 |          1.000000 |
|              |---------|-------------------|-------------------|-------------------|
|              |     2   |          0.200618 |          0.098982 |          1.000000 |
|              |---------|-------------------|-------------------|-------------------|
|              |     2   |          0.077244 |          0.018628 |          1.000000 |
|              |---------|-------------------|-------------------|-------------------|
|              |     3   |         22.932700 |       1694.254417 |          1.000000 |
|              |---------|-------------------|-------------------|-------------------|
|              |     3   |          7.399040 |        132.922666 |          1.000000 |
|              |---------|-------------------|-------------------|-------------------|
|              |     3   |          3.379310 |         22.793842 |          1.000000 |
|              |---------|-------------------|-------------------|-------------------|
|              |     3   |          1.666330 |          4.644262 |          1.000000 |
|              |---------|-------------------|-------------------|-------------------|
|              |     3   |          0.957480 |          1.335046 |          1.000000 |
|              |---------|-------------------|-------------------|-------------------|
|              |     3   |          0.488917 |          0.294262 |          1.000000 |
|              |---------|-------------------|-------------------|-------------------|
|              |     3   |          0.183017 |          0.032252 |          1.000000 |
|              |---------|-------------------|-------------------|-------------------|
|              |     3   |          0.100856 |          0.008439 |          1.000000 |
|              |---------|-------------------|-------------------|-------------------|
|              |     4   |         11.805700 |        987.842526 |          1.000000 |
|              |---------|-------------------|-------------------|-------------------|
|              |     4   |          3.638960 |         38.826027 |          1.000000 |
|              |---------|-------------------|-------------------|-------------------|
|              |     4   |          1.466110 |          3.187084 |          1.000000 |
|              |---------|-------------------|-------------------|-------------------|
|              |     4   |          0.567267 |          0.234073 |          1.000000 |
|              |---------|-------------------|-------------------|-------------------|
|              |     4   |          0.263661 |          0.028465 |          1.000000 |
|--------------|---------|-------------------|-------------------|-------------------|
|   O (  1)    |         |                   |                   |                   |
|              |     0   |        343.426000 |         56.857135 |          1.000000 |
|              |---------|-------------------|-------------------|-------------------|
|              |     0   |         83.000000 |         19.598312 |          1.000000 |
|              |---------|-------------------|-------------------|-------------------|
|              |     0   |         31.173800 |          9.402696 |          1.000000 |
|              |---------|-------------------|-------------------|-------------------|
|              |     0   |         16.504700 |          5.836007 |          1.000000 |
|              |---------|-------------------|-------------------|-------------------|
|              |     0   |          3.643590 |          1.879564 |          1.000000 |
|              |---------|-------------------|-------------------|-------------------|
|              |     0   |          2.374410 |          1.363254 |          1.000000 |
|              |---------|-------------------|-------------------|-------------------|
|              |     0   |          1.122530 |          0.777246 |          1.000000 |
|              |---------|-------------------|-------------------|-------------------|
|              |     0   |          0.547973 |          0.453920 |          1.000000 |
|              |---------|-------------------|-------------------|-------------------|
|              |     0   |          0.251004 |          0.252738 |          1.000000 |
|              |---------|-------------------|-------------------|-------------------|
|              |     0   |          0.076395 |          0.103564 |          1.000000 |
|              |---------|-------------------|-------------------|-------------------|
|              |     1   |         80.389300 |        343.113572 |          1.000000 |
|              |---------|-------------------|-------------------|-------------------|
|              |     1   |         25.619600 |         82.159071 |          1.000000 |
|              |---------|-------------------|-------------------|-------------------|
|              |     1   |         12.293200 |         32.811136 |          1.000000 |
|              |---------|-------------------|-------------------|-------------------|
|              |     1   |          5.458900 |         11.893824 |          1.000000 |
|              |---------|-------------------|-------------------|-------------------|
|              |     1   |          2.818080 |          5.204533 |          1.000000 |
|              |---------|-------------------|-------------------|-------------------|
|              |     1   |          1.467180 |          2.301677 |          1.000000 |
|              |---------|-------------------|-------------------|-------------------|
|              |     1   |          0.683773 |          0.886299 |          1.000000 |
|              |---------|-------------------|-------------------|-------------------|
|              |     1   |          0.393259 |          0.443903 |          1.000000 |
|              |---------|-------------------|-------------------|-------------------|
|              |     1   |          0.160940 |          0.145301 |          1.000000 |
|              |---------|-------------------|-------------------|-------------------|
|              |     2   |         25.648200 |        481.126210 |          1.000000 |
|              |---------|-------------------|-------------------|-------------------|
|              |     2   |          9.667500 |         87.238718 |          1.000000 |
|              |---------|-------------------|-------------------|-------------------|
|              |     2   |          4.752770 |         25.180616 |          1.000000 |
|              |---------|-------------------|-------------------|-------------------|
|              |     2   |          2.449810 |          7.895710 |          1.000000 |
|              |---------|-------------------|-------------------|-------------------|
|              |     2   |          1.355460 |          2.802600 |          1.000000 |
|              |---------|-------------------|-------------------|-------------------|
|              |     2   |          0.739093 |          0.969690 |          1.000000 |
|              |---------|-------------------|-------------------|-------------------|
|              |     2   |          0.292764 |          0.191785 |          1.000000 |
|              |---------|-------------------|-------------------|-------------------|
|              |     2   |          0.112231 |          0.035818 |          1.000000 |
|              |---------|-------------------|-------------------|-------------------|
|              |     3   |         10.502388 |        292.316002 |          1.000000 |
|              |---------|-------------------|-------------------|-------------------|
|              |     3   |          4.449559 |         42.331894 |          1.000000 |
|              |---------|-------------------|-------------------|-------------------|
|              |     3   |          2.958020 |         16.893007 |          1.000000 |
|              |---------|-------------------|-------------------|-------------------|
|              |     3   |          1.320839 |          2.753384 |          1.000000 |
|              |---------|-------------------|-------------------|-------------------|
|              |     3   |          0.738724 |          0.744798 |          1.000000 |
|              |---------|-------------------|-------------------|-------------------|
|              |     3   |          0.249902 |          0.065003 |          1.000000 |
|              |---------|-------------------|-------------------|-------------------|
|              |     4   |          4.947623 |         90.370367 |          1.000000 |
|              |---------|-------------------|-------------------|-------------------|
|              |     4   |          2.540195 |         14.448403 |          1.000000 |
|              |---------|-------------------|-------------------|-------------------|
|              |     4   |          1.259508 |          2.098884 |          1.000000 |
|              |---------|-------------------|-------------------|-------------------|
|              |     5   |          2.765541 |         20.236213 |          1.000000 |
|--------------|---------|-------------------|-------------------|-------------------|
|   Q (  2)    |         |                   |                   |                   |
|______________|_________|___________________|___________________|___________________|



 Pseudopotential information:

 ________________________________________________________________ 
|Pseudopotential on atom Ca(  0)                                 |
|replacing   10 electrons                                        |
|________________________________________________________________|
|              |    n    |       alpha       |         c         |
|              |_________|___________________|___________________|
| General term |         |                   |                   |
|              |    2    |          1.000000 |          0.000000 |
|--------------|---------|-------------------|-------------------|
| L =  0       |         |                   |                   |
|              |    2    |         10.556058 |        138.832729 |
|              |    2    |          5.293155 |         16.754825 |
|--------------|---------|-------------------|-------------------|
| L =  1       |         |                   |                   |
|              |    2    |         12.714571 |         27.661608 |
|              |    2    |         12.878516 |         55.297863 |
|              |    2    |          4.147924 |          4.210974 |
|              |    2    |          3.841287 |          7.627483 |
|--------------|---------|-------------------|-------------------|
| L =  2       |         |                   |                   |
|              |    2    |          4.703264 |         -0.514325 |
|              |    2    |          4.707976 |         -0.765185 |
|              |    2    |         13.696151 |         -6.490622 |
|              |    2    |         13.698165 |         -9.735556 |
|--------------|---------|-------------------|-------------------|
| L =  3       |         |                   |                   |
|              |    2    |         14.820019 |        -14.000148 |
|              |    2    |         22.000803 |        -61.616066 |
|______________|_________|___________________|___________________|





Calculation of 1-el matrices:
Time to step -    1.23606
Full time    -    1.23606



______________________Starting_CASSCF_calculations_____________________

Number of states                  30
State multiplicity                1 (singlet)

Active space:
Number of alpha electrons         4
Number of beta  electrons         4
Number of active orbitals         11

Number of core orbitals:          5

Preparation of virtual orbitals:  yes
State tracking:                   no 
State averaging:
   0) L =  1    , S= 0.0, Weights:	 1.00e+00  1.00e+00  1.00e+00  1.00e+00  1.00e+00  1.00e+00 ;

SCF settings:
Energy convergence:               -1.000000e-12
Orbital gradient convergence:     1.000000e-06
Rotation matrix convergence :     1.000000e-07
Maximum number of iterations:     250
Maximum SOSCF step          :     1.000000e-01

CI solver:                        determinant CI (aldet)
Davidson diagonalization settings:
Number of correlation vectors:    90
Number of basis functions:        2000
Maximum number of iterations:     500
Energy convergence:               1.000000e-10
Residue convergence:              5.000000e-08
Orthogonality cut-off:            1.000000e-08
Energy denominator shift:         3.000000e-02
Sparsed multiplication:           no

_______________________________________________________________________




RI integrals calculation:
Time to step -    0.73832
Full time    -    1.97438


____________________Starting_Davidson_diagonalization__________________


Step 0
_________________________________________________
  n | E                 | dE         | norm(r)   |
____|___________________|____________|___________|
  0 |   -111.3782171124 | -1.114e+02 | 5.651e-02 |
  1 |   -111.3481652517 | -1.113e+02 | 5.929e-02 |
  2 |   -111.3481652509 | -1.113e+02 | 5.929e-02 |
  3 |   -111.3294893919 | -1.113e+02 | 7.554e-02 |
  4 |   -111.3016075821 | -1.113e+02 | 5.439e-02 |
  5 |   -111.3016075818 | -1.113e+02 | 5.439e-02 |
  6 |   -111.2809411765 | -1.113e+02 | 6.138e-02 |
  7 |   -111.2804009817 | -1.113e+02 | 6.182e-02 |
  8 |   -111.2804007132 | -1.113e+02 | 6.182e-02 |
  9 |   -111.2787177535 | -1.113e+02 | 6.186e-02 |
 10 |   -111.2616953519 | -1.113e+02 | 6.126e-02 |
 11 |   -111.2616953506 | -1.113e+02 | 6.126e-02 |
 12 |   -111.2593071881 | -1.113e+02 | 6.695e-02 |
 13 |   -111.0841087175 | -1.111e+02 | 5.594e-02 |
 14 |   -111.0838102150 | -1.111e+02 | 5.569e-02 |
 15 |   -111.0837660831 | -1.111e+02 | 5.575e-02 |
 16 |   -111.0825962058 | -1.111e+02 | 5.554e-02 |
 17 |   -111.0731564501 | -1.111e+02 | 5.372e-02 |
 18 |   -111.0731564413 | -1.111e+02 | 5.372e-02 |
 19 |   -111.0578462500 | -1.111e+02 | 5.576e-02 |
 20 |   -111.0578462487 | -1.111e+02 | 5.576e-02 |
 21 |   -111.0548883051 | -1.111e+02 | 6.995e-02 |
 22 |   -111.0544027199 | -1.111e+02 | 5.706e-02 |
 23 |   -111.0544027181 | -1.111e+02 | 5.706e-02 |
 24 |   -111.0478485917 | -1.110e+02 | 5.379e-02 |
 25 |   -111.0416284011 | -1.110e+02 | 7.166e-02 |
 26 |   -111.0412701361 | -1.110e+02 | 7.250e-02 |
 27 |   -110.9732262650 | -1.110e+02 | 7.206e-02 |
 28 |   -110.9732262643 | -1.110e+02 | 7.206e-02 |
 29 |   -110.9690860376 | -1.110e+02 | 5.468e-02 |
____|___________________|____________|___________|
number of corr vectors=2003
0 roots converged at step 0
maximum deviation from symmetric form - 1.565317e-12


Step 1
_________________________________________________
  n | E                 | dE         | norm(r)   |
____|___________________|____________|___________|
  0 |   -111.3948535882 | -1.664e-02 | 2.473e-03 |
  1 |   -111.3670704961 | -1.891e-02 | 1.891e-03 |
  2 |   -111.3670704948 | -1.891e-02 | 1.891e-03 |
  3 |   -111.3516140068 | -2.212e-02 | 3.933e-03 |
  4 |   -111.3176012158 | -1.599e-02 | 2.200e-03 |
  5 |   -111.3176012156 | -1.599e-02 | 2.200e-03 |
  6 |   -111.3008695774 | -1.993e-02 | 2.004e-03 |
  7 |   -111.3005161806 | -2.012e-02 | 1.989e-03 |
  8 |   -111.3005159316 | -2.012e-02 | 1.990e-03 |
  9 |   -111.2988525727 | -2.013e-02 | 1.991e-03 |
 10 |   -111.2817192581 | -2.002e-02 | 1.901e-03 |
 11 |   -111.2817192565 | -2.002e-02 | 1.901e-03 |
 12 |   -111.2785743802 | -1.927e-02 | 3.114e-03 |
 13 |   -111.1042627762 | -2.015e-02 | 1.726e-03 |
 14 |   -111.1038453040 | -2.004e-02 | 1.705e-03 |
 15 |   -111.1038452179 | -2.008e-02 | 1.705e-03 |
 16 |   -111.1025591941 | -1.996e-02 | 1.703e-03 |
 17 |   -111.0924957911 | -1.934e-02 | 1.056e-03 |
 18 |   -111.0924957820 | -1.934e-02 | 1.056e-03 |
 19 |   -111.0796173164 | -2.177e-02 | 3.959e-03 |
 20 |   -111.0779778912 | -2.013e-02 | 1.680e-03 |
 21 |   -111.0779778895 | -2.309e-02 | 1.680e-03 |
 22 |   -111.0751095668 | -2.071e-02 | 1.613e-03 |
 23 |   -111.0751095647 | -2.071e-02 | 1.613e-03 |
 24 |   -111.0675555783 | -1.971e-02 | 3.513e-03 |
 25 |   -111.0674971013 | -2.587e-02 | 3.666e-03 |
 26 |   -111.0672413449 | -2.597e-02 | 1.079e-03 |
 27 |   -110.9993906005 | -2.616e-02 | 4.726e-03 |
 28 |   -110.9993905994 | -2.616e-02 | 4.726e-03 |
 29 |   -110.9889535433 | -1.987e-02 | 2.011e-03 |
____|___________________|____________|___________|
number of corr vectors=2063
0 roots converged at step 1
maximum deviation from symmetric form - 4.268537e-12


Step 2
_________________________________________________
  n | E                 | dE         | norm(r)   |
____|___________________|____________|___________|
  0 |   -111.3954113651 | -5.578e-04 | 6.528e-05 |
  1 |   -111.3675388362 | -4.683e-04 | 4.929e-05 |
  2 |   -111.3675388349 | -4.683e-04 | 4.929e-05 |
  3 |   -111.3525230885 | -9.091e-04 | 8.777e-05 |
  4 |   -111.3180983582 | -4.971e-04 | 6.926e-05 |
  5 |   -111.3180983580 | -4.971e-04 | 6.926e-05 |
  6 |   -111.3013683108 | -4.987e-04 | 5.550e-05 |
  7 |   -111.3010139833 | -4.978e-04 | 5.307e-05 |
  8 |   -111.3010139425 | -4.980e-04 | 5.323e-05 |
  9 |   -111.2993513932 | -4.988e-04 | 5.319e-05 |
 10 |   -111.2822024325 | -4.832e-04 | 4.648e-05 |
 11 |   -111.2822024308 | -4.832e-04 | 4.648e-05 |
 12 |   -111.2792872216 | -7.128e-04 | 7.595e-05 |
 13 |   -111.1046797048 | -4.169e-04 | 1.184e-04 |
 14 |   -111.1042559299 | -4.106e-04 | 1.159e-04 |
 15 |   -111.1042559267 | -4.107e-04 | 1.156e-04 |
 16 |   -111.1029687813 | -4.096e-04 | 1.157e-04 |
 17 |   -111.0927583639 | -2.626e-04 | 4.891e-05 |
 18 |   -111.0927583548 | -2.626e-04 | 4.891e-05 |
 19 |   -111.0806122907 | -9.950e-04 | 2.055e-04 |
 20 |   -111.0783700137 | -3.921e-04 | 1.157e-04 |
 21 |   -111.0783700121 | -3.921e-04 | 1.157e-04 |
 22 |   -111.0754965478 | -3.870e-04 | 9.911e-05 |
 23 |   -111.0754965458 | -3.870e-04 | 9.911e-05 |
 24 |   -111.0684471909 | -8.916e-04 | 9.021e-05 |
 25 |   -111.0684423019 | -9.452e-04 | 1.070e-04 |
 26 |   -111.0675098760 | -2.685e-04 | 4.868e-05 |
 27 |   -111.0005735880 | -1.183e-03 | 2.353e-04 |
 28 |   -111.0005735870 | -1.183e-03 | 2.353e-04 |
 29 |   -110.9928923527 | -3.939e-03 | 3.849e-02 |
____|___________________|____________|___________|
number of corr vectors=2093
0 roots converged at step 2
maximum deviation from symmetric form - 4.757016e-11


Step 3
_________________________________________________
  n | E                 | dE         | norm(r)   |
____|___________________|____________|___________|
  0 |   -111.3954242014 | -1.284e-05 | 3.560e-06 |
  1 |   -111.3675489628 | -1.013e-05 | 2.148e-06 |
  2 |   -111.3675489615 | -1.013e-05 | 2.148e-06 |
  3 |   -111.3525420685 | -1.898e-05 | 4.425e-06 |
  4 |   -111.3181115681 | -1.321e-05 | 4.225e-06 |
  5 |   -111.3181115679 | -1.321e-05 | 4.225e-06 |
  6 |   -111.3013795228 | -1.121e-05 | 2.767e-06 |
  7 |   -111.3010248142 | -1.083e-05 | 2.493e-06 |
  8 |   -111.3010248119 | -1.087e-05 | 2.500e-06 |
  9 |   -111.2993622590 | -1.087e-05 | 2.482e-06 |
 10 |   -111.2822121803 | -9.748e-06 | 1.863e-06 |
 11 |   -111.2822121787 | -9.748e-06 | 1.863e-06 |
 12 |   -111.2793030732 | -1.585e-05 | 4.305e-06 |
 13 |   -111.1047030339 | -2.333e-05 | 1.201e-05 |
 14 |   -111.1042786025 | -2.267e-05 | 1.146e-05 |
 15 |   -111.1042785961 | -2.267e-05 | 1.147e-05 |
 16 |   -111.1029914646 | -2.268e-05 | 1.149e-05 |
 17 |   -111.0927690639 | -1.070e-05 | 3.659e-06 |
 18 |   -111.0927690547 | -1.070e-05 | 3.659e-06 |
 19 |   -111.0806563205 | -4.403e-05 | 2.058e-05 |
 20 |   -111.0783924729 | -2.246e-05 | 1.161e-05 |
 21 |   -111.0783924713 | -2.246e-05 | 1.161e-05 |
 22 |   -111.0755165950 | -2.005e-05 | 9.792e-06 |
 23 |   -111.0755165930 | -2.005e-05 | 9.792e-06 |
 24 |   -111.0684709826 | -2.379e-05 | 6.150e-06 |
 25 |   -111.0684707429 | -2.844e-05 | 7.221e-06 |
 26 |   -111.0675208314 | -1.096e-05 | 3.245e-06 |
 27 |   -111.0064978993 | -5.924e-03 | 1.335e-02 |
 28 |   -111.0006261433 | -5.256e-05 | 2.037e-05 |
 29 |   -111.0006261423 | -7.734e-03 | 2.037e-05 |
____|___________________|____________|___________|
number of corr vectors=2063
0 roots converged at step 3
maximum deviation from symmetric form - 2.803981e-10


Step 4
_________________________________________________
  n | E                 | dE         | norm(r)   |
____|___________________|____________|___________|
  0 |   -111.3954249722 | -7.709e-07 | 1.233e-07 |
  1 |   -111.3675494399 | -4.771e-07 | 3.854e-08 |
  2 |   -111.3675494386 | -4.771e-07 | 3.854e-08 |
  3 |   -111.3525430723 | -1.004e-06 | 1.272e-07 |
  4 |   -111.3181124878 | -9.197e-07 | 2.086e-07 |
  5 |   -111.3181124876 | -9.197e-07 | 2.086e-07 |
  6 |   -111.3013801201 | -5.973e-07 | 7.882e-08 |
  7 |   -111.3010253577 | -5.435e-07 | 6.423e-08 |
  8 |   -111.3010253576 | -5.458e-07 | 6.503e-08 |
  9 |   -111.2993628020 | -5.429e-07 | 6.203e-08 |
 10 |   -111.2822126046 | -4.243e-07 | 3.719e-08 |
 11 |   -111.2822126030 | -4.243e-07 | 3.719e-08 |
 12 |   -111.2793040144 | -9.412e-07 | 1.753e-07 |
 13 |   -111.1047058448 | -2.811e-06 | 6.775e-07 |
 14 |   -111.1042812368 | -2.634e-06 | 5.954e-07 |
 15 |   -111.1042812363 | -2.640e-06 | 5.953e-07 |
 16 |   -111.1029941067 | -2.642e-06 | 5.940e-07 |
 17 |   -111.0927699667 | -9.028e-07 | 1.723e-07 |
 18 |   -111.0927699575 | -9.028e-07 | 1.723e-07 |
 19 |   -111.0806609306 | -4.610e-06 | 1.156e-06 |
 20 |   -111.0783951548 | -2.682e-06 | 4.606e-07 |
 21 |   -111.0783951532 | -2.682e-06 | 4.606e-07 |
 22 |   -111.0755188578 | -2.263e-06 | 5.095e-07 |
 23 |   -111.0755188557 | -2.263e-06 | 5.095e-07 |
 24 |   -111.0684725300 | -1.547e-06 | 2.061e-07 |
 25 |   -111.0684725279 | -1.785e-06 | 2.231e-07 |
 26 |   -111.0675216769 | -8.454e-07 | 1.156e-07 |
 27 |   -111.0129687892 | -6.471e-03 | 1.746e-03 |
 28 |   -111.0006309470 | -4.804e-06 | 9.312e-07 |
 29 |   -111.0006309460 | -4.804e-06 | 9.312e-07 |
____|___________________|____________|___________|
number of corr vectors=2093
4 roots converged at step 4
maximum deviation from symmetric form - 7.589239e-10


Step 5
_________________________________________________
  n | E                 | dE         | norm(r)   |
____|___________________|____________|___________|
  0 |   -111.3954249931 | -2.087e-08 | 9.553e-09 |
  1 |   -111.3675494402 | -3.855e-10 | 3.603e-08 |
  2 |   -111.3675494390 | -3.931e-10 | 3.603e-08 |
  3 |   -111.3525430951 | -2.274e-08 | 8.951e-09 |
  4 |   -111.3181125221 | -3.426e-08 | 1.728e-08 |
  5 |   -111.3181125219 | -3.428e-08 | 1.728e-08 |
  6 |   -111.3013801339 | -1.382e-08 | 4.960e-09 |
  7 |   -111.3010253691 | -1.140e-08 | 3.838e-09 |
  8 |   -111.3010253691 | -1.144e-08 | 3.903e-09 |
  9 |   -111.2993628130 | -1.105e-08 | 3.549e-09 |
 10 |   -111.2822126047 | -6.342e-11 | 3.677e-08 |
 11 |   -111.2822126031 | -5.933e-11 | 3.677e-08 |
 12 |   -111.2793040445 | -3.008e-08 | 1.365e-08 |
 13 |   -111.1047059639 | -1.191e-07 | 6.328e-08 |
 14 |   -111.1042813373 | -1.005e-07 | 4.446e-08 |
 15 |   -111.1042813371 | -1.008e-07 | 4.492e-08 |
 16 |   -111.1029942073 | -1.006e-07 | 4.504e-08 |
 17 |   -111.0927699989 | -3.219e-08 | 1.440e-08 |
 18 |   -111.0927699897 | -3.219e-08 | 1.440e-08 |
 19 |   -111.0806611217 | -1.911e-07 | 1.048e-07 |
 20 |   -111.0783952423 | -8.752e-08 | 4.585e-08 |
 21 |   -111.0783952407 | -8.752e-08 | 4.585e-08 |
 22 |   -111.0755189480 | -9.026e-08 | 4.779e-08 |
 23 |   -111.0755189460 | -9.026e-08 | 4.779e-08 |
 24 |   -111.0684725813 | -5.131e-08 | 2.438e-08 |
 25 |   -111.0684725809 | -5.298e-08 | 2.504e-08 |
 26 |   -111.0675216997 | -2.283e-08 | 1.083e-08 |
 27 |   -111.0133027974 | -3.340e-04 | 1.255e-04 |
 28 |   -111.0006311398 | -1.929e-07 | 1.538e-07 |
 29 |   -111.0006311388 | -1.929e-07 | 1.538e-07 |
____|___________________|____________|___________|
number of corr vectors=2059
25 roots converged at step 5
maximum deviation from symmetric form - 8.477136e-10


Step 6
_________________________________________________
  n | E                 | dE         | norm(r)   |
____|___________________|____________|___________|
  0 |   -111.3954249932 | -8.879e-11 | 9.225e-09 |
  1 |   -111.3675494403 | -3.851e-12 | 3.603e-08 |
  2 |   -111.3675494390 |  4.476e-12 | 3.603e-08 |
  3 |   -111.3525430951 | -2.548e-11 | 8.867e-09 |
  4 |   -111.3181125221 | -1.762e-12 | 1.727e-08 |
  5 |   -111.3181125219 |  1.251e-12 | 1.727e-08 |
  6 |   -111.3013801339 | -3.467e-11 | 4.839e-09 |
  7 |   -111.3010253691 |  2.728e-12 | 3.838e-09 |
  8 |   -111.3010253691 |  3.553e-13 | 3.903e-09 |
  9 |   -111.2993628130 |  1.194e-12 | 3.549e-09 |
 10 |   -111.2822126047 |  2.700e-12 | 3.677e-08 |
 11 |   -111.2822126031 |  4.832e-12 | 3.677e-08 |
 12 |   -111.2793040445 | -1.835e-11 | 1.361e-08 |
 13 |   -111.1047059805 | -1.664e-08 | 7.745e-09 |
 14 |   -111.1042813373 |  1.037e-12 | 4.446e-08 |
 15 |   -111.1042813371 | -1.279e-12 | 4.492e-08 |
 16 |   -111.1029942073 | -5.542e-13 | 4.504e-08 |
 17 |   -111.0927699989 | -2.157e-11 | 1.434e-08 |
 18 |   -111.0927699897 | -1.759e-11 | 1.434e-08 |
 19 |   -111.0806611470 | -2.529e-08 | 9.218e-09 |
 20 |   -111.0783952424 | -3.945e-11 | 4.575e-08 |
 21 |   -111.0783952407 | -3.705e-11 | 4.575e-08 |
 22 |   -111.0755189481 | -6.793e-11 | 4.767e-08 |
 23 |   -111.0755189460 | -6.598e-11 | 4.767e-08 |
 24 |   -111.0684725813 |  8.811e-13 | 2.438e-08 |
 25 |   -111.0684725809 |  3.411e-13 | 2.504e-08 |
 26 |   -111.0675216997 |  1.279e-13 | 1.083e-08 |
 27 |   -111.0133328028 | -3.001e-05 | 1.030e-05 |
 28 |   -111.0006311731 | -3.329e-08 | 1.105e-08 |
 29 |   -111.0006311721 | -3.329e-08 | 1.105e-08 |
____|___________________|____________|___________|
number of corr vectors=2064
29 roots converged at step 6
maximum deviation from symmetric form - 8.477136e-10


Step 7
_________________________________________________
  n | E                 | dE         | norm(r)   |
____|___________________|____________|___________|
  0 |   -111.3954249932 |  1.194e-12 | 9.194e-09 |
  1 |   -111.3675494403 |  2.046e-12 | 3.603e-08 |
  2 |   -111.3675494390 |  1.947e-12 | 3.603e-08 |
  3 |   -111.3525430951 | -1.322e-12 | 8.860e-09 |
  4 |   -111.3181125221 |  2.416e-12 | 1.727e-08 |
  5 |   -111.3181125219 | -2.785e-12 | 1.727e-08 |
  6 |   -111.3013801339 |  1.307e-12 | 4.836e-09 |
  7 |   -111.3010253691 |  1.279e-13 | 3.838e-09 |
  8 |   -111.3010253691 | -1.776e-12 | 3.903e-09 |
  9 |   -111.2993628130 | -2.657e-12 | 3.549e-09 |
 10 |   -111.2822126047 | -4.405e-12 | 3.677e-08 |
 11 |   -111.2822126031 | -3.979e-13 | 3.677e-08 |
 12 |   -111.2793040445 | -1.165e-12 | 1.360e-08 |
 13 |   -111.1047059805 | -1.819e-12 | 7.735e-09 |
 14 |   -111.1042813373 |  1.705e-13 | 4.446e-08 |
 15 |   -111.1042813371 |  1.393e-12 | 4.492e-08 |
 16 |   -111.1029942073 | -1.293e-12 | 4.504e-08 |
 17 |   -111.0927699989 |  1.279e-12 | 1.434e-08 |
 18 |   -111.0927699897 | -4.405e-13 | 1.434e-08 |
 19 |   -111.0806611472 | -2.248e-10 | 8.115e-09 |
 20 |   -111.0783952424 |  1.194e-12 | 4.575e-08 |
 21 |   -111.0783952407 |  9.379e-13 | 4.575e-08 |
 22 |   -111.0755189481 |  8.384e-13 | 4.767e-08 |
 23 |   -111.0755189460 | -2.885e-12 | 4.767e-08 |
 24 |   -111.0684725813 | -1.222e-12 | 2.438e-08 |
 25 |   -111.0684725809 | -1.563e-13 | 2.504e-08 |
 26 |   -111.0675216997 |  5.684e-13 | 1.083e-08 |
 27 |   -111.0133357903 | -2.987e-06 | 2.278e-06 |
 28 |   -111.0006311731 | -1.833e-12 | 1.105e-08 |
 29 |   -111.0006311721 | -6.395e-13 | 1.105e-08 |
____|___________________|____________|___________|
number of corr vectors=2065
29 roots converged at step 7
maximum deviation from symmetric form - 8.477136e-10


Step 8
_________________________________________________
  n | E                 | dE         | norm(r)   |
____|___________________|____________|___________|
  0 |   -111.3954249932 | -5.500e-12 | 9.187e-09 |
  1 |   -111.3675494403 | -1.236e-12 | 3.603e-08 |
  2 |   -111.3675494390 | -2.942e-12 | 3.603e-08 |
  3 |   -111.3525430951 | -5.400e-13 | 8.859e-09 |
  4 |   -111.3181125221 | -5.500e-12 | 1.727e-08 |
  5 |   -111.3181125219 | -1.350e-12 | 1.727e-08 |
  6 |   -111.3013801339 | -3.837e-13 | 4.829e-09 |
  7 |   -111.3010253691 | -3.141e-12 | 3.838e-09 |
  8 |   -111.3010253691 |  1.378e-12 | 3.903e-09 |
  9 |   -111.2993628130 |  2.942e-12 | 3.549e-09 |
 10 |   -111.2822126047 |  4.263e-12 | 3.677e-08 |
 11 |   -111.2822126031 |  2.089e-12 | 3.677e-08 |
 12 |   -111.2793040445 | -6.537e-13 | 1.360e-08 |
 13 |   -111.1047059805 |  1.307e-12 | 7.736e-09 |
 14 |   -111.1042813373 |  2.416e-13 | 4.446e-08 |
 15 |   -111.1042813371 | -4.263e-14 | 4.492e-08 |
 16 |   -111.1029942073 |  1.180e-12 | 4.504e-08 |
 17 |   -111.0927699989 | -1.393e-12 | 1.434e-08 |
 18 |   -111.0927699897 |  3.695e-13 | 1.434e-08 |
 19 |   -111.0806611473 | -1.482e-11 | 8.192e-09 |
 20 |   -111.0783952424 |  3.553e-13 | 4.575e-08 |
 21 |   -111.0783952407 | -1.847e-12 | 4.575e-08 |
 22 |   -111.0755189481 | -8.242e-13 | 4.767e-08 |
 23 |   -111.0755189460 |  4.974e-13 | 4.767e-08 |
 24 |   -111.0684725813 |  1.279e-12 | 2.438e-08 |
 25 |   -111.0684725809 | -1.080e-12 | 2.504e-08 |
 26 |   -111.0675216997 | -7.105e-13 | 1.083e-08 |
 27 |   -111.0133363486 | -5.583e-07 | 2.298e-07 |
 28 |   -111.0006311731 |  5.826e-13 | 1.105e-08 |
 29 |   -111.0006311721 |  2.416e-12 | 1.105e-08 |
____|___________________|____________|___________|
number of corr vectors=2066
29 roots converged at step 8
maximum deviation from symmetric form - 8.477136e-10


Step 9
_________________________________________________
  n | E                 | dE         | norm(r)   |
____|___________________|____________|___________|
  0 |   -111.3954249932 | -1.054e-11 | 9.194e-09 |
  1 |   -111.3675494402 |  1.648e-12 | 3.603e-08 |
  2 |   -111.3675494390 |  1.521e-12 | 3.603e-08 |
  3 |   -111.3525430951 | -1.648e-12 | 8.860e-09 |
  4 |   -111.3181125221 |  5.997e-12 | 1.727e-08 |
  5 |   -111.3181125219 | -3.411e-12 | 1.727e-08 |
  6 |   -111.3013801339 |  4.263e-12 | 4.831e-09 |
  7 |   -111.3010253691 |  3.809e-12 | 3.838e-09 |
  8 |   -111.3010253691 |  3.126e-13 | 3.903e-09 |
  9 |   -111.2993628130 | -7.674e-13 | 3.549e-09 |
 10 |   -111.2822126047 | -1.364e-12 | 3.677e-08 |
 11 |   -111.2822126031 | -1.975e-12 | 3.677e-08 |
 12 |   -111.2793040445 |  3.482e-12 | 1.360e-08 |
 13 |   -111.1047059805 | -2.743e-12 | 7.724e-09 |
 14 |   -111.1042813373 | -5.969e-13 | 4.446e-08 |
 15 |   -111.1042813371 | -1.720e-12 | 4.492e-08 |
 16 |   -111.1029942073 | -8.527e-14 | 4.504e-08 |
 17 |   -111.0927699989 |  1.606e-12 | 1.434e-08 |
 18 |   -111.0927699897 |  9.237e-13 | 1.434e-08 |
 19 |   -111.0806611474 | -1.581e-10 | 7.221e-09 |
 20 |   -111.0783952424 | -2.046e-12 | 4.575e-08 |
 21 |   -111.0783952407 |  5.684e-13 | 4.575e-08 |
 22 |   -111.0755189481 | -1.307e-12 | 4.767e-08 |
 23 |   -111.0755189460 | -1.023e-12 | 4.767e-08 |
 24 |   -111.0684725813 |  1.421e-12 | 2.438e-08 |
 25 |   -111.0684725809 |  5.684e-14 | 2.504e-08 |
 26 |   -111.0675216997 |  1.506e-12 | 1.083e-08 |
 27 |   -111.0133364004 | -5.179e-08 | 1.520e-08 |
 28 |   -111.0006311731 |  1.407e-12 | 1.105e-08 |
 29 |   -111.0006311721 | -2.117e-12 | 1.105e-08 |
____|___________________|____________|___________|
number of corr vectors=2067
30 roots converged at step 9


CAS_CI WaveFunctions:

State 0  E  =    -111.3954249932 S^2 = 0.00 L^2 = 0.00 (+):
-5.9668268315e-01  | 11000100100 | 10100100100
-5.9668268315e-01  | 10100100100 | 11000100100
 4.5233213588e-01  | 11000100100 | 11000100100
 1.4517217524e-01  | 11000100100 | 10010100100
 1.4517217524e-01  | 10010100100 | 11000100100
 4.2620102783e-02  | 11000001100 | 10100001100
 4.2620102783e-02  | 10100001100 | 11000001100
 4.2620102722e-02  | 11000100001 | 10100100001
 4.2620102722e-02  | 10100100001 | 11000100001
 3.0694216780e-02  | 11000001100 | 10100100001
State 1  E  =    -111.3675494402 S^2 = 0.00 L^2 = 1.00:
-6.9423704470e-01  | 11000100100 | 11100100000
-6.9423704470e-01  | 11100100000 | 11000100100
 5.0441538735e-02  | 11000001100 | 11100001000
 5.0441538735e-02  | 11100001000 | 11000001100
 5.0314960005e-02  | 11000100100 | 11010100000
 5.0314960005e-02  | 11010100000 | 11000100100
 3.7218890114e-02  | 11000100001 | 11100001000
 3.7218890114e-02  | 11100001000 | 11000100001
-3.4511766865e-02  | 11100100000 | 11000100001
-3.4511766865e-02  | 11000100001 | 11100100000
State 2  E  =    -111.3675494390 S^2 = 0.00 L^2 = 1.00:
-6.9423704479e-01  | 11000100100 | 11100000100
-6.9423704479e-01  | 11100000100 | 11000100100
 5.0441538990e-02  | 11100000001 | 11000100001
 5.0441538990e-02  | 11000100001 | 11100000001
 5.0314961835e-02  | 11010000100 | 11000100100
 5.0314961835e-02  | 11000100100 | 11010000100
 3.7218890141e-02  | 11100000001 | 11000001100
 3.7218890141e-02  | 11000001100 | 11100000001
-3.4511767748e-02  | 11100000100 | 11000001100
-3.4511767748e-02  | 11000001100 | 11100000100
State 3  E  =    -111.3525430951 S^2 = 0.00 L^2 = 0.00 (+):
 7.2691670810e-01  | 11000100100 | 11000100100
 3.5400491052e-01  | 11000100100 | 10100100100
 3.5400491052e-01  | 10100100100 | 11000100100
 2.8277239171e-01  | 11000100100 | 10010100100
 2.8277239171e-01  | 10010100100 | 11000100100
-6.0352377400e-02  | 11000100100 | 11000001100
-6.0352377400e-02  | 11000001100 | 11000100100
-6.0352372999e-02  | 11000100100 | 11000100001
-6.0352372999e-02  | 11000100001 | 11000100100
-4.6403505279e-02  | 11000100001 | 11000100001
State 4  E  =    -111.3181125221 S^2 = 0.00 L^2 = 1.00:
-6.9427983072e-01  | 10000100110 | 11000100100
-6.9427983072e-01  | 11000100100 | 10000100110
 4.9498484908e-02  | 10000001110 | 11000001100
 4.9498484908e-02  | 11000001100 | 10000001110
-4.9386598117e-02  | 10000100011 | 11000100001
-4.9386598117e-02  | 11000100001 | 10000100011
-3.5555141850e-02  | 10000100011 | 11000001100
-3.5555141850e-02  | 11000001100 | 10000100011
 3.5537079708e-02  | 10000001110 | 11000100001
 3.5537079708e-02  | 11000100001 | 10000001110
State 5  E  =    -111.3181125219 S^2 = 0.00 L^2 = 1.00:
-6.9427983070e-01  | 10000110100 | 11000100100
-6.9427983070e-01  | 11000100100 | 10000110100
 4.9498484917e-02  | 10000110001 | 11000100001
 4.9498484917e-02  | 11000100001 | 10000110001
-4.9386598218e-02  | 10000011100 | 11000001100
-4.9386598218e-02  | 11000001100 | 10000011100
-3.5555141845e-02  | 10000011100 | 11000100001
-3.5555141845e-02  | 11000100001 | 10000011100
 3.5537079812e-02  | 10000110001 | 11000001100
 3.5537079812e-02  | 11000001100 | 10000110001
State 6  E  =    -111.3013801339 S^2 = 0.00 L^2 = 0.00 (+):
 4.8404336193e-01  | 11000100100 | 11000010100
 4.8404336193e-01  | 11000010100 | 11000100100
-4.8404278626e-01  | 11000100100 | 11000100010
-4.8404278626e-01  | 11000100010 | 11000100100
-1.2527315075e-01  | 11000100100 | 10010100100
-1.2527315075e-01  | 10010100100 | 11000100100
-3.5200232709e-02  | 11000100001 | 11000010001
-3.5200232709e-02  | 11000010001 | 11000100001
 3.5200190709e-02  | 11000001100 | 11000001010
 3.5200190709e-02  | 11000001010 | 11000001100
State 7  E  =    -111.3010253691 S^2 = 0.00 L^2 = 4.00:
-4.9228640087e-01  | 11000100100 | 11000100010
-4.9228640087e-01  | 11000100010 | 11000100100
-4.9228576946e-01  | 11000100100 | 11000010100
-4.9228576946e-01  | 11000010100 | 11000100100
 3.5838864880e-02  | 11000001100 | 11000001010
 3.5838864880e-02  | 11000001010 | 11000001100
 3.5838819163e-02  | 11000100001 | 11000010001
 3.5838819163e-02  | 11000010001 | 11000100001
 2.6398308929e-02  | 11000100001 | 11000001010
 2.6398308929e-02  | 11000001010 | 11000100001
State 8  E  =    -111.3010253691 S^2 = 0.00 L^2 = 4.00:
 4.9228645030e-01  | 11000100100 | 11000110000
 4.9228645030e-01  | 11000110000 | 11000100100
 4.9228572172e-01  | 11000100100 | 11000000110
 4.9228572172e-01  | 11000000110 | 11000100100
 3.5779765425e-02  | 11000001100 | 11000011000
 3.5779765425e-02  | 11000011000 | 11000001100
 3.5779712642e-02  | 11000000011 | 11000100001
 3.5779712642e-02  | 11000100001 | 11000000011
 2.6457405595e-02  | 11000100001 | 11000011000
 2.6457405595e-02  | 11000011000 | 11000100001
State 9  E  =    -111.2993628130 S^2 = 0.00 L^2 = 0.00 (-):
-4.9235632797e-01  | 11000100100 | 11000000110
-4.9235632797e-01  | 11000000110 | 11000100100
 4.9235559923e-01  | 11000100100 | 11000110000
 4.9235559923e-01  | 11000110000 | 11000100100
-3.5745568019e-02  | 11000100001 | 11000000011
-3.5745568019e-02  | 11000000011 | 11000100001
 3.5745514939e-02  | 11000001100 | 11000011000
 3.5745514939e-02  | 11000011000 | 11000001100
-2.6393312299e-02  | 11000001100 | 11000000011
-2.6393312299e-02  | 11000000011 | 11000001100
State 10  E  =    -111.2822126047 S^2 = 0.00 L^2 = 1.00:
 6.9416881858e-01  | 11010100000 | 11000100100
 6.9416881858e-01  | 11000100100 | 11010100000
-5.0836184337e-02  | 11010001000 | 11000001100
-5.0836184337e-02  | 11000001100 | 11010001000
 4.9553518941e-02  | 11000100100 | 11100100000
 4.9553518941e-02  | 11100100000 | 11000100100
-3.7496652082e-02  | 11010001000 | 11000100001
-3.7496652082e-02  | 11000100001 | 11010001000
 3.4919453980e-02  | 11010100000 | 11000100001
 3.4919453980e-02  | 11000100001 | 11010100000
State 11  E  =    -111.2822126031 S^2 = 0.00 L^2 = 1.00:
-6.9416881867e-01  | 11000100100 | 11010000100
-6.9416881867e-01  | 11010000100 | 11000100100
 5.0836184498e-02  | 11000100001 | 11010000001
 5.0836184498e-02  | 11010000001 | 11000100001
-4.9553520872e-02  | 11000100100 | 11100000100
-4.9553520872e-02  | 11100000100 | 11000100100
 3.7496652115e-02  | 11000001100 | 11010000001
 3.7496652115e-02  | 11010000001 | 11000001100
-3.4919455055e-02  | 11000001100 | 11010000100
-3.4919455055e-02  | 11010000100 | 11000001100
State 12  E  =    -111.2793040445 S^2 = 0.00 L^2 = 0.00 (+):
-6.0388334107e-01  | 11000100100 | 10010100100
-6.0388334107e-01  | 10010100100 | 11000100100
 4.4584972930e-01  | 11000100100 | 11000100100
-7.5200160354e-02  | 11000100100 | 11000010100
-7.5200160354e-02  | 11000010100 | 11000100100
 7.5199840731e-02  | 11000100010 | 11000100100
 7.5199840731e-02  | 11000100100 | 11000100010
-5.5710128812e-02  | 11000001100 | 11000100100
-5.5710128812e-02  | 11000100100 | 11000001100
-5.5710123692e-02  | 11000100100 | 11000100001
State 13  E  =    -111.1047059805 S^2 = 0.00 L^2 = 0.00 (+):
-3.7646200424e-01  | 10100010100 | 11000100100
-3.7646200424e-01  | 11000100100 | 10100010100
 3.7645411328e-01  | 11000100100 | 10100100010
 3.7645411328e-01  | 10100100010 | 11000100100
-1.8862958223e-01  | 11100000100 | 10000110100
-1.8862958223e-01  | 10000110100 | 11100000100
 1.8862564791e-01  | 11100100000 | 10000100110
 1.8862564791e-01  | 10000100110 | 11100100000
-1.8783242201e-01  | 10100100100 | 11000010100
-1.8783242201e-01  | 11000010100 | 10100100100
State 14  E  =    -111.1042813373 S^2 = 0.00 L^2 = 4.00:
 3.7655025716e-01  | 11000100100 | 10100100010
 3.7655025716e-01  | 10100100010 | 11000100100
 3.7654236769e-01  | 11000100100 | 10100010100
 3.7654236769e-01  | 10100010100 | 11000100100
 1.8889163461e-01  | 10100100100 | 11000100010
 1.8889163461e-01  | 11000100010 | 10100100100
 1.8888769743e-01  | 10100100100 | 11000010100
 1.8888769743e-01  | 11000010100 | 10100100100
 1.8765862256e-01  | 11100100000 | 10000100110
 1.8765862256e-01  | 10000100110 | 11100100000
State 15  E  =    -111.1042813371 S^2 = 0.00 L^2 = 4.00:
 3.7654727931e-01  | 10100110000 | 11000100100
 3.7654727931e-01  | 11000100100 | 10100110000
 3.7654523028e-01  | 11000100100 | 10100000110
 3.7654523028e-01  | 10100000110 | 11000100100
 1.8889015316e-01  | 11000110000 | 10100100100
 1.8889015316e-01  | 10100100100 | 11000110000
 1.8888912504e-01  | 10100100100 | 11000000110
 1.8888912504e-01  | 11000000110 | 10100100100
-1.8765712615e-01  | 11100100000 | 10000110100
-1.8765712615e-01  | 10000110100 | 11100100000
State 16  E  =    -111.1029942073 S^2 = 0.00 L^2 = 0.00 (-):
 3.7648569620e-01  | 11000100100 | 10100000110
 3.7648569620e-01  | 10100000110 | 11000100100
-3.7648364603e-01  | 10100110000 | 11000100100
-3.7648364603e-01  | 11000100100 | 10100110000
 1.8901468475e-01  | 10100100100 | 11000000110
 1.8901468475e-01  | 11000000110 | 10100100100
-1.8901365582e-01  | 11000110000 | 10100100100
-1.8901365582e-01  | 10100100100 | 11000110000
 1.8747101145e-01  | 11100000100 | 10000100110
 1.8747101145e-01  | 10000100110 | 11100000100
State 17  E  =    -111.0927699989 S^2 = 0.00 L^2 = 1.00:
-5.3286546613e-01  | 11100010000 | 11000100100
-5.3286546613e-01  | 11000100100 | 11100010000
-2.6748050247e-01  | 11000110000 | 11100000100
-2.6748050247e-01  | 11100000100 | 11000110000
-2.6538496365e-01  | 11100100000 | 11000010100
-2.6538496365e-01  | 11000010100 | 11100100000
-1.4244940652e-01  | 11010010000 | 11000100100
-1.4244940652e-01  | 11000100100 | 11010010000
-9.3808198858e-02  | 11100010000 | 11000001100
-9.3808198858e-02  | 11000001100 | 11100010000
State 18  E  =    -111.0927699897 S^2 = 0.00 L^2 = 1.00:
 5.3286546809e-01  | 11000100100 | 11100000010
 5.3286546809e-01  | 11100000010 | 11000100100
-2.6748050213e-01  | 11100100000 | 11000000110
-2.6748050213e-01  | 11000000110 | 11100100000
 2.6538496596e-01  | 11100000100 | 11000100010
 2.6538496596e-01  | 11000100010 | 11100000100
 1.4244940627e-01  | 11000100100 | 11010000010
 1.4244940627e-01  | 11010000010 | 11000100100
 9.3808195690e-02  | 11000100001 | 11100000010
 9.3808195690e-02  | 11100000010 | 11000100001
State 19  E  =    -111.0806611474 S^2 = 0.00 L^2 = 0.00 (+):
-7.6378300050e-01  | 10100100100 | 10100100100
 2.9868672124e-01  | 11100000100 | 11100000100
 2.9868671173e-01  | 11100100000 | 11100100000
-1.6922892188e-01  | 10010100100 | 10100100100
-1.6922892188e-01  | 10100100100 | 10010100100
 1.6679382147e-01  | 10000110100 | 10000110100
 1.6679379864e-01  | 10000100110 | 10000100110
-1.1038782373e-01  | 10100100100 | 10100001100
-1.1038782373e-01  | 10100001100 | 10100100100
-1.1038782198e-01  | 10100100001 | 10100100100
State 20  E  =    -111.0783952424 S^2 = 0.00 L^2 = 1.00:
-4.2941927458e-01  | 11000100100 | 10110000100
-4.2941927458e-01  | 10110000100 | 11000100100
 3.8843290710e-01  | 11100000100 | 10100100100
 3.8843290709e-01  | 10100100100 | 11100000100
 3.0028762651e-01  | 11100000100 | 10010100100
 3.0028762651e-01  | 10010100100 | 11100000100
-1.2913164808e-01  | 11010000100 | 10100100100
-1.2913164808e-01  | 10100100100 | 11010000100
 8.4477356668e-02  | 11000010100 | 10000110100
 8.4477356668e-02  | 10000110100 | 11000010100
State 21  E  =    -111.0783952407 S^2 = 0.00 L^2 = 1.00:
 4.2941935482e-01  | 10110100000 | 11000100100
 4.2941935482e-01  | 11000100100 | 10110100000
-3.8843279345e-01  | 11100100000 | 10100100100
-3.8843279345e-01  | 10100100100 | 11100100000
-3.0028763957e-01  | 11100100000 | 10010100100
-3.0028763957e-01  | 10010100100 | 11100100000
 1.2913171525e-01  | 11010100000 | 10100100100
 1.2913171525e-01  | 10100100100 | 11010100000
-8.4477318192e-02  | 11000100010 | 10000100110
-8.4477318192e-02  | 10000100110 | 11000100010
State 22  E  =    -111.0755189481 S^2 = 0.00 L^2 = 1.00:
 4.8028522164e-01  | 11100000100 | 10100100100
 4.8028522164e-01  | 10100100100 | 11100000100
 3.4273090298e-01  | 10110000100 | 11000100100
 3.4273090298e-01  | 11000100100 | 10110000100
 2.8651595932e-01  | 11010000100 | 10100100100
 2.8651595932e-01  | 10100100100 | 11010000100
 1.0625012270e-01  | 11000010100 | 10000110100
 1.0625012270e-01  | 10000110100 | 11000010100
 1.0490681302e-01  | 11000000110 | 10000100110
 1.0490681302e-01  | 10000100110 | 11000000110
State 23  E  =    -111.0755189460 S^2 = 0.00 L^2 = 1.00:
 4.8028531306e-01  | 10100100100 | 11100100000
 4.8028531306e-01  | 11100100000 | 10100100100
 3.4273079941e-01  | 10110100000 | 11000100100
 3.4273079941e-01  | 11000100100 | 10110100000
 2.8651592789e-01  | 11010100000 | 10100100100
 2.8651592789e-01  | 10100100100 | 11010100000
 1.0625012559e-01  | 11000100010 | 10000100110
 1.0625012559e-01  | 10000100110 | 11000100010
-1.0490684939e-01  | 11000110000 | 10000110100
-1.0490684939e-01  | 10000110100 | 11000110000
State 24  E  =    -111.0684725813 S^2 = 0.00 L^2 = 4.00:
 6.1728077377e-01  | 11100000100 | 11100000100
-6.1728075894e-01  | 11100100000 | 11100100000
 1.5204078568e-01  | 11010000100 | 11100000100
 1.5204078568e-01  | 11100000100 | 11010000100
-1.5204078223e-01  | 11010100000 | 11100100000
-1.5204078223e-01  | 11100100000 | 11010100000
-1.3556349853e-01  | 11000010100 | 11000010100
 1.3556347077e-01  | 11000100010 | 11000100010
 1.3273900661e-01  | 11000110000 | 11000110000
-1.3273898567e-01  | 11000000110 | 11000000110
State 25  E  =    -111.0684725809 S^2 = 0.00 L^2 = 4.00:
 6.1727888267e-01  | 11100000100 | 11100100000
 6.1727888267e-01  | 11100100000 | 11100000100
 1.5204356266e-01  | 11100100000 | 11010000100
 1.5204356266e-01  | 11010000100 | 11100100000
 1.5204355270e-01  | 11010100000 | 11100000100
 1.5204355270e-01  | 11100000100 | 11010100000
 1.3415137811e-01  | 11000010100 | 11000110000
 1.3415137811e-01  | 11000110000 | 11000010100
-1.3415135381e-01  | 11000000110 | 11000100010
-1.3415135381e-01  | 11000100010 | 11000000110
State 26  E  =    -111.0675216997 S^2 = 0.00 L^2 = 0.00 (-):
 5.5236539536e-01  | 11000100100 | 11110000000
 5.5236539536e-01  | 11110000000 | 11000100100
-2.7618270049e-01  | 11100000100 | 11010100000
-2.7618270049e-01  | 11010100000 | 11100000100
 2.7618269487e-01  | 11100100000 | 11010000100
 2.7618269487e-01  | 11010000100 | 11100100000
 9.6450265901e-02  | 11000001100 | 11110000000
 9.6450265901e-02  | 11110000000 | 11000001100
 9.6450261872e-02  | 11000100001 | 11110000000
 9.6450261872e-02  | 11110000000 | 11000100001
State 27  E  =    -111.0133364004 S^2 = 0.00 L^2 = 0.00 (+):
-5.3239441543e-01  | 11100100000 | 11100100000
-5.3239439593e-01  | 11100000100 | 11100000100
-4.1472763583e-01  | 10100100100 | 10100100100
 1.5551611844e-01  | 01100100100 | 01100100100
-1.3588098490e-01  | 11100100000 | 11010100000
-1.3588098490e-01  | 11010100000 | 11100100000
-1.3588097967e-01  | 11010000100 | 11100000100
-1.3588097967e-01  | 11100000100 | 11010000100
 1.1793290091e-01  | 11000010100 | 11000010100
 1.1793288257e-01  | 11000100010 | 11000100010
State 28  E  =    -111.0006311731 S^2 = 0.00 L^2 = 1.00:
 5.5039977644e-01  | 11000100100 | 10000010110
 5.5039977644e-01  | 10000010110 | 11000100100
-2.7663464211e-01  | 11000000110 | 10000110100
-2.7663464211e-01  | 10000110100 | 11000000110
 2.7376513433e-01  | 11000010100 | 10000100110
 2.7376513433e-01  | 10000100110 | 11000010100
 9.8946453904e-02  | 11000001100 | 10000010110
 9.8946453904e-02  | 10000010110 | 11000001100
 8.3291127242e-02  | 11000100001 | 10000010110
 8.3291127242e-02  | 10000010110 | 11000100001
State 29  E  =    -111.0006311721 S^2 = 0.00 L^2 = 1.00:
 5.5039977640e-01  | 11000100100 | 10000110010
 5.5039977640e-01  | 10000110010 | 11000100100
 2.7663463780e-01  | 11000110000 | 10000100110
 2.7663463780e-01  | 10000100110 | 11000110000
 2.7376513860e-01  | 10000110100 | 11000100010
 2.7376513860e-01  | 11000100010 | 10000110100
 9.8946451890e-02  | 11000100001 | 10000110010
 9.8946451890e-02  | 10000110010 | 11000100001
 8.3291129737e-02  | 11000001100 | 10000110010
 8.3291129737e-02  | 10000110010 | 11000001100


Davidson diagonalization:
Time to step -   55.34592
Full time    -   57.32031
_______________________________________________________________________
Primary CI and calculation canonical orbitals:
Time to step -    6.97321
Full time    -   64.29352


CAS_SCF density averaging:
_____________________________________________________
 State| E                 | S^2  | L^2      | weight |
______|___________________|______|__________|________|
    0 |   -111.3954249932 | 0.00 | 0.00 (+) | 0.00   |
    1 |   -111.3675494402 | 0.00 | 1.00     | 1.00   |
    2 |   -111.3675494390 | 0.00 | 1.00     | 1.00   |
    3 |   -111.3525430951 | 0.00 | 0.00 (+) | 0.00   |
    4 |   -111.3181125221 | 0.00 | 1.00     | 1.00   |
    5 |   -111.3181125218 | 0.00 | 1.00     | 1.00   |
    6 |   -111.3013801339 | 0.00 | 0.00 (+) | 0.00   |
    7 |   -111.3010253691 | 0.00 | 4.00     | 0.00   |
    8 |   -111.3010253691 | 0.00 | 4.00     | 0.00   |
    9 |   -111.2993628130 | 0.00 | 0.00 (-) | 0.00   |
   10 |   -111.2822126047 | 0.00 | 1.00     | 1.00   |
   11 |   -111.2822126031 | 0.00 | 1.00     | 1.00   |
   12 |   -111.2793040445 | 0.00 | 0.00 (+) | 0.00   |
   13 |   -111.1047059805 | 0.00 | 0.00 (+) | 0.00   |
   14 |   -111.1042813373 | 0.00 | 4.00     | 0.00   |
   15 |   -111.1042813371 | 0.00 | 4.00     | 0.00   |
   16 |   -111.1029942073 | 0.00 | 0.00 (-) | 0.00   |
   17 |   -111.0927699989 | 0.00 | 1.00     | 0.00   |
   18 |   -111.0927699897 | 0.00 | 1.00     | 0.00   |
   19 |   -111.0806611474 | 0.00 | 0.00 (+) | 0.00   |
   20 |   -111.0783952424 | 0.00 | 1.00     | 0.00   |
   21 |   -111.0783952407 | 0.00 | 1.00     | 0.00   |
   22 |   -111.0755189481 | 0.00 | 1.00     | 0.00   |
   23 |   -111.0755189460 | 0.00 | 1.00     | 0.00   |
   24 |   -111.0684725813 | 0.00 | 4.00     | 0.00   |
   25 |   -111.0684725809 | 0.00 | 4.00     | 0.00   |
   26 |   -111.0675216997 | 0.00 | 0.00 (-) | 0.00   |
   27 |   -111.0133364004 | 0.00 | 0.00 (+) | 0.00   |
   28 |   -111.0006311731 | 0.00 | 1.00     | 0.00   |
   29 |   -111.0006311721 | 0.00 | 1.00     | 0.00   |
______|___________________|______|__________|________|

Start CAS_SCF iterations
_________________________________________________________________________________
  N | E                 | dE         | LAG.ASYM. | ROT.STEP  | N_dav | sweep_dE  |
____|___________________|____________|___________|___________|_______|___________|
  0 |   -111.3226248551 | -1.113e+02 | 6.300e-02 | 1.000e+00 |   9   | 0.000e+00 |
  1 |   -111.3227140303 | -8.918e-05 | 2.429e-03 | 2.141e-03 |   2   | 0.000e+00 |
  2 |   -111.3227280614 | -1.403e-05 | 5.816e-03 | 2.994e-03 |   1   | 0.000e+00 |
  3 |   -111.3227315632 | -3.502e-06 | 2.640e-03 | 2.233e-03 |   1   | 0.000e+00 |
  4 |   -111.3227321382 | -5.750e-07 | 2.199e-04 | 8.869e-04 |   1   | 0.000e+00 |
  5 |   -111.3227323538 | -2.156e-07 | 7.165e-04 | 7.113e-04 |   1   | 0.000e+00 |
  6 |   -111.3227324164 | -6.262e-08 | 4.034e-04 | 3.624e-04 |   1   | 0.000e+00 |
  7 |   -111.3227324295 | -1.305e-08 | 4.440e-05 | 1.446e-04 |   1   | 0.000e+00 |
  8 |   -111.3227324319 | -2.421e-09 | 5.325e-05 | 8.250e-05 |   0   | 0.000e+00 |
  9 |   -111.3227324324 | -5.485e-10 | 3.175e-05 | 6.786e-05 |   0   | 0.000e+00 |
 10 |   -111.3227324326 | -1.436e-10 | 3.081e-06 | 4.457e-05 |   1   | 0.000e+00 |
 11 |   -111.3227324326 | -3.604e-11 | 6.399e-06 | 2.570e-05 |   0   | 0.000e+00 |
 12 |   -111.3227324326 | -6.310e-12 | 3.607e-06 | 9.522e-06 |   0   | 0.000e+00 |
 13 |   -111.3227324326 | -4.462e-12 | 3.374e-07 | 2.751e-06 |   0   | 0.000e+00 |
____|___________________|____________|___________|___________|_______|___________|

Lagrangian converged after 13 iterations

CAS_SCF iterations:
Time to step -  186.11229
Full time    -  250.40580
Preparation of canonical orbitals:
Time to step -    8.67262
Full time    -  259.07842
CAS_SCF WaveFunctions:

State 0  E  =    -111.3952097532 S^2 = 0.00 L^2 = 0.00 (+):
 5.9596074355e-01  | 10100100100 | 11000100100
 5.9596074355e-01  | 11000100100 | 10100100100
-4.5478668415e-01  | 11000100100 | 11000100100
-1.4397342458e-01  | 11000100100 | 10010100100
-1.4397342458e-01  | 10010100100 | 11000100100
-4.2506042473e-02  | 11000100001 | 10100100001
-4.2506042473e-02  | 10100100001 | 11000100001
-4.2506042467e-02  | 10100001100 | 11000001100
-4.2506042467e-02  | 11000001100 | 10100001100
-3.0623000080e-02  | 10100100001 | 11000001100
State 1  E  =    -111.3676100542 S^2 = 0.00 L^2 = 1.00:
-6.9430590605e-01  | 11000100100 | 11100000100
-6.9430590605e-01  | 11100000100 | 11000100100
 5.0337902773e-02  | 11000100001 | 11100000001
 5.0337902772e-02  | 11100000001 | 11000100001
 4.9229955059e-02  | 11000100100 | 11010000100
 4.9229955059e-02  | 11010000100 | 11000100100
 3.7145139020e-02  | 11000001100 | 11100000001
 3.7145139020e-02  | 11100000001 | 11000001100
-3.4558958975e-02  | 11000001100 | 11100000100
-3.4558958975e-02  | 11100000100 | 11000001100
State 2  E  =    -111.3676100542 S^2 = 0.00 L^2 = 1.00:
-6.9430590605e-01  | 11100100000 | 11000100100
-6.9430590605e-01  | 11000100100 | 11100100000
 5.0337902764e-02  | 11100001000 | 11000001100
 5.0337902764e-02  | 11000001100 | 11100001000
 4.9229955060e-02  | 11000100100 | 11010100000
 4.9229955060e-02  | 11010100000 | 11000100100
 3.7145139019e-02  | 11100001000 | 11000100001
 3.7145139019e-02  | 11000100001 | 11100001000
-3.4558958980e-02  | 11100100000 | 11000100001
-3.4558958980e-02  | 11000100001 | 11100100000
State 3  E  =    -111.3528709511 S^2 = 0.00 L^2 = 0.00 (+):
-7.2928100827e-01  | 11000100100 | 11000100100
-3.5533540999e-01  | 11000100100 | 10100100100
-3.5533540999e-01  | 10100100100 | 11000100100
-2.7640363790e-01  | 11000100100 | 10010100100
-2.7640363790e-01  | 10010100100 | 11000100100
 6.0363838838e-02  | 11000100001 | 11000100100
 6.0363838838e-02  | 11000100100 | 11000100001
 6.0363838825e-02  | 11000100100 | 11000001100
 6.0363838825e-02  | 11000001100 | 11000100100
-4.7947213148e-02  | 11000100100 | 11000010100
State 4  E  =    -111.3181007896 S^2 = 0.00 L^2 = 1.00:
-6.9431621738e-01  | 10000110100 | 11000100100
-6.9431621738e-01  | 11000100100 | 10000110100
 4.9428469646e-02  | 10000110001 | 11000100001
 4.9428469646e-02  | 11000100001 | 10000110001
-4.9318804643e-02  | 10000011100 | 11000001100
-4.9318804643e-02  | 11000001100 | 10000011100
-3.5517185601e-02  | 10000011100 | 11000100001
-3.5517185601e-02  | 11000100001 | 10000011100
 3.5499624176e-02  | 10000110001 | 11000001100
 3.5499624176e-02  | 11000001100 | 10000110001
State 5  E  =    -111.3181007896 S^2 = 0.00 L^2 = 1.00:
-6.9431621738e-01  | 10000100110 | 11000100100
-6.9431621738e-01  | 11000100100 | 10000100110
 4.9428469641e-02  | 10000001110 | 11000001100
 4.9428469641e-02  | 11000001100 | 10000001110
-4.9318804653e-02  | 10000100011 | 11000100001
-4.9318804653e-02  | 11000100001 | 10000100011
-3.5517185603e-02  | 10000100011 | 11000001100
-3.5517185603e-02  | 11000001100 | 10000100011
 3.5499624177e-02  | 10000001110 | 11000100001
 3.5499624177e-02  | 11000100001 | 10000001110
State 6  E  =    -111.3015995478 S^2 = 0.00 L^2 = 0.00 (+):
-4.8242797604e-01  | 11000100100 | 11000010100
-4.8242797604e-01  | 11000010100 | 11000100100
 4.8242795540e-01  | 11000100100 | 11000100010
 4.8242795540e-01  | 11000100010 | 11000100100
 1.3683914400e-01  | 11000100100 | 10010100100
 1.3683914400e-01  | 10010100100 | 11000100100
 3.5007881756e-02  | 11000100001 | 11000010001
 3.5007881756e-02  | 11000010001 | 11000100001
-3.5007880252e-02  | 11000001100 | 11000001010
-3.5007880252e-02  | 11000001010 | 11000001100
State 7  E  =    -111.3013054696 S^2 = 0.00 L^2 = 4.00:
 4.9228127005e-01  | 11000100100 | 11000100010
 4.9228127005e-01  | 11000100010 | 11000100100
 4.9228124933e-01  | 11000100100 | 11000010100
 4.9228124933e-01  | 11000010100 | 11000100100
-3.5762971013e-02  | 11000001100 | 11000001010
-3.5762971013e-02  | 11000001010 | 11000001100
-3.5762969518e-02  | 11000010001 | 11000100001
-3.5762969518e-02  | 11000100001 | 11000010001
-2.6346262658e-02  | 11000100001 | 11000001010
-2.6346262658e-02  | 11000001010 | 11000100001
State 8  E  =    -111.3013054695 S^2 = 0.00 L^2 = 4.00:
-4.9228127133e-01  | 11000110000 | 11000100100
-4.9228127133e-01  | 11000100100 | 11000110000
-4.9228126760e-01  | 11000100100 | 11000000110
-4.9228126760e-01  | 11000000110 | 11000100100
-3.5705100990e-02  | 11000011000 | 11000001100
-3.5705100990e-02  | 11000001100 | 11000011000
-3.5705100724e-02  | 11000100001 | 11000000011
-3.5705100724e-02  | 11000000011 | 11000100001
-2.6404096735e-02  | 11000011000 | 11000100001
-2.6404096735e-02  | 11000100001 | 11000011000
State 9  E  =    -111.2996432976 S^2 = 0.00 L^2 = 0.00 (-):
 4.9235231621e-01  | 11000100100 | 11000000110
 4.9235231621e-01  | 11000000110 | 11000100100
-4.9235231247e-01  | 11000100100 | 11000110000
-4.9235231247e-01  | 11000110000 | 11000100100
 3.5671257259e-02  | 11000100001 | 11000000011
 3.5671257259e-02  | 11000000011 | 11000100001
-3.5671256984e-02  | 11000011000 | 11000001100
-3.5671256984e-02  | 11000001100 | 11000011000
 2.6340344783e-02  | 11000001100 | 11000000011
 2.6340344783e-02  | 11000000011 | 11000001100
State 10  E  =    -111.2824864541 S^2 = 0.00 L^2 = 1.00:
-6.9425525728e-01  | 11000100100 | 11010000100
-6.9425525728e-01  | 11010000100 | 11000100100
 5.0733402489e-02  | 11000100001 | 11010000001
 5.0733402489e-02  | 11010000001 | 11000100001
-4.8482009867e-02  | 11000100100 | 11100000100
-4.8482009867e-02  | 11100000100 | 11000100100
 3.7425538977e-02  | 11000001100 | 11010000001
 3.7425538977e-02  | 11010000001 | 11000001100
-3.4920989336e-02  | 11000001100 | 11010000100
-3.4920989336e-02  | 11010000100 | 11000001100
State 11  E  =    -111.2824864540 S^2 = 0.00 L^2 = 1.00:
-6.9425525728e-01  | 11010100000 | 11000100100
-6.9425525728e-01  | 11000100100 | 11010100000
 5.0733402481e-02  | 11010001000 | 11000001100
 5.0733402481e-02  | 11000001100 | 11010001000
-4.8482009868e-02  | 11000100100 | 11100100000
-4.8482009868e-02  | 11100100000 | 11000100100
 3.7425538976e-02  | 11010001000 | 11000100001
 3.7425538976e-02  | 11000100001 | 11010001000
-3.4920989337e-02  | 11010100000 | 11000100001
-3.4920989337e-02  | 11000100001 | 11010100000
State 12  E  =    -111.2798557755 S^2 = 0.00 L^2 = 0.00 (+):
 6.0466621619e-01  | 11000100100 | 10010100100
 6.0466621619e-01  | 10010100100 | 11000100100
-4.3946444108e-01  | 11000100100 | 11000100100
 8.2041536191e-02  | 11000010100 | 11000100100
 8.2041536191e-02  | 11000100100 | 11000010100
-8.2041533991e-02  | 11000100100 | 11000100010
-8.2041533991e-02  | 11000100010 | 11000100100
 5.4946805872e-02  | 11000100100 | 11000100001
 5.4946805872e-02  | 11000100001 | 11000100100
 5.4946805845e-02  | 11000100100 | 11000001100
State 13  E  =    -111.1046631563 S^2 = 0.00 L^2 = 0.00 (+):
 3.7646825530e-01  | 10100010100 | 11000100100
 3.7646825530e-01  | 11000100100 | 10100010100
-3.7646819322e-01  | 11000100100 | 10100100010
-3.7646819322e-01  | 10100100010 | 11000100100
 1.8867249073e-01  | 10000110100 | 11100000100
 1.8867249073e-01  | 11100000100 | 10000110100
-1.8867245976e-01  | 10000100110 | 11100100000
-1.8867245976e-01  | 11100100000 | 10000100110
 1.8779576458e-01  | 11000010100 | 10100100100
 1.8779576458e-01  | 10100100100 | 11000010100
State 14  E  =    -111.1042664654 S^2 = 0.00 L^2 = 4.00:
 3.7655976953e-01  | 10100110000 | 11000100100
 3.7655976953e-01  | 11000100100 | 10100110000
 3.7655974958e-01  | 11000100100 | 10100000110
 3.7655974958e-01  | 10100000110 | 11000100100
 1.8888413548e-01  | 10100100100 | 11000110000
 1.8888413548e-01  | 11000110000 | 10100100100
 1.8888412547e-01  | 11000000110 | 10100100100
 1.8888412547e-01  | 10100100100 | 11000000110
-1.8767563405e-01  | 11100100000 | 10000110100
-1.8767563405e-01  | 10000110100 | 11100100000
State 15  E  =    -111.1042664652 S^2 = 0.00 L^2 = 4.00:
 3.7655978730e-01  | 11000100100 | 10100100010
 3.7655978730e-01  | 10100100010 | 11000100100
 3.7655972521e-01  | 11000100100 | 10100010100
 3.7655972521e-01  | 10100010100 | 11000100100
 1.8888424572e-01  | 11000100010 | 10100100100
 1.8888424572e-01  | 10100100100 | 11000100010
 1.8888421473e-01  | 11000010100 | 10100100100
 1.8888421473e-01  | 10100100100 | 11000010100
 1.8767554158e-01  | 11100100000 | 10000100110
 1.8767554158e-01  | 10000100110 | 11100100000
State 16  E  =    -111.1029792024 S^2 = 0.00 L^2 = 0.00 (-):
 3.7649735552e-01  | 11000100100 | 10100000110
 3.7649735552e-01  | 10100000110 | 11000100100
-3.7649733557e-01  | 10100110000 | 11000100100
-3.7649733557e-01  | 11000100100 | 10100110000
 1.8901222345e-01  | 11000000110 | 10100100100
 1.8901222345e-01  | 10100100100 | 11000000110
-1.8901221344e-01  | 11000110000 | 10100100100
-1.8901221344e-01  | 10100100100 | 11000110000
 1.8748513207e-01  | 11100000100 | 10000100110
 1.8748513207e-01  | 10000100110 | 11100000100
State 17  E  =    -111.0925932937 S^2 = 0.00 L^2 = 1.00:
-5.3266994426e-01  | 11000100100 | 11100000010
-5.3266994426e-01  | 11100000010 | 11000100100
 2.6740891033e-01  | 11100100000 | 11000000110
 2.6740891033e-01  | 11000000110 | 11100100000
-2.6526103393e-01  | 11100000100 | 11000100010
-2.6526103393e-01  | 11000100010 | 11100000100
-1.4308173574e-01  | 11000100100 | 11010000010
-1.4308173574e-01  | 11010000010 | 11000100100
-9.3626072785e-02  | 11100000010 | 11000100001
-9.3626072785e-02  | 11000100001 | 11100000010
State 18  E  =    -111.0925932936 S^2 = 0.00 L^2 = 1.00:
-5.3266994425e-01  | 11100010000 | 11000100100
-5.3266994425e-01  | 11000100100 | 11100010000
-2.6740891035e-01  | 11000110000 | 11100000100
-2.6740891035e-01  | 11100000100 | 11000110000
-2.6526103391e-01  | 11000010100 | 11100100000
-2.6526103391e-01  | 11100100000 | 11000010100
-1.4308173573e-01  | 11000100100 | 11010010000
-1.4308173573e-01  | 11010010000 | 11000100100
-9.3626072771e-02  | 11000001100 | 11100010000
-9.3626072771e-02  | 11100010000 | 11000001100
State 19  E  =    -111.0809358787 S^2 = 0.00 L^2 = 0.00 (+):
-7.6604318396e-01  | 10100100100 | 10100100100
 2.9583577755e-01  | 11100000100 | 11100000100
 2.9583577754e-01  | 11100100000 | 11100100000
-1.7035282996e-01  | 10010100100 | 10100100100
-1.7035282996e-01  | 10100100100 | 10010100100
 1.6684964367e-01  | 10000110100 | 10000110100
 1.6684964320e-01  | 10000100110 | 10000100110
-1.1021865886e-01  | 10100100100 | 10100100001
-1.1021865886e-01  | 10100100001 | 10100100100
-1.1021865885e-01  | 10100001100 | 10100100100
State 20  E  =    -111.0784070143 S^2 = 0.00 L^2 = 1.00:
 4.1934129793e-01  | 11000100100 | 10110000100
 4.1934129793e-01  | 10110000100 | 11000100100
-4.0213593417e-01  | 11100000100 | 10100100100
-4.0213593417e-01  | 10100100100 | 11100000100
-2.9915047605e-01  | 11100000100 | 10010100100
-2.9915047605e-01  | 10010100100 | 11100000100
 1.2019082188e-01  | 10100100100 | 11010000100
 1.2019082188e-01  | 11010000100 | 10100100100
-8.7337302334e-02  | 11000010100 | 10000110100
-8.7337302334e-02  | 10000110100 | 11000010100
State 21  E  =    -111.0784070143 S^2 = 0.00 L^2 = 1.00:
-4.1934129808e-01  | 10110100000 | 11000100100
-4.1934129808e-01  | 11000100100 | 10110100000
 4.0213593397e-01  | 11100100000 | 10100100100
 4.0213593397e-01  | 10100100100 | 11100100000
 2.9915047606e-01  | 11100100000 | 10010100100
 2.9915047606e-01  | 10010100100 | 11100100000
-1.2019082202e-01  | 10100100100 | 11010100000
-1.2019082202e-01  | 11010100000 | 10100100100
 8.7337302042e-02  | 11000100010 | 10000100110
 8.7337302042e-02  | 10000100110 | 11000100010
State 22  E  =    -111.0756173343 S^2 = 0.00 L^2 = 1.00:
 4.6872867518e-01  | 11100000100 | 10100100100
 4.6872867518e-01  | 10100100100 | 11100000100
 3.5512832336e-01  | 10110000100 | 11000100100
 3.5512832336e-01  | 11000100100 | 10110000100
 2.9070704957e-01  | 11010000100 | 10100100100
 2.9070704957e-01  | 10100100100 | 11010000100
 1.0348328218e-01  | 11000010100 | 10000110100
 1.0348328218e-01  | 10000110100 | 11000010100
 1.0217971501e-01  | 11000000110 | 10000100110
 1.0217971501e-01  | 10000100110 | 11000000110
State 23  E  =    -111.0756173342 S^2 = 0.00 L^2 = 1.00:
 4.6872867536e-01  | 10100100100 | 11100100000
 4.6872867536e-01  | 11100100000 | 10100100100
 3.5512832316e-01  | 10110100000 | 11000100100
 3.5512832316e-01  | 11000100100 | 10110100000
 2.9070704952e-01  | 11010100000 | 10100100100
 2.9070704952e-01  | 10100100100 | 11010100000
 1.0348328189e-01  | 11000100010 | 10000100110
 1.0348328189e-01  | 10000100110 | 11000100010
-1.0217971537e-01  | 11000110000 | 10000110100
-1.0217971537e-01  | 10000110100 | 11000110000
State 24  E  =    -111.0682663696 S^2 = 0.00 L^2 = 4.00:
 6.1689018050e-01  | 11100100000 | 11100100000
-6.1689018044e-01  | 11100000100 | 11100000100
-1.5314938498e-01  | 11100000100 | 11010000100
-1.5314938498e-01  | 11010000100 | 11100000100
 1.5314938493e-01  | 11010100000 | 11100100000
 1.5314938493e-01  | 11100100000 | 11010100000
 1.3521357715e-01  | 11000010100 | 11000010100
-1.3521357668e-01  | 11000100010 | 11000100010
-1.3240260308e-01  | 11000110000 | 11000110000
 1.3240260264e-01  | 11000000110 | 11000000110
State 25  E  =    -111.0682663694 S^2 = 0.00 L^2 = 4.00:
-6.1688954214e-01  | 11100000100 | 11100100000
-6.1688954214e-01  | 11100100000 | 11100000100
-1.5314966471e-01  | 11010000100 | 11100100000
-1.5314966471e-01  | 11100100000 | 11010000100
-1.5314966454e-01  | 11010100000 | 11100000100
-1.5314966454e-01  | 11100000100 | 11010100000
-1.3380800508e-01  | 11000010100 | 11000110000
-1.3380800508e-01  | 11000110000 | 11000010100
 1.3380800464e-01  | 11000000110 | 11000100010
 1.3380800464e-01  | 11000100010 | 11000000110
State 26  E  =    -111.0673026651 S^2 = 0.00 L^2 = 0.00 (-):
 5.5236066961e-01  | 11000100100 | 11110000000
 5.5236066961e-01  | 11110000000 | 11000100100
-2.7618033486e-01  | 11100000100 | 11010100000
-2.7618033486e-01  | 11010100000 | 11100000100
 2.7618033475e-01  | 11100100000 | 11010000100
 2.7618033475e-01  | 11010000100 | 11100100000
 9.6304286161e-02  | 11000100001 | 11110000000
 9.6304286161e-02  | 11110000000 | 11000100001
 9.6304286142e-02  | 11000001100 | 11110000000
 9.6304286142e-02  | 11110000000 | 11000001100
State 27  E  =    -111.0133329848 S^2 = 0.00 L^2 = 0.00 (+):
-5.3342776700e-01  | 11100000100 | 11100000100
-5.3342776700e-01  | 11100100000 | 11100100000
-4.1125358386e-01  | 10100100100 | 10100100100
 1.5530394969e-01  | 01100100100 | 01100100100
-1.3741165581e-01  | 11100000100 | 11010000100
-1.3741165581e-01  | 11010000100 | 11100000100
-1.3741165579e-01  | 11100100000 | 11010100000
-1.3741165579e-01  | 11010100000 | 11100100000
 1.1795276485e-01  | 11000010100 | 11000010100
 1.1795276461e-01  | 11000100010 | 11000100010
State 28  E  =    -111.0006554494 S^2 = 0.00 L^2 = 1.00:
 5.5047773275e-01  | 11000100100 | 10000110010
 5.5047773275e-01  | 10000110010 | 11000100100
 2.7670493272e-01  | 11000110000 | 10000100110
 2.7670493272e-01  | 10000100110 | 11000110000
 2.7377280002e-01  | 10000110100 | 11000100010
 2.7377280002e-01  | 11000100010 | 10000110100
 9.8659408998e-02  | 11000100001 | 10000110010
 9.8659408998e-02  | 10000110010 | 11000100001
 8.3024903818e-02  | 11000001100 | 10000110010
 8.3024903817e-02  | 10000110010 | 11000001100
State 29  E  =    -111.0006554494 S^2 = 0.00 L^2 = 1.00:
 5.5047773274e-01  | 11000100100 | 10000010110
 5.5047773274e-01  | 10000010110 | 11000100100
-2.7670493277e-01  | 10000110100 | 11000000110
-2.7670493277e-01  | 11000000110 | 10000110100
 2.7377279998e-01  | 11000010100 | 10000100110
 2.7377279998e-01  | 10000100110 | 11000010100
 9.8659408984e-02  | 11000001100 | 10000010110
 9.8659408984e-02  | 10000010110 | 11000001100
 8.3024903825e-02  | 10000010110 | 11000100001
 8.3024903825e-02  | 11000100001 | 10000010110


CAS_SCF density averaging:
_____________________________________________________
 State| E                 | S^2  | L^2      | weight |
______|___________________|______|__________|________|
    0 |   -111.3952097532 | 0.00 | 0.00 (+) | 0.00   |
    1 |   -111.3676100542 | 0.00 | 1.00     | 1.00   |
    2 |   -111.3676100542 | 0.00 | 1.00     | 1.00   |
    3 |   -111.3528709511 | 0.00 | 0.00 (+) | 0.00   |
    4 |   -111.3181007896 | 0.00 | 1.00     | 1.00   |
    5 |   -111.3181007896 | 0.00 | 1.00     | 1.00   |
    6 |   -111.3015995478 | 0.00 | 0.00 (+) | 0.00   |
    7 |   -111.3013054696 | 0.00 | 4.00     | 0.00   |
    8 |   -111.3013054695 | 0.00 | 4.00     | 0.00   |
    9 |   -111.2996432976 | 0.00 | 0.00 (-) | 0.00   |
   10 |   -111.2824864541 | 0.00 | 1.00     | 1.00   |
   11 |   -111.2824864540 | 0.00 | 1.00     | 1.00   |
   12 |   -111.2798557755 | 0.00 | 0.00 (+) | 0.00   |
   13 |   -111.1046631563 | 0.00 | 0.00 (+) | 0.00   |
   14 |   -111.1042664654 | 0.00 | 4.00     | 0.00   |
   15 |   -111.1042664652 | 0.00 | 4.00     | 0.00   |
   16 |   -111.1029792024 | 0.00 | 0.00 (-) | 0.00   |
   17 |   -111.0925932937 | 0.00 | 1.00     | 0.00   |
   18 |   -111.0925932936 | 0.00 | 1.00     | 0.00   |
   19 |   -111.0809358787 | 0.00 | 0.00 (+) | 0.00   |
   20 |   -111.0784070143 | 0.00 | 1.00     | 0.00   |
   21 |   -111.0784070143 | 0.00 | 1.00     | 0.00   |
   22 |   -111.0756173343 | 0.00 | 1.00     | 0.00   |
   23 |   -111.0756173342 | 0.00 | 1.00     | 0.00   |
   24 |   -111.0682663696 | 0.00 | 4.00     | 0.00   |
   25 |   -111.0682663694 | 0.00 | 4.00     | 0.00   |
   26 |   -111.0673026651 | 0.00 | 0.00 (-) | 0.00   |
   27 |   -111.0133329848 | 0.00 | 0.00 (+) | 0.00   |
   28 |   -111.0006554494 | 0.00 | 1.00     | 0.00   |
   29 |   -111.0006554494 | 0.00 | 1.00     | 0.00   |
______|___________________|______|__________|________|


CAS_SCF Energy summary:
E[  0] = -111.3952097532
E[  1] = -111.3676100542 | 0.7510 eV
E[  2] = -111.3676100542 | 0.7510 eV
E[  3] = -111.3528709511 | 1.1521 eV
E[  4] = -111.3181007896 | 2.0982 eV
E[  5] = -111.3181007896 | 2.0982 eV
E[  6] = -111.3015995478 | 2.5473 eV
E[  7] = -111.3013054696 | 2.5553 eV
E[  8] = -111.3013054695 | 2.5553 eV
E[  9] = -111.2996432976 | 2.6005 eV
E[ 10] = -111.2824864541 | 3.0674 eV
E[ 11] = -111.2824864540 | 3.0674 eV
E[ 12] = -111.2798557755 | 3.1389 eV
E[ 13] = -111.1046631563 | 7.9062 eV
E[ 14] = -111.1042664654 | 7.9170 eV
E[ 15] = -111.1042664652 | 7.9170 eV
E[ 16] = -111.1029792024 | 7.9520 eV
E[ 17] = -111.0925932937 | 8.2346 eV
E[ 18] = -111.0925932936 | 8.2346 eV
E[ 19] = -111.0809358787 | 8.5518 eV
E[ 20] = -111.0784070143 | 8.6206 eV
E[ 21] = -111.0784070143 | 8.6206 eV
E[ 22] = -111.0756173343 | 8.6966 eV
E[ 23] = -111.0756173342 | 8.6966 eV
E[ 24] = -111.0682663696 | 8.8966 eV
E[ 25] = -111.0682663694 | 8.8966 eV
E[ 26] = -111.0673026651 | 8.9228 eV
E[ 27] = -111.0133329848 | 10.3914 eV
E[ 28] = -111.0006554494 | 10.7364 eV
E[ 29] = -111.0006554494 | 10.7364 eV


CAS_SCF Dipole moment:

d[  0,  0] = { 1.222603e-12,-1.993411e-12,-5.425801e-01} |d| = 5.425801e-01
d[  0,  1] = { 2.600037e-01, 1.656466e-12,-7.715008e-13} |d| = 2.600037e-01
d[  0,  2] = {-2.878593e-17, 2.600037e-01, 8.211872e-13} |d| = 2.600037e-01
d[  0,  3] = { 1.153837e-12,-2.771236e-12,-7.011425e-01} |d| = 7.011425e-01
d[  0,  4] = { 2.277847e+00,-9.385824e-14,-2.046203e-12} |d| = 2.277847e+00
d[  0,  5] = { 6.190075e-17,-2.277847e+00, 5.011214e-13} |d| = 2.277847e+00
d[  0,  6] = {-1.171883e-12,-3.624545e-12,-4.984708e-01} |d| = 4.984708e-01
d[  0,  7] = {-1.004561e-12,-5.160662e-12,-5.528118e-09} |d| = 5.528120e-09
d[  0,  8] = { 3.688114e-12, 3.672375e-12,-3.358072e-11} |d| = 3.398166e-11
d[  0,  9] = {-7.628388e-13,-3.037415e-12, 1.794808e-11} |d| = 1.821926e-11
d[  0, 10] = { 2.161813e-01,-9.945161e-13, 1.526889e-12} |d| = 2.161813e-01
d[  0, 11] = { 5.380136e-19, 2.161813e-01, 4.277795e-11} |d| = 2.161813e-01
d[  0, 12] = {-1.899223e-12, 4.128722e-12,-2.668878e+00} |d| = 2.668878e+00
d[  0, 13] = {-6.682999e-13,-5.357476e-13,-8.101136e-02} |d| = 8.101136e-02
d[  0, 14] = { 2.555002e-14, 1.261507e-13,-2.055267e-13} |d| = 2.425037e-13
d[  0, 15] = { 3.052174e-13,-6.166984e-14, 7.260564e-09} |d| = 7.260564e-09
d[  0, 16] = {-2.001514e-13,-2.686589e-12,-3.444079e-13} |d| = 2.715960e-12
d[  0, 17] = { 1.245984e-02, 1.411679e-12, 1.838882e-13} |d| = 1.245984e-02
d[  0, 18] = { 1.619313e-20,-1.245984e-02,-1.109184e-13} |d| = 1.245984e-02
d[  0, 19] = { 1.641748e-12,-2.071015e-12, 1.292046e-01} |d| = 1.292046e-01
d[  0, 20] = { 1.563316e-01, 8.805775e-11,-1.250555e-12} |d| = 1.563316e-01
d[  0, 21] = { 2.823866e-19,-1.563316e-01, 7.042405e-14} |d| = 1.563316e-01
d[  0, 22] = { 3.775760e-01,-3.621825e-11,-1.406641e-13} |d| = 3.775760e-01
d[  0, 23] = { 1.300867e-16, 3.775760e-01,-2.930357e-13} |d| = 3.775760e-01
d[  0, 24] = { 2.018551e-12,-4.741650e-13, 3.693125e-11} |d| = 3.698942e-11
d[  0, 25] = { 1.242467e-14, 8.232782e-13, 1.839384e-13} |d| = 8.436674e-13
d[  0, 26] = {-4.841513e-13,-5.273230e-13,-9.449707e-14} |d| = 7.220815e-13
d[  0, 27] = {-2.926246e-13,-2.590791e-13, 5.680235e-02} |d| = 5.680235e-02
d[  0, 28] = { 2.489719e-02,-4.000188e-13,-2.570766e-14} |d| = 2.489719e-02
d[  0, 29] = { 5.793246e-19, 2.489719e-02,-5.352487e-14} |d| = 2.489719e-02

d[  1,  0] = { 2.600037e-01, 1.656466e-12,-7.715008e-13} |d| = 2.600037e-01
d[  1,  1] = { 3.372355e-12, 8.373213e-13,-3.976811e-01} |d| = 3.976811e-01
d[  1,  2] = {-6.930935e-13, 5.482574e-13, 1.373332e-12} |d| = 1.633097e-12
d[  1,  3] = { 3.271771e-01, 9.388630e-13,-1.219763e-12} |d| = 3.271771e-01
d[  1,  4] = {-6.117359e-13, 3.021372e-12,-3.418980e-02} |d| = 3.418980e-02
d[  1,  5] = { 6.449868e-13,-5.609132e-12, 1.547099e-12} |d| = 5.854220e-12
d[  1,  6] = { 1.828424e+00, 2.061745e-10,-2.275508e-12} |d| = 1.828424e+00
d[  1,  7] = {-1.873316e+00,-2.443132e-04, 6.967753e-13} |d| = 1.873316e+00
d[  1,  8] = { 2.443133e-04,-1.873316e+00,-4.498421e-12} |d| = 1.873316e+00
d[  1,  9] = {-7.371944e-11, 1.879123e+00, 1.521792e-12} |d| = 1.879123e+00
d[  1, 10] = {-2.110135e-12, 5.618629e-12,-2.075320e+00} |d| = 2.075320e+00
d[  1, 11] = { 3.913368e-12,-5.819276e-12, 5.258737e-13} |d| = 7.032422e-12
d[  1, 12] = {-2.087529e-01,-1.847294e-12,-1.085784e-12} |d| = 2.087529e-01
d[  1, 13] = {-6.451914e-02, 1.546846e-12,-2.091605e-13} |d| = 6.451914e-02
d[  1, 14] = { 2.255555e-05, 7.042986e-02,-5.254713e-13} |d| = 7.042987e-02
d[  1, 15] = {-7.042987e-02, 2.255555e-05, 2.302975e-13} |d| = 7.042987e-02
d[  1, 16] = {-4.058843e-14, 6.776164e-02, 8.786812e-13} |d| = 6.776164e-02
d[  1, 17] = {-3.298909e-13,-1.467678e-13, 7.661944e-02} |d| = 7.661944e-02
d[  1, 18] = {-1.880889e-13, 2.462318e-13, 2.967512e-12} |d| = 2.983645e-12
d[  1, 19] = {-1.056519e-01,-3.801041e-13, 3.233313e-12} |d| = 1.056519e-01
d[  1, 20] = { 3.753511e-13, 1.106034e-13, 3.294127e-01} |d| = 3.294127e-01
d[  1, 21] = { 7.637221e-14,-1.387252e-12, 3.061666e-11} |d| = 3.064817e-11
d[  1, 22] = {-4.105313e-13, 1.110973e-12, 4.521205e-01} |d| = 4.521205e-01
d[  1, 23] = {-2.381351e-13, 6.128318e-13,-2.029499e-11} |d| = 2.030564e-11
d[  1, 24] = { 2.381276e-01,-1.209657e-05, 6.848277e-13} |d| = 2.381276e-01
d[  1, 25] = { 1.209661e-05, 2.381269e-01, 1.712657e-13} |d| = 2.381269e-01
d[  1, 26] = {-3.417674e-12, 4.036169e-01,-1.369864e-12} |d| = 4.036169e-01
d[  1, 27] = { 2.114292e-01, 4.495307e-13,-5.601403e-14} |d| = 2.114292e-01
d[  1, 28] = { 7.209888e-14,-9.439811e-13,-2.010876e-03} |d| = 2.010876e-03
d[  1, 29] = {-6.262805e-14, 7.668870e-13, 5.001904e-13} |d| = 9.177300e-13

d[  2,  0] = {-2.878593e-17, 2.600037e-01, 8.211872e-13} |d| = 2.600037e-01
d[  2,  1] = {-6.930935e-13, 5.482574e-13, 1.373332e-12} |d| = 1.633097e-12
d[  2,  2] = { 7.313675e-13, 1.305789e-12,-3.976811e-01} |d| = 3.976811e-01
d[  2,  3] = {-7.020917e-13, 3.271771e-01, 1.907736e-12} |d| = 3.271771e-01
d[  2,  4] = { 2.485647e-12, 1.566432e-12, 2.719878e-13} |d| = 2.950614e-12
d[  2,  5] = {-1.055520e-12,-8.367541e-12, 3.418980e-02} |d| = 3.418980e-02
d[  2,  6] = { 6.747985e-11, 1.828424e+00,-1.609859e-12} |d| = 1.828424e+00
d[  2,  7] = {-2.443132e-04, 1.873316e+00,-2.144374e-12} |d| = 1.873316e+00
d[  2,  8] = {-1.873316e+00,-2.443130e-04, 8.693351e-12} |d| = 1.873316e+00
d[  2,  9] = {-1.879123e+00,-6.151268e-11, 1.909705e-12} |d| = 1.879123e+00
d[  2, 10] = { 2.270005e-12,-1.210373e-12,-8.939149e-14} |d| = 2.574086e-12
d[  2, 11] = {-8.994436e-12,-1.386106e-13,-2.075320e+00} |d| = 2.075320e+00
d[  2, 12] = {-1.571653e-12,-2.087529e-01,-3.287633e-11} |d| = 2.087529e-01
d[  2, 13] = { 1.792842e-12,-6.451913e-02,-3.534473e-13} |d| = 6.451913e-02
d[  2, 14] = { 7.042987e-02,-2.255555e-05, 7.983786e-13} |d| = 7.042987e-02
d[  2, 15] = { 2.255555e-05, 7.042988e-02, 5.564820e-13} |d| = 7.042988e-02
d[  2, 16] = {-6.776164e-02, 5.395747e-13,-3.140853e-12} |d| = 6.776164e-02
d[  2, 17] = {-2.772589e-13,-4.220945e-13, 5.122601e-12} |d| = 5.147435e-12
d[  2, 18] = { 4.026772e-13, 6.157606e-13,-7.661944e-02} |d| = 7.661944e-02
d[  2, 19] = {-1.809390e-13,-1.056519e-01,-3.431322e-13} |d| = 1.056519e-01
d[  2, 20] = {-3.162949e-13, 1.782701e-12, 1.367790e-10} |d| = 1.367910e-10
d[  2, 21] = {-1.134666e-12,-1.432341e-13,-3.294127e-01} |d| = 3.294127e-01
d[  2, 22] = {-5.212678e-13, 4.988960e-13,-5.598312e-11} |d| = 5.598777e-11
d[  2, 23] = {-1.255974e-13,-4.528869e-13, 4.521205e-01} |d| = 4.521205e-01
d[  2, 24] = {-1.209658e-05,-2.381276e-01,-5.880789e-13} |d| = 2.381276e-01
d[  2, 25] = { 2.381269e-01,-1.209661e-05, 1.112071e-12} |d| = 2.381269e-01
d[  2, 26] = {-4.036169e-01, 1.137578e-12,-6.057834e-13} |d| = 4.036169e-01
d[  2, 27] = {-8.238819e-13, 2.114292e-01,-3.200925e-13} |d| = 2.114292e-01
d[  2, 28] = { 3.855226e-13, 7.185919e-13,-9.037669e-13} |d| = 1.217291e-12
d[  2, 29] = { 4.540040e-13, 4.269821e-13,-2.010876e-03} |d| = 2.010876e-03

d[  3,  0] = { 1.153837e-12,-2.771236e-12,-7.011425e-01} |d| = 7.011425e-01
d[  3,  1] = { 3.271771e-01, 9.388630e-13,-1.219763e-12} |d| = 3.271771e-01
d[  3,  2] = {-7.020917e-13, 3.271771e-01, 1.907736e-12} |d| = 3.271771e-01
d[  3,  3] = {-1.905062e-12, 4.604565e-12,-3.799876e+00} |d| = 3.799876e+00
d[  3,  4] = {-1.434457e+00,-1.557365e-13, 1.579179e-12} |d| = 1.434457e+00
d[  3,  5] = {-1.450187e-13, 1.434457e+00, 4.532557e-12} |d| = 1.434457e+00
d[  3,  6] = { 7.581818e-13, 2.904261e-12,-1.187851e-02} |d| = 1.187851e-02
d[  3,  7] = { 1.118751e-12, 4.110910e-12,-2.057821e-09} |d| = 2.057825e-09
d[  3,  8] = {-1.557674e-12,-3.815585e-12,-1.008252e-12} |d| = 4.242830e-12
d[  3,  9] = {-4.758339e-13, 9.744737e-13, 1.179268e-12} |d| = 1.602090e-12
d[  3, 10] = { 4.061808e-01, 2.361134e-12, 1.190242e-12} |d| = 4.061808e-01
d[  3, 11] = {-1.067994e-12, 4.061808e-01, 1.678058e-11} |d| = 4.061808e-01
d[  3, 12] = { 1.504119e-12, 5.289709e-12,-1.189130e+00} |d| = 1.189130e+00
d[  3, 13] = { 5.473540e-14, 5.851070e-13, 5.419834e-02} |d| = 5.419834e-02
d[  3, 14] = {-5.237213e-13,-4.553383e-14, 6.929905e-13} |d| = 8.698236e-13
d[  3, 15] = {-5.002874e-13,-3.737479e-13,-4.685332e-09} |d| = 4.685332e-09
d[  3, 16] = {-4.259230e-13, 5.076949e-13,-3.644159e-13} |d| = 7.562826e-13
d[  3, 17] = {-1.515988e-02,-1.059345e-12,-7.870681e-13} |d| = 1.515988e-02
d[  3, 18] = {-5.068015e-13, 1.515988e-02,-1.196936e-13} |d| = 1.515988e-02
d[  3, 19] = {-3.293280e-13, 6.557318e-13,-1.193739e-01} |d| = 1.193739e-01
d[  3, 20] = {-6.333389e-03,-2.564032e-11, 7.832452e-13} |d| = 6.333389e-03
d[  3, 21] = { 1.433901e-11, 6.333389e-03,-1.170390e-12} |d| = 6.333389e-03
d[  3, 22] = {-1.700574e-01, 1.009137e-11, 6.686223e-14} |d| = 1.700574e-01
d[  3, 23] = {-9.539539e-12,-1.700574e-01,-8.127665e-13} |d| = 1.700574e-01
d[  3, 24] = {-1.005810e-12, 1.250943e-13, 6.742476e-11} |d| = 6.743238e-11
d[  3, 25] = { 2.348501e-13,-7.145608e-13, 4.783723e-13} |d| = 8.913987e-13
d[  3, 26] = {-1.249195e-13, 6.352438e-14, 4.162008e-14} |d| = 1.461932e-13
d[  3, 27] = { 6.861444e-14, 2.560461e-13,-9.143155e-02} |d| = 9.143155e-02
d[  3, 28] = {-1.645996e-02, 4.663062e-13,-2.271140e-13} |d| = 1.645996e-02
d[  3, 29] = {-1.641118e-13,-1.645996e-02, 1.506281e-13} |d| = 1.645996e-02

d[  4,  0] = { 2.277847e+00,-9.385824e-14,-2.046203e-12} |d| = 2.277847e+00
d[  4,  1] = {-6.117359e-13, 3.021372e-12,-3.418980e-02} |d| = 3.418980e-02
d[  4,  2] = { 2.485647e-12, 1.566432e-12, 2.719878e-13} |d| = 2.950614e-12
d[  4,  3] = {-1.434457e+00,-1.557365e-13, 1.579179e-12} |d| = 1.434457e+00
d[  4,  4] = { 1.131711e-12,-2.478086e-13,-4.095817e-01} |d| = 4.095817e-01
d[  4,  5] = { 1.322077e-12,-5.250242e-13,-1.139920e-13} |d| = 1.427071e-12
d[  4,  6] = { 9.961305e-02,-1.313076e-12, 1.673149e-13} |d| = 9.961305e-02
d[  4,  7] = {-1.439206e-02,-1.876976e-06,-2.239221e-14} |d| = 1.439206e-02
d[  4,  8] = { 1.876982e-06,-1.439206e-02,-5.999287e-15} |d| = 1.439206e-02
d[  4,  9] = {-2.758412e-12,-5.148696e-02,-8.147815e-14} |d| = 5.148696e-02
d[  4, 10] = {-2.953228e-13, 5.792219e-13, 1.826258e-02} |d| = 1.826258e-02
d[  4, 11] = {-3.475208e-12, 4.896397e-14, 6.516294e-13} |d| = 3.536112e-12
d[  4, 12] = { 2.249303e-01, 5.571620e-14, 9.140805e-13} |d| = 2.249303e-01
d[  4, 13] = {-2.637159e-01, 4.689513e-12, 4.261383e-13} |d| = 2.637159e-01
d[  4, 14] = { 6.840370e-05, 2.135911e-01,-9.812334e-13} |d| = 2.135911e-01
d[  4, 15] = {-2.135910e-01, 6.840372e-05,-1.649190e-13} |d| = 2.135910e-01
d[  4, 16] = {-4.975180e-13,-2.236307e-01,-7.020271e-14} |d| = 2.236307e-01
d[  4, 17] = {-6.265798e-13, 1.698638e-13,-1.239313e-03} |d| = 1.239313e-03
d[  4, 18] = { 1.529428e-13,-9.270771e-15, 1.093901e-13} |d| = 1.882648e-13
d[  4, 19] = {-4.175470e-02, 7.820218e-14,-6.102854e-13} |d| = 4.175470e-02
d[  4, 20] = {-6.598058e-13, 2.653199e-13,-5.766035e-02} |d| = 5.766035e-02
d[  4, 21] = {-1.180537e-13, 1.690041e-12,-9.780360e-12} |d| = 9.926007e-12
d[  4, 22] = { 1.660334e-13,-3.560772e-13,-2.406370e-02} |d| = 2.406370e-02
d[  4, 23] = {-6.284040e-13,-9.029933e-13, 6.588988e-12} |d| = 6.680198e-12
d[  4, 24] = {-1.103635e-04, 5.590540e-09,-9.409049e-13} |d| = 1.103635e-04
d[  4, 25] = {-5.606546e-09,-1.100574e-04,-6.491886e-14} |d| = 1.100574e-04
d[  4, 26] = { 3.317897e-13,-4.632128e-03,-2.053940e-13} |d| = 4.632128e-03
d[  4, 27] = {-1.730162e-02,-5.289243e-14, 3.181983e-13} |d| = 1.730162e-02
d[  4, 28] = { 4.096191e-13,-3.813653e-13,-1.129632e-01} |d| = 1.129632e-01
d[  4, 29] = {-4.575611e-13,-3.137904e-14,-1.064555e-12} |d| = 1.159148e-12

d[  5,  0] = { 6.190075e-17,-2.277847e+00, 5.011214e-13} |d| = 2.277847e+00
d[  5,  1] = { 6.449868e-13,-5.609132e-12, 1.547099e-12} |d| = 5.854220e-12
d[  5,  2] = {-1.055520e-12,-8.367541e-12, 3.418980e-02} |d| = 3.418980e-02
d[  5,  3] = {-1.450187e-13, 1.434457e+00, 4.532557e-12} |d| = 1.434457e+00
d[  5,  4] = { 1.322077e-12,-5.250242e-13,-1.139920e-13} |d| = 1.427071e-12
d[  5,  5] = { 2.001636e-13,-2.456275e-12,-4.095817e-01} |d| = 4.095817e-01
d[  5,  6] = {-2.163337e-12,-9.961305e-02, 1.121634e-13} |d| = 9.961305e-02
d[  5,  7] = { 1.876975e-06,-1.439206e-02,-9.952953e-14} |d| = 1.439206e-02
d[  5,  8] = { 1.439206e-02, 1.876969e-06, 1.409426e-13} |d| = 1.439206e-02
d[  5,  9] = {-5.148696e-02, 4.101633e-12, 1.214314e-13} |d| = 5.148696e-02
d[  5, 10] = {-4.920011e-13,-9.869644e-13,-1.273183e-12} |d| = 1.684387e-12
d[  5, 11] = {-2.617192e-13, 1.895707e-12,-1.826258e-02} |d| = 1.826258e-02
d[  5, 12] = {-2.590768e-13,-2.249303e-01, 1.955923e-12} |d| = 2.249303e-01
d[  5, 13] = {-4.847459e-12, 2.637159e-01,-5.104722e-13} |d| = 2.637159e-01
d[  5, 14] = {-2.135911e-01, 6.840371e-05, 3.391207e-13} |d| = 2.135911e-01
d[  5, 15] = {-6.840371e-05,-2.135911e-01, 4.261559e-13} |d| = 2.135911e-01
d[  5, 16] = {-2.236307e-01,-1.385055e-12,-8.262894e-13} |d| = 2.236307e-01
d[  5, 17] = { 1.195081e-12,-5.942668e-13, 4.214878e-13} |d| = 1.399652e-12
d[  5, 18] = {-3.044777e-14,-3.833209e-13,-1.239313e-03} |d| = 1.239313e-03
d[  5, 19] = {-8.391070e-14, 4.175470e-02,-1.108952e-13} |d| = 4.175470e-02
d[  5, 20] = { 3.284182e-14,-9.121102e-13, 1.592634e-11} |d| = 1.595247e-11
d[  5, 21] = { 1.541801e-12, 7.665814e-14,-5.766035e-02} |d| = 5.766035e-02
d[  5, 22] = {-1.774730e-13, 9.413394e-13,-6.616169e-12} |d| = 6.685156e-12
d[  5, 23] = {-6.757698e-13, 6.781453e-13, 2.406370e-02} |d| = 2.406370e-02
d[  5, 24] = {-5.590724e-09,-1.103635e-04,-1.175973e-13} |d| = 1.103635e-04
d[  5, 25] = { 1.100575e-04,-5.606208e-09,-2.637180e-14} |d| = 1.100575e-04
d[  5, 26] = {-4.632128e-03, 3.475850e-13,-1.668738e-13} |d| = 4.632128e-03
d[  5, 27] = { 2.511454e-14, 1.730162e-02, 6.798360e-14} |d| = 1.730162e-02
d[  5, 28] = {-6.139882e-13, 2.427379e-13,-1.293041e-12} |d| = 1.451847e-12
d[  5, 29] = {-2.898143e-13,-7.082534e-14, 1.129632e-01} |d| = 1.129632e-01

d[  6,  0] = {-1.171883e-12,-3.624545e-12,-4.984708e-01} |d| = 4.984708e-01
d[  6,  1] = { 1.828424e+00, 2.061745e-10,-2.275508e-12} |d| = 1.828424e+00
d[  6,  2] = { 6.747985e-11, 1.828424e+00,-1.609859e-12} |d| = 1.828424e+00
d[  6,  3] = { 7.581818e-13, 2.904261e-12,-1.187851e-02} |d| = 1.187851e-02
d[  6,  4] = { 9.961305e-02,-1.313076e-12, 1.673149e-13} |d| = 9.961305e-02
d[  6,  5] = {-2.163337e-12,-9.961305e-02, 1.121634e-13} |d| = 9.961305e-02
d[  6,  6] = {-7.386720e-13, 2.844362e-13,-4.015650e-01} |d| = 4.015650e-01
d[  6,  7] = { 1.049827e-12,-1.913839e-13, 2.350826e-09} |d| = 2.350826e-09
d[  6,  8] = { 7.178250e-13,-3.970149e-13, 1.676601e-12} |d| = 1.866516e-12
d[  6,  9] = {-8.938146e-13,-8.282987e-13,-7.063635e-13} |d| = 1.408521e-12
d[  6, 10] = { 3.377738e-01, 3.839690e-11, 1.151057e-12} |d| = 3.377738e-01
d[  6, 11] = { 1.368950e-11, 3.377738e-01, 5.591494e-13} |d| = 3.377738e-01
d[  6, 12] = {-3.542475e-14, 5.333461e-12,-2.366559e-02} |d| = 2.366559e-02
d[  6, 13] = { 4.568317e-14, 4.045414e-13, 1.966253e-01} |d| = 1.966253e-01
d[  6, 14] = {-4.459135e-13,-6.790918e-13,-1.470157e-11} |d| = 1.472400e-11
d[  6, 15] = { 2.339563e-13,-6.235770e-13,-1.192324e-08} |d| = 1.192324e-08
d[  6, 16] = {-7.075976e-13, 2.921468e-13,-7.745497e-12} |d| = 7.783237e-12
d[  6, 17] = {-2.027712e-01, 1.450363e-11, 2.336796e-13} |d| = 2.027712e-01
d[  6, 18] = {-2.322945e-11, 2.027712e-01,-2.719043e-13} |d| = 2.027712e-01
d[  6, 19] = { 4.193381e-13, 1.728142e-13, 2.130619e-02} |d| = 2.130619e-02
d[  6, 20] = {-2.948138e-02,-1.286345e-11, 6.296859e-14} |d| = 2.948138e-02
d[  6, 21] = {-2.659374e-12, 2.948138e-02,-7.141201e-13} |d| = 2.948138e-02
d[  6, 22] = {-4.536920e-02, 7.370132e-13, 1.886631e-13} |d| = 4.536920e-02
d[  6, 23] = {-1.860995e-13,-4.536920e-02, 3.966050e-13} |d| = 4.536920e-02
d[  6, 24] = { 1.156110e-13, 9.274209e-14, 5.333261e-10} |d| = 5.333261e-10
d[  6, 25] = { 2.585215e-13,-3.385485e-13, 1.655476e-12} |d| = 1.709400e-12
d[  6, 26] = { 2.439682e-13,-3.473529e-13,-3.194967e-12} |d| = 3.223040e-12
d[  6, 27] = { 9.425705e-14, 8.703917e-14, 3.630284e-02} |d| = 3.630284e-02
d[  6, 28] = { 7.287347e-02,-2.802067e-12, 2.643394e-13} |d| = 7.287347e-02
d[  6, 29] = {-6.675803e-12, 7.287347e-02, 1.575083e-13} |d| = 7.287347e-02

d[  7,  0] = {-1.004561e-12,-5.160662e-12,-5.528118e-09} |d| = 5.528120e-09
d[  7,  1] = {-1.873316e+00,-2.443132e-04, 6.967753e-13} |d| = 1.873316e+00
d[  7,  2] = {-2.443132e-04, 1.873316e+00,-2.144374e-12} |d| = 1.873316e+00
d[  7,  3] = { 1.118751e-12, 4.110910e-12,-2.057821e-09} |d| = 2.057825e-09
d[  7,  4] = {-1.439206e-02,-1.876976e-06,-2.239221e-14} |d| = 1.439206e-02
d[  7,  5] = { 1.876975e-06,-1.439206e-02,-9.952953e-14} |d| = 1.439206e-02
d[  7,  6] = { 1.049827e-12,-1.913839e-13, 2.350826e-09} |d| = 2.350826e-09
d[  7,  7] = {-1.490065e-12,-6.117735e-13,-4.269743e-01} |d| = 4.269743e-01
d[  7,  8] = {-6.835296e-13,-1.648522e-12,-1.296405e-10} |d| = 1.296528e-10
d[  7,  9] = { 7.922361e-13, 3.171159e-13,-3.446026e-13} |d| = 9.202997e-13
d[  7, 10] = {-3.498314e-01,-4.562417e-05,-1.189961e-12} |d| = 3.498314e-01
d[  7, 11] = {-4.562417e-05, 3.498314e-01, 1.075096e-12} |d| = 3.498314e-01
d[  7, 12] = {-5.447378e-14, 5.479362e-12,-1.693845e-09} |d| = 1.693854e-09
d[  7, 13] = {-7.355043e-14,-1.473288e-13,-1.249593e-08} |d| = 1.249593e-08
d[  7, 14] = {-1.407931e-12,-5.513262e-13, 9.140272e-05} |d| = 9.140272e-05
d[  7, 15] = { 5.623585e-13,-3.355217e-13,-2.028138e-01} |d| = 2.028138e-01
d[  7, 16] = {-4.656125e-13, 6.414687e-13, 2.436378e-13} |d| = 8.292385e-13
d[  7, 17] = {-2.587098e-01,-3.374027e-05,-9.353794e-14} |d| = 2.587098e-01
d[  7, 18] = { 3.374026e-05,-2.587098e-01,-4.271186e-13} |d| = 2.587098e-01
d[  7, 19] = { 1.021561e-12,-1.997362e-13, 1.500117e-10} |d| = 1.500153e-10
d[  7, 20] = {-2.722084e-04,-3.546387e-08,-9.479065e-13} |d| = 2.722084e-04
d[  7, 21] = { 3.545367e-08,-2.722078e-04,-5.253563e-13} |d| = 2.722078e-04
d[  7, 22] = { 4.297987e-02, 5.605335e-06, 3.060332e-13} |d| = 4.297987e-02
d[  7, 23] = { 5.605337e-06,-4.297987e-02, 3.860108e-13} |d| = 4.297987e-02
d[  7, 24] = {-4.512947e-14,-3.465190e-13,-2.137181e-02} |d| = 2.137181e-02
d[  7, 25] = { 2.811031e-13, 3.939819e-13,-3.872995e-06} |d| = 3.872995e-06
d[  7, 26] = { 1.783610e-13, 1.961618e-13, 4.409844e-13} |d| = 5.145477e-13
d[  7, 27] = { 3.287895e-13, 9.156542e-14, 4.048512e-10} |d| = 4.048513e-10
d[  7, 28] = { 6.556015e-02, 8.550187e-06,-8.090849e-13} |d| = 6.556015e-02
d[  7, 29] = { 8.550187e-06,-6.556015e-02,-6.791780e-13} |d| = 6.556015e-02

d[  8,  0] = { 3.688114e-12, 3.672375e-12,-3.358072e-11} |d| = 3.398166e-11
d[  8,  1] = { 2.443133e-04,-1.873316e+00,-4.498421e-12} |d| = 1.873316e+00
d[  8,  2] = {-1.873316e+00,-2.443130e-04, 8.693351e-12} |d| = 1.873316e+00
d[  8,  3] = {-1.557674e-12,-3.815585e-12,-1.008252e-12} |d| = 4.242830e-12
d[  8,  4] = { 1.876982e-06,-1.439206e-02,-5.999287e-15} |d| = 1.439206e-02
d[  8,  5] = { 1.439206e-02, 1.876969e-06, 1.409426e-13} |d| = 1.439206e-02
d[  8,  6] = { 7.178250e-13,-3.970149e-13, 1.676601e-12} |d| = 1.866516e-12
d[  8,  7] = {-6.835296e-13,-1.648522e-12,-1.296405e-10} |d| = 1.296528e-10
d[  8,  8] = { 1.785626e-12,-1.916620e-12,-4.269753e-01} |d| = 4.269753e-01
d[  8,  9] = { 1.546739e-12, 1.504721e-12,-2.012070e-09} |d| = 2.012072e-09
d[  8, 10] = { 4.562415e-05,-3.498317e-01, 4.989445e-13} |d| = 3.498317e-01
d[  8, 11] = {-3.498317e-01,-4.562410e-05,-1.360558e-12} |d| = 3.498317e-01
d[  8, 12] = {-5.008410e-12,-4.726714e-13,-1.111907e-12} |d| = 5.152080e-12
d[  8, 13] = {-2.235144e-13,-1.997203e-13, 2.092569e-11} |d| = 2.092783e-11
d[  8, 14] = { 9.587316e-13,-9.034908e-13, 2.028139e-01} |d| = 2.028139e-01
d[  8, 15] = {-6.256601e-14, 9.346152e-13, 9.140273e-05} |d| = 9.140273e-05
d[  8, 16] = { 3.214642e-13, 3.785263e-13, 4.541817e-09} |d| = 4.541817e-09
d[  8, 17] = { 3.374025e-05,-2.587098e-01,-9.553441e-13} |d| = 2.587098e-01
d[  8, 18] = { 2.587098e-01, 3.374028e-05, 3.568602e-14} |d| = 2.587098e-01
d[  8, 19] = { 1.526310e-13, 9.523585e-13, 8.437392e-13} |d| = 1.281475e-12
d[  8, 20] = { 3.550528e-08,-2.718768e-04, 7.196106e-13} |d| = 2.718768e-04
d[  8, 21] = { 2.718768e-04, 3.549885e-08,-2.471415e-12} |d| = 2.718768e-04
d[  8, 22] = {-5.605330e-06, 4.297993e-02, 1.037416e-12} |d| = 4.297993e-02
d[  8, 23] = { 4.297993e-02, 5.605326e-06, 4.363026e-13} |d| = 4.297993e-02
d[  8, 24] = { 2.906779e-13, 2.950588e-13, 3.872949e-06} |d| = 3.872949e-06
d[  8, 25] = {-3.652452e-13, 3.200073e-13,-2.137238e-02} |d| = 2.137238e-02
d[  8, 26] = {-1.015940e-12,-4.052082e-13,-4.015779e-10} |d| = 4.015794e-10
d[  8, 27] = {-9.037611e-14,-5.561092e-14, 2.500468e-12} |d| = 2.502719e-12
d[  8, 28] = {-8.550184e-06, 6.556013e-02,-7.258898e-13} |d| = 6.556013e-02
d[  8, 29] = { 6.556013e-02, 8.550194e-06, 5.654723e-13} |d| = 6.556013e-02

d[  9,  0] = {-7.628388e-13,-3.037415e-12, 1.794808e-11} |d| = 1.821926e-11
d[  9,  1] = {-7.371944e-11, 1.879123e+00, 1.521792e-12} |d| = 1.879123e+00
d[  9,  2] = {-1.879123e+00,-6.151268e-11, 1.909705e-12} |d| = 1.879123e+00
d[  9,  3] = {-4.758339e-13, 9.744737e-13, 1.179268e-12} |d| = 1.602090e-12
d[  9,  4] = {-2.758412e-12,-5.148696e-02,-8.147815e-14} |d| = 5.148696e-02
d[  9,  5] = {-5.148696e-02, 4.101633e-12, 1.214314e-13} |d| = 5.148696e-02
d[  9,  6] = {-8.938146e-13,-8.282987e-13,-7.063635e-13} |d| = 1.408521e-12
d[  9,  7] = { 7.922361e-13, 3.171159e-13,-3.446026e-13} |d| = 9.202997e-13
d[  9,  8] = { 1.546739e-12, 1.504721e-12,-2.012071e-09} |d| = 2.012072e-09
d[  9,  9] = { 7.938889e-13,-9.770897e-13,-4.262801e-01} |d| = 4.262801e-01
d[  9, 10] = {-1.358068e-11, 3.644618e-01,-3.782284e-14} |d| = 3.644618e-01
d[  9, 11] = {-3.644618e-01,-9.959899e-12, 4.656796e-14} |d| = 3.644618e-01
d[  9, 12] = {-6.096361e-12,-6.257243e-13, 1.321845e-12} |d| = 6.269324e-12
d[  9, 13] = { 6.019571e-13, 2.637252e-13,-6.388228e-12} |d| = 6.421944e-12
d[  9, 14] = { 7.633230e-14, 3.353007e-13, 4.667282e-09} |d| = 4.667282e-09
d[  9, 15] = { 4.799766e-14,-2.278580e-13, 2.463842e-12} |d| = 2.474821e-12
d[  9, 16] = {-3.875072e-13, 7.545056e-14,-2.029058e-01} |d| = 2.029058e-01
d[  9, 17] = {-9.505562e-12, 2.488318e-01,-2.751798e-13} |d| = 2.488318e-01
d[  9, 18] = { 2.488318e-01, 7.881758e-12, 1.918616e-14} |d| = 2.488318e-01
d[  9, 19] = { 2.304898e-13,-9.537922e-13,-4.766874e-13} |d| = 1.090906e-12
d[  9, 20] = { 7.586414e-12,-6.709719e-04,-5.625786e-14} |d| = 6.709719e-04
d[  9, 21] = {-6.709719e-04, 2.291380e-12, 4.781527e-13} |d| = 6.709719e-04
d[  9, 22] = { 3.084591e-13,-4.076553e-02,-6.628108e-13} |d| = 4.076553e-02
d[  9, 23] = { 4.076553e-02,-1.456153e-12,-9.868214e-14} |d| = 4.076553e-02
d[  9, 24] = { 2.152645e-13,-2.437160e-13,-2.809584e-13} |d| = 4.297370e-13
d[  9, 25] = {-6.245553e-14,-6.031256e-13, 2.330881e-11} |d| = 2.331669e-11
d[  9, 26] = { 1.429861e-13, 4.554789e-13,-9.028998e-02} |d| = 9.028998e-02
d[  9, 27] = {-1.124033e-13,-2.717147e-13,-1.501145e-12} |d| = 1.529673e-12
d[  9, 28] = {-1.956031e-12, 6.831352e-02, 5.519837e-14} |d| = 6.831352e-02
d[  9, 29] = {-6.831352e-02,-1.330047e-12, 4.782125e-13} |d| = 6.831352e-02

d[ 10,  0] = { 2.161813e-01,-9.945161e-13, 1.526889e-12} |d| = 2.161813e-01
d[ 10,  1] = {-2.110135e-12, 5.618629e-12,-2.075320e+00} |d| = 2.075320e+00
d[ 10,  2] = { 2.270005e-12,-1.210373e-12,-8.939149e-14} |d| = 2.574086e-12
d[ 10,  3] = { 4.061808e-01, 2.361134e-12, 1.190242e-12} |d| = 4.061808e-01
d[ 10,  4] = {-2.953228e-13, 5.792219e-13, 1.826258e-02} |d| = 1.826258e-02
d[ 10,  5] = {-4.920011e-13,-9.869644e-13,-1.273183e-12} |d| = 1.684387e-12
d[ 10,  6] = { 3.377738e-01, 3.839690e-11, 1.151057e-12} |d| = 3.377738e-01
d[ 10,  7] = {-3.498314e-01,-4.562417e-05,-1.189961e-12} |d| = 3.498314e-01
d[ 10,  8] = { 4.562415e-05,-3.498317e-01, 4.989445e-13} |d| = 3.498317e-01
d[ 10,  9] = {-1.358068e-11, 3.644618e-01,-3.782284e-14} |d| = 3.644618e-01
d[ 10, 10] = {-1.215747e-12, 1.951095e-12,-1.282771e-01} |d| = 1.282771e-01
d[ 10, 11] = {-2.583889e-12,-1.476077e-12,-9.435102e-13} |d| = 3.121778e-12
d[ 10, 12] = { 2.113996e-01, 2.892584e-13, 7.453284e-13} |d| = 2.113996e-01
d[ 10, 13] = {-2.029541e-02, 6.881539e-13,-2.744661e-13} |d| = 2.029541e-02
d[ 10, 14] = { 7.399265e-06, 2.310427e-02,-4.709634e-13} |d| = 2.310427e-02
d[ 10, 15] = {-2.310426e-02, 7.399269e-06, 2.076157e-13} |d| = 2.310426e-02
d[ 10, 16] = {-2.588707e-13, 2.728358e-02, 7.210694e-13} |d| = 2.728358e-02
d[ 10, 17] = { 8.910203e-13, 9.051568e-13, 1.529455e-02} |d| = 1.529455e-02
d[ 10, 18] = {-2.172779e-13,-1.003577e-12,-1.298972e-12} |d| = 1.655810e-12
d[ 10, 19] = {-1.498350e-02,-1.408896e-13, 3.171741e-12} |d| = 1.498350e-02
d[ 10, 20] = { 3.128715e-13,-7.226408e-13, 2.870639e-01} |d| = 2.870639e-01
d[ 10, 21] = {-1.513729e-13,-2.889791e-13, 2.728193e-11} |d| = 2.728388e-11
d[ 10, 22] = {-1.757449e-13,-2.114207e-13, 3.736170e-01} |d| = 3.736170e-01
d[ 10, 23] = {-1.675499e-13,-3.274639e-13,-1.790314e-11} |d| = 1.790692e-11
d[ 10, 24] = { 3.366463e-02,-1.710115e-06, 7.023819e-13} |d| = 3.366463e-02
d[ 10, 25] = { 1.710125e-06, 3.366440e-02, 4.464770e-13} |d| = 3.366440e-02
d[ 10, 26] = { 3.769311e-13,-2.250711e-01,-6.370372e-13} |d| = 2.250711e-01
d[ 10, 27] = { 3.935971e-02,-2.970531e-14, 9.727226e-14} |d| = 3.935971e-02
d[ 10, 28] = {-1.009106e-13, 2.389527e-13,-2.865097e-04} |d| = 2.865097e-04
d[ 10, 29] = { 8.327123e-13, 2.176600e-13, 6.128655e-13} |d| = 1.056594e-12

d[ 11,  0] = { 5.380136e-19, 2.161813e-01, 4.277795e-11} |d| = 2.161813e-01
d[ 11,  1] = { 3.913368e-12,-5.819276e-12, 5.258737e-13} |d| = 7.032422e-12
d[ 11,  2] = {-8.994436e-12,-1.386106e-13,-2.075320e+00} |d| = 2.075320e+00
d[ 11,  3] = {-1.067994e-12, 4.061808e-01, 1.678058e-11} |d| = 4.061808e-01
d[ 11,  4] = {-3.475208e-12, 4.896397e-14, 6.516294e-13} |d| = 3.536112e-12
d[ 11,  5] = {-2.617192e-13, 1.895707e-12,-1.826258e-02} |d| = 1.826258e-02
d[ 11,  6] = { 1.368950e-11, 3.377738e-01, 5.591494e-13} |d| = 3.377738e-01
d[ 11,  7] = {-4.562417e-05, 3.498314e-01, 1.075096e-12} |d| = 3.498314e-01
d[ 11,  8] = {-3.498317e-01,-4.562410e-05,-1.360558e-12} |d| = 3.498317e-01
d[ 11,  9] = {-3.644618e-01,-9.959899e-12, 4.656796e-14} |d| = 3.644618e-01
d[ 11, 10] = {-2.583889e-12,-1.476077e-12,-9.435102e-13} |d| = 3.121778e-12
d[ 11, 11] = {-3.359284e-12,-7.745415e-12,-1.282771e-01} |d| = 1.282771e-01
d[ 11, 12] = {-1.393957e-12, 2.113996e-01, 1.579209e-11} |d| = 2.113996e-01
d[ 11, 13] = { 2.565723e-13,-2.029541e-02, 4.083022e-13} |d| = 2.029541e-02
d[ 11, 14] = { 2.310427e-02,-7.399265e-06, 1.483020e-12} |d| = 2.310427e-02
d[ 11, 15] = { 7.399270e-06, 2.310426e-02, 8.103132e-13} |d| = 2.310426e-02
d[ 11, 16] = {-2.728358e-02, 4.668007e-13,-2.496579e-12} |d| = 2.728358e-02
d[ 11, 17] = {-1.789859e-13,-7.925995e-13, 1.279311e-12} |d| = 1.515549e-12
d[ 11, 18] = { 1.232093e-12, 5.950374e-13,-1.529455e-02} |d| = 1.529455e-02
d[ 11, 19] = { 7.647559e-14,-1.498350e-02,-1.405449e-12} |d| = 1.498350e-02
d[ 11, 20] = { 2.821149e-12, 5.009437e-13, 1.174118e-10} |d| = 1.174467e-10
d[ 11, 21] = {-5.117659e-14,-2.413047e-12,-2.870639e-01} |d| = 2.870639e-01
d[ 11, 22] = { 2.498094e-12, 2.357381e-13,-4.582275e-11} |d| = 4.589140e-11
d[ 11, 23] = { 3.555977e-13, 2.208266e-12, 3.736170e-01} |d| = 3.736170e-01
d[ 11, 24] = {-1.710111e-06,-3.366463e-02,-3.115653e-13} |d| = 3.366463e-02
d[ 11, 25] = { 3.366440e-02,-1.710125e-06, 5.798483e-13} |d| = 3.366440e-02
d[ 11, 26] = { 2.250711e-01, 1.262366e-12,-3.583045e-13} |d| = 2.250711e-01
d[ 11, 27] = { 4.322729e-14, 3.935971e-02,-5.093392e-13} |d| = 3.935971e-02
d[ 11, 28] = {-1.873961e-13,-3.441543e-14,-7.823167e-13} |d| = 8.051839e-13
d[ 11, 29] = { 1.138770e-12, 4.883305e-13,-2.865098e-04} |d| = 2.865098e-04

d[ 12,  0] = {-1.899223e-12, 4.128722e-12,-2.668878e+00} |d| = 2.668878e+00
d[ 12,  1] = {-2.087529e-01,-1.847294e-12,-1.085784e-12} |d| = 2.087529e-01
d[ 12,  2] = {-1.571653e-12,-2.087529e-01,-3.287633e-11} |d| = 2.087529e-01
d[ 12,  3] = { 1.504119e-12, 5.289709e-12,-1.189130e+00} |d| = 1.189130e+00
d[ 12,  4] = { 2.249303e-01, 5.571620e-14, 9.140805e-13} |d| = 2.249303e-01
d[ 12,  5] = {-2.590768e-13,-2.249303e-01, 1.955923e-12} |d| = 2.249303e-01
d[ 12,  6] = {-3.542475e-14, 5.333461e-12,-2.366559e-02} |d| = 2.366559e-02
d[ 12,  7] = {-5.447378e-14, 5.479362e-12,-1.693845e-09} |d| = 1.693854e-09
d[ 12,  8] = {-5.008410e-12,-4.726714e-13,-1.111907e-12} |d| = 5.152080e-12
d[ 12,  9] = {-6.096361e-12,-6.257243e-13, 1.321845e-12} |d| = 6.269324e-12
d[ 12, 10] = { 2.113996e-01, 2.892584e-13, 7.453284e-13} |d| = 2.113996e-01
d[ 12, 11] = {-1.393957e-12, 2.113996e-01, 1.579209e-11} |d| = 2.113996e-01
d[ 12, 12] = {-3.243691e-13, 6.428591e-12,-1.177678e+00} |d| = 1.177678e+00
d[ 12, 13] = { 3.443421e-13,-3.281010e-13,-4.108997e-02} |d| = 4.108997e-02
d[ 12, 14] = { 6.698068e-13,-1.774194e-13, 5.968464e-13} |d| = 9.145187e-13
d[ 12, 15] = { 3.398043e-13, 4.095440e-13, 3.084205e-09} |d| = 3.084205e-09
d[ 12, 16] = {-3.623562e-13, 1.732143e-12,-3.919844e-13} |d| = 1.812532e-12
d[ 12, 17] = { 3.282882e-02, 1.748477e-12,-9.134899e-14} |d| = 3.282882e-02
d[ 12, 18] = { 2.892368e-12,-3.282882e-02,-2.946639e-13} |d| = 3.282882e-02
d[ 12, 19] = {-1.463339e-12, 1.150289e-13, 9.299842e-02} |d| = 9.299842e-02
d[ 12, 20] = {-1.688952e-01,-5.765312e-11,-1.041714e-12} |d| = 1.688952e-01
d[ 12, 21] = {-2.409904e-11, 1.688952e-01,-4.456448e-12} |d| = 1.688952e-01
d[ 12, 22] = {-1.424300e-01, 2.371769e-11, 1.652906e-13} |d| = 1.424300e-01
d[ 12, 23] = { 1.649959e-11,-1.424300e-01, 5.644515e-12} |d| = 1.424300e-01
d[ 12, 24] = {-4.328653e-13,-5.052017e-13,-4.630609e-11} |d| = 4.631087e-11
d[ 12, 25] = { 4.512084e-13,-1.781053e-13, 3.895103e-13} |d| = 6.221164e-13
d[ 12, 26] = { 3.986236e-12, 1.093864e-13,-1.357258e-13} |d| = 3.990046e-12
d[ 12, 27] = {-5.778833e-14, 6.469339e-13, 1.940751e-02} |d| = 1.940751e-02
d[ 12, 28] = {-6.648181e-03, 5.888472e-13,-1.367468e-14} |d| = 6.648181e-03
d[ 12, 29] = { 7.868870e-14,-6.648181e-03,-1.435375e-13} |d| = 6.648181e-03

d[ 13,  0] = {-6.682999e-13,-5.357476e-13,-8.101136e-02} |d| = 8.101136e-02
d[ 13,  1] = {-6.451914e-02, 1.546846e-12,-2.091605e-13} |d| = 6.451914e-02
d[ 13,  2] = { 1.792842e-12,-6.451913e-02,-3.534473e-13} |d| = 6.451913e-02
d[ 13,  3] = { 5.473540e-14, 5.851070e-13, 5.419834e-02} |d| = 5.419834e-02
d[ 13,  4] = {-2.637159e-01, 4.689513e-12, 4.261383e-13} |d| = 2.637159e-01
d[ 13,  5] = {-4.847459e-12, 2.637159e-01,-5.104722e-13} |d| = 2.637159e-01
d[ 13,  6] = { 4.568317e-14, 4.045414e-13, 1.966253e-01} |d| = 1.966253e-01
d[ 13,  7] = {-7.355043e-14,-1.473288e-13,-1.249593e-08} |d| = 1.249593e-08
d[ 13,  8] = {-2.235144e-13,-1.997203e-13, 2.092569e-11} |d| = 2.092783e-11
d[ 13,  9] = { 6.019571e-13, 2.637252e-13,-6.388228e-12} |d| = 6.421944e-12
d[ 13, 10] = {-2.029541e-02, 6.881539e-13,-2.744661e-13} |d| = 2.029541e-02
d[ 13, 11] = { 2.565723e-13,-2.029541e-02, 4.083022e-13} |d| = 2.029541e-02
d[ 13, 12] = { 3.443421e-13,-3.281010e-13,-4.108997e-02} |d| = 4.108997e-02
d[ 13, 13] = { 9.558920e-13, 9.853711e-13, 2.986851e+00} |d| = 2.986851e+00
d[ 13, 14] = {-2.697930e-12,-6.511189e-13, 1.235496e-12} |d| = 3.037965e-12
d[ 13, 15] = { 9.416078e-14, 2.446354e-14,-3.914962e-09} |d| = 3.914962e-09
d[ 13, 16] = {-2.283378e-13, 1.283427e-12, 4.815960e-14} |d| = 1.304471e-12
d[ 13, 17] = {-6.803073e-02,-5.372700e-12,-1.313686e-14} |d| = 6.803073e-02
d[ 13, 18] = {-2.806011e-12, 6.803074e-02, 2.184972e-14} |d| = 6.803074e-02
d[ 13, 19] = {-1.087364e-12, 1.115529e-12, 1.856433e-02} |d| = 1.856433e-02
d[ 13, 20] = {-1.952415e-01,-6.359914e-11,-1.334362e-12} |d| = 1.952415e-01
d[ 13, 21] = {-3.225361e-11, 1.952415e-01, 1.733163e-12} |d| = 1.952415e-01
d[ 13, 22] = {-1.794640e-01, 3.185438e-11,-7.614711e-13} |d| = 1.794640e-01
d[ 13, 23] = { 2.177933e-11,-1.794640e-01,-4.025609e-13} |d| = 1.794640e-01
d[ 13, 24] = {-1.265527e-12,-1.349472e-13,-1.999263e-10} |d| = 1.999304e-10
d[ 13, 25] = {-2.144950e-12,-3.031465e-12, 1.126680e-14} |d| = 3.713585e-12
d[ 13, 26] = { 3.041235e-12,-7.235848e-13, 1.142355e-13} |d| = 3.128216e-12
d[ 13, 27] = {-1.538647e-12,-1.102794e-12, 1.437563e-02} |d| = 1.437563e-02
d[ 13, 28] = { 1.913832e+00, 1.723669e-11, 8.345130e-13} |d| = 1.913832e+00
d[ 13, 29] = { 6.680338e-11, 1.913832e+00, 1.461498e-13} |d| = 1.913832e+00

d[ 14,  0] = { 2.555002e-14, 1.261507e-13,-2.055267e-13} |d| = 2.425037e-13
d[ 14,  1] = { 2.255555e-05, 7.042986e-02,-5.254713e-13} |d| = 7.042987e-02
d[ 14,  2] = { 7.042987e-02,-2.255555e-05, 7.983786e-13} |d| = 7.042987e-02
d[ 14,  3] = {-5.237213e-13,-4.553383e-14, 6.929905e-13} |d| = 8.698236e-13
d[ 14,  4] = { 6.840370e-05, 2.135911e-01,-9.812334e-13} |d| = 2.135911e-01
d[ 14,  5] = {-2.135911e-01, 6.840371e-05, 3.391207e-13} |d| = 2.135911e-01
d[ 14,  6] = {-4.459135e-13,-6.790918e-13,-1.470157e-11} |d| = 1.472400e-11
d[ 14,  7] = {-1.407931e-12,-5.513262e-13, 9.140272e-05} |d| = 9.140272e-05
d[ 14,  8] = { 9.587316e-13,-9.034908e-13, 2.028139e-01} |d| = 2.028139e-01
d[ 14,  9] = { 7.633230e-14, 3.353007e-13, 4.667282e-09} |d| = 4.667282e-09
d[ 14, 10] = { 7.399265e-06, 2.310427e-02,-4.709634e-13} |d| = 2.310427e-02
d[ 14, 11] = { 2.310427e-02,-7.399265e-06, 1.483020e-12} |d| = 2.310427e-02
d[ 14, 12] = { 6.698068e-13,-1.774194e-13, 5.968464e-13} |d| = 9.145187e-13
d[ 14, 13] = {-2.697930e-12,-6.511189e-13, 1.235496e-12} |d| = 3.037965e-12
d[ 14, 14] = {-1.210577e-12,-5.651495e-12, 2.965865e+00} |d| = 2.965865e+00
d[ 14, 15] = { 3.223653e-12,-8.948640e-13, 2.193539e-10} |d| = 2.193794e-10
d[ 14, 16] = {-2.743246e-12, 1.675244e-12, 2.129609e-09} |d| = 2.129611e-09
d[ 14, 17] = {-9.477312e-06,-2.959303e-02,-1.571314e-13} |d| = 2.959303e-02
d[ 14, 18] = { 2.959303e-02,-9.477312e-06, 4.647476e-13} |d| = 2.959303e-02
d[ 14, 19] = {-5.536951e-13, 1.995743e-12, 2.398098e-13} |d| = 2.084964e-12
d[ 14, 20] = { 6.299113e-05, 1.966905e-01,-1.533974e-12} |d| = 1.966905e-01
d[ 14, 21] = {-1.966905e-01, 6.299109e-05,-5.298718e-13} |d| = 1.966906e-01
d[ 14, 22] = { 5.344797e-05, 1.668903e-01,-6.170011e-13} |d| = 1.668903e-01
d[ 14, 23] = { 1.668903e-01,-5.344802e-05,-5.606161e-13} |d| = 1.668903e-01
d[ 14, 24] = {-3.188760e-13, 3.114608e-13, 1.037016e-06} |d| = 1.037016e-06
d[ 14, 25] = {-1.256593e-12,-1.851659e-12, 3.846180e-03} |d| = 3.846180e-03
d[ 14, 26] = {-2.475756e-12, 2.590057e-12,-3.168659e-10} |d| = 3.168862e-10
d[ 14, 27] = {-8.884091e-13,-1.417765e-12, 8.953401e-14} |d| = 1.675513e-12
d[ 14, 28] = { 6.070503e-04, 1.895519e+00,-2.450985e-12} |d| = 1.895519e+00
d[ 14, 29] = { 1.895519e+00,-6.070503e-04,-5.769716e-13} |d| = 1.895519e+00

d[ 15,  0] = { 3.052174e-13,-6.166984e-14, 7.260564e-09} |d| = 7.260564e-09
d[ 15,  1] = {-7.042987e-02, 2.255555e-05, 2.302975e-13} |d| = 7.042987e-02
d[ 15,  2] = { 2.255555e-05, 7.042988e-02, 5.564820e-13} |d| = 7.042988e-02
d[ 15,  3] = {-5.002874e-13,-3.737479e-13,-4.685332e-09} |d| = 4.685332e-09
d[ 15,  4] = {-2.135910e-01, 6.840372e-05,-1.649190e-13} |d| = 2.135910e-01
d[ 15,  5] = {-6.840371e-05,-2.135911e-01, 4.261559e-13} |d| = 2.135911e-01
d[ 15,  6] = { 2.339563e-13,-6.235770e-13,-1.192324e-08} |d| = 1.192324e-08
d[ 15,  7] = { 5.623585e-13,-3.355217e-13,-2.028138e-01} |d| = 2.028138e-01
d[ 15,  8] = {-6.256601e-14, 9.346152e-13, 9.140273e-05} |d| = 9.140273e-05
d[ 15,  9] = { 4.799766e-14,-2.278580e-13, 2.463842e-12} |d| = 2.474821e-12
d[ 15, 10] = {-2.310426e-02, 7.399269e-06, 2.076157e-13} |d| = 2.310426e-02
d[ 15, 11] = { 7.399270e-06, 2.310426e-02, 8.103132e-13} |d| = 2.310426e-02
d[ 15, 12] = { 3.398043e-13, 4.095440e-13, 3.084205e-09} |d| = 3.084205e-09
d[ 15, 13] = { 9.416078e-14, 2.446354e-14,-3.914962e-09} |d| = 3.914962e-09
d[ 15, 14] = { 3.223653e-12,-8.948640e-13, 2.193539e-10} |d| = 2.193794e-10
d[ 15, 15] = { 5.828768e-13, 8.074403e-13, 2.965865e+00} |d| = 2.965865e+00
d[ 15, 16] = { 8.623361e-13,-2.288715e-12, 5.485536e-13} |d| = 2.506542e-12
d[ 15, 17] = { 2.959297e-02,-9.477331e-06,-1.071845e-13} |d| = 2.959298e-02
d[ 15, 18] = { 9.477331e-06, 2.959296e-02, 4.092095e-13} |d| = 2.959296e-02
d[ 15, 19] = {-1.768212e-12,-5.723567e-13,-1.779643e-09} |d| = 1.779644e-09
d[ 15, 20] = {-1.966900e-01, 6.299129e-05, 2.132380e-13} |d| = 1.966900e-01
d[ 15, 21] = {-6.299125e-05,-1.966901e-01,-1.419047e-12} |d| = 1.966901e-01
d[ 15, 22] = {-1.668918e-01, 5.344751e-05,-2.053705e-12} |d| = 1.668918e-01
d[ 15, 23] = { 5.344756e-05, 1.668918e-01,-3.706622e-13} |d| = 1.668918e-01
d[ 15, 24] = { 8.252791e-14,-4.465172e-13,-3.848172e-03} |d| = 3.848172e-03
d[ 15, 25] = { 8.865442e-13,-4.211996e-13, 1.036278e-06} |d| = 1.036278e-06
d[ 15, 26] = {-2.128101e-12,-1.846988e-12,-3.649801e-14} |d| = 2.818069e-12
d[ 15, 27] = { 1.982244e-12,-1.013244e-12,-8.027338e-10} |d| = 8.027369e-10
d[ 15, 28] = {-1.895519e+00, 6.070503e-04, 6.225405e-13} |d| = 1.895519e+00
d[ 15, 29] = { 6.070503e-04, 1.895519e+00, 1.060232e-12} |d| = 1.895519e+00

d[ 16,  0] = {-2.001514e-13,-2.686589e-12,-3.444079e-13} |d| = 2.715960e-12
d[ 16,  1] = {-4.058843e-14, 6.776164e-02, 8.786812e-13} |d| = 6.776164e-02
d[ 16,  2] = {-6.776164e-02, 5.395747e-13,-3.140853e-12} |d| = 6.776164e-02
d[ 16,  3] = {-4.259230e-13, 5.076949e-13,-3.644159e-13} |d| = 7.562826e-13
d[ 16,  4] = {-4.975180e-13,-2.236307e-01,-7.020271e-14} |d| = 2.236307e-01
d[ 16,  5] = {-2.236307e-01,-1.385055e-12,-8.262894e-13} |d| = 2.236307e-01
d[ 16,  6] = {-7.075976e-13, 2.921468e-13,-7.745497e-12} |d| = 7.783237e-12
d[ 16,  7] = {-4.656125e-13, 6.414687e-13, 2.436378e-13} |d| = 8.292385e-13
d[ 16,  8] = { 3.214642e-13, 3.785263e-13, 4.541817e-09} |d| = 4.541817e-09
d[ 16,  9] = {-3.875072e-13, 7.545056e-14,-2.029058e-01} |d| = 2.029058e-01
d[ 16, 10] = {-2.588707e-13, 2.728358e-02, 7.210694e-13} |d| = 2.728358e-02
d[ 16, 11] = {-2.728358e-02, 4.668007e-13,-2.496579e-12} |d| = 2.728358e-02
d[ 16, 12] = {-3.623562e-13, 1.732143e-12,-3.919844e-13} |d| = 1.812532e-12
d[ 16, 13] = {-2.283378e-13, 1.283427e-12, 4.815960e-14} |d| = 1.304471e-12
d[ 16, 14] = {-2.743246e-12, 1.675244e-12, 2.129609e-09} |d| = 2.129612e-09
d[ 16, 15] = { 8.623361e-13,-2.288715e-12, 5.485538e-13} |d| = 2.506542e-12
d[ 16, 16] = { 3.013386e-12, 1.039268e-12, 2.964652e+00} |d| = 2.964652e+00
d[ 16, 17] = {-1.871284e-13,-1.121746e-03, 1.863458e-14} |d| = 1.121746e-03
d[ 16, 18] = {-1.121744e-03,-6.532840e-13, 8.956546e-13} |d| = 1.121744e-03
d[ 16, 19] = { 9.114050e-13, 1.440161e-12,-5.974746e-13} |d| = 1.806017e-12
d[ 16, 20] = {-6.483848e-11, 1.962508e-01,-2.653154e-13} |d| = 1.962508e-01
d[ 16, 21] = { 1.962508e-01, 2.981136e-11, 7.668698e-12} |d| = 1.962508e-01
d[ 16, 22] = { 2.545483e-11, 1.492942e-01,-4.962130e-13} |d| = 1.492942e-01
d[ 16, 23] = {-1.492942e-01,-1.917761e-11,-7.982485e-12} |d| = 1.492942e-01
d[ 16, 24] = {-3.596159e-13, 7.775185e-13, 2.483629e-13} |d| = 8.919320e-13
d[ 16, 25] = {-1.695227e-12, 2.454500e-12, 1.649308e-10} |d| = 1.649577e-10
d[ 16, 26] = {-2.482639e-12,-2.637211e-12, 1.021243e-02} |d| = 1.021243e-02
d[ 16, 27] = {-1.125999e-12, 1.887272e-12, 2.298383e-13} |d| = 2.209637e-12
d[ 16, 28] = {-3.310337e-11,-1.887290e+00,-9.113674e-14} |d| = 1.887290e+00
d[ 16, 29] = { 1.887290e+00,-1.578011e-11,-7.668961e-13} |d| = 1.887290e+00

d[ 17,  0] = { 1.245984e-02, 1.411679e-12, 1.838882e-13} |d| = 1.245984e-02
d[ 17,  1] = {-3.298909e-13,-1.467678e-13, 7.661944e-02} |d| = 7.661944e-02
d[ 17,  2] = {-2.772589e-13,-4.220945e-13, 5.122601e-12} |d| = 5.147435e-12
d[ 17,  3] = {-1.515988e-02,-1.059345e-12,-7.870681e-13} |d| = 1.515988e-02
d[ 17,  4] = {-6.265798e-13, 1.698638e-13,-1.239313e-03} |d| = 1.239313e-03
d[ 17,  5] = { 1.195081e-12,-5.942668e-13, 4.214878e-13} |d| = 1.399652e-12
d[ 17,  6] = {-2.027712e-01, 1.450363e-11, 2.336796e-13} |d| = 2.027712e-01
d[ 17,  7] = {-2.587098e-01,-3.374027e-05,-9.353794e-14} |d| = 2.587098e-01
d[ 17,  8] = { 3.374025e-05,-2.587098e-01,-9.553441e-13} |d| = 2.587098e-01
d[ 17,  9] = {-9.505562e-12, 2.488318e-01,-2.751798e-13} |d| = 2.488318e-01
d[ 17, 10] = { 8.910203e-13, 9.051568e-13, 1.529455e-02} |d| = 1.529455e-02
d[ 17, 11] = {-1.789859e-13,-7.925995e-13, 1.279311e-12} |d| = 1.515549e-12
d[ 17, 12] = { 3.282882e-02, 1.748477e-12,-9.134899e-14} |d| = 3.282882e-02
d[ 17, 13] = {-6.803073e-02,-5.372700e-12,-1.313686e-14} |d| = 6.803073e-02
d[ 17, 14] = {-9.477312e-06,-2.959303e-02,-1.571314e-13} |d| = 2.959303e-02
d[ 17, 15] = { 2.959297e-02,-9.477331e-06,-1.071845e-13} |d| = 2.959298e-02
d[ 17, 16] = {-1.871284e-13,-1.121746e-03, 1.863458e-14} |d| = 1.121746e-03
d[ 17, 17] = { 1.239684e-12,-2.311714e-13, 2.896897e+00} |d| = 2.896897e+00
d[ 17, 18] = {-3.647368e-13,-7.485386e-13,-1.406603e-13} |d| = 8.444692e-13
d[ 17, 19] = {-5.839226e-04, 1.038448e-13,-1.430012e-12} |d| = 5.839226e-04
d[ 17, 20] = { 4.899771e-13,-1.508458e-13, 5.448157e-02} |d| = 5.448157e-02
d[ 17, 21] = { 4.523382e-13,-3.197079e-13, 5.776483e-12} |d| = 5.802980e-12
d[ 17, 22] = {-1.376065e-13, 5.144305e-13, 1.928479e-02} |d| = 1.928479e-02
d[ 17, 23] = { 1.760833e-13, 7.953039e-13,-5.577633e-12} |d| = 5.636799e-12
d[ 17, 24] = { 2.142905e-02,-1.088587e-06,-6.188727e-13} |d| = 2.142905e-02
d[ 17, 25] = { 1.088573e-06, 2.142942e-02,-3.941484e-13} |d| = 2.142942e-02
d[ 17, 26] = {-2.455711e-11, 3.921379e-01,-7.478921e-13} |d| = 3.921379e-01
d[ 17, 27] = {-1.379507e-02,-9.356117e-13, 1.047452e-12} |d| = 1.379507e-02
d[ 17, 28] = { 4.148754e-13,-2.476233e-12, 6.650224e-03} |d| = 6.650224e-03
d[ 17, 29] = {-4.618337e-12, 1.372616e-12,-1.163212e-12} |d| = 4.956427e-12

d[ 18,  0] = { 1.619313e-20,-1.245984e-02,-1.109184e-13} |d| = 1.245984e-02
d[ 18,  1] = {-1.880889e-13, 2.462318e-13, 2.967512e-12} |d| = 2.983645e-12
d[ 18,  2] = { 4.026772e-13, 6.157606e-13,-7.661944e-02} |d| = 7.661944e-02
d[ 18,  3] = {-5.068015e-13, 1.515988e-02,-1.196936e-13} |d| = 1.515988e-02
d[ 18,  4] = { 1.529428e-13,-9.270771e-15, 1.093901e-13} |d| = 1.882648e-13
d[ 18,  5] = {-3.044777e-14,-3.833209e-13,-1.239313e-03} |d| = 1.239313e-03
d[ 18,  6] = {-2.322945e-11, 2.027712e-01,-2.719043e-13} |d| = 2.027712e-01
d[ 18,  7] = { 3.374026e-05,-2.587098e-01,-4.271186e-13} |d| = 2.587098e-01
d[ 18,  8] = { 2.587098e-01, 3.374028e-05, 3.568602e-14} |d| = 2.587098e-01
d[ 18,  9] = { 2.488318e-01, 7.881758e-12, 1.918616e-14} |d| = 2.488318e-01
d[ 18, 10] = {-2.172779e-13,-1.003577e-12,-1.298972e-12} |d| = 1.655810e-12
d[ 18, 11] = { 1.232093e-12, 5.950374e-13,-1.529455e-02} |d| = 1.529455e-02
d[ 18, 12] = { 2.892368e-12,-3.282882e-02,-2.946639e-13} |d| = 3.282882e-02
d[ 18, 13] = {-2.806011e-12, 6.803074e-02, 2.184972e-14} |d| = 6.803074e-02
d[ 18, 14] = { 2.959303e-02,-9.477312e-06, 4.647476e-13} |d| = 2.959303e-02
d[ 18, 15] = { 9.477331e-06, 2.959296e-02, 4.092095e-13} |d| = 2.959296e-02
d[ 18, 16] = {-1.121744e-03,-6.532840e-13, 8.956546e-13} |d| = 1.121744e-03
d[ 18, 17] = {-3.647368e-13,-7.485386e-13,-1.406603e-13} |d| = 8.444692e-13
d[ 18, 18] = {-3.244632e-13, 3.908411e-13, 2.896897e+00} |d| = 2.896897e+00
d[ 18, 19] = {-5.934449e-13, 5.839227e-04, 3.055678e-13} |d| = 5.839227e-04
d[ 18, 20] = { 5.455367e-13,-3.606772e-13,-1.397670e-11} |d| = 1.399199e-11
d[ 18, 21] = {-1.865188e-13,-2.429228e-13, 5.448158e-02} |d| = 5.448158e-02
d[ 18, 22] = { 1.584915e-12,-3.271948e-13, 6.573289e-12} |d| = 6.769575e-12
d[ 18, 23] = { 5.101994e-13, 2.180113e-13,-1.928479e-02} |d| = 1.928479e-02
d[ 18, 24] = { 1.088595e-06, 2.142905e-02, 3.517901e-13} |d| = 2.142905e-02
d[ 18, 25] = {-2.142942e-02, 1.088573e-06,-5.830396e-13} |d| = 2.142942e-02
d[ 18, 26] = { 3.921379e-01, 2.475984e-11,-6.699763e-13} |d| = 3.921379e-01
d[ 18, 27] = {-1.019682e-12, 1.379507e-02,-3.134818e-13} |d| = 1.379507e-02
d[ 18, 28] = {-4.970166e-12,-5.079016e-13, 2.574199e-12} |d| = 5.620232e-12
d[ 18, 29] = { 2.025546e-12, 1.790657e-13,-6.650224e-03} |d| = 6.650224e-03

d[ 19,  0] = { 1.641748e-12,-2.071015e-12, 1.292046e-01} |d| = 1.292046e-01
d[ 19,  1] = {-1.056519e-01,-3.801041e-13, 3.233313e-12} |d| = 1.056519e-01
d[ 19,  2] = {-1.809390e-13,-1.056519e-01,-3.431322e-13} |d| = 1.056519e-01
d[ 19,  3] = {-3.293280e-13, 6.557318e-13,-1.193739e-01} |d| = 1.193739e-01
d[ 19,  4] = {-4.175470e-02, 7.820218e-14,-6.102854e-13} |d| = 4.175470e-02
d[ 19,  5] = {-8.391070e-14, 4.175470e-02,-1.108952e-13} |d| = 4.175470e-02
d[ 19,  6] = { 4.193381e-13, 1.728142e-13, 2.130619e-02} |d| = 2.130619e-02
d[ 19,  7] = { 1.021561e-12,-1.997362e-13, 1.500117e-10} |d| = 1.500153e-10
d[ 19,  8] = { 1.526310e-13, 9.523585e-13, 8.437392e-13} |d| = 1.281475e-12
d[ 19,  9] = { 2.304898e-13,-9.537922e-13,-4.766874e-13} |d| = 1.090906e-12
d[ 19, 10] = {-1.498350e-02,-1.408896e-13, 3.171741e-12} |d| = 1.498350e-02
d[ 19, 11] = { 7.647559e-14,-1.498350e-02,-1.405449e-12} |d| = 1.498350e-02
d[ 19, 12] = {-1.463339e-12, 1.150289e-13, 9.299842e-02} |d| = 9.299842e-02
d[ 19, 13] = {-1.087364e-12, 1.115529e-12, 1.856433e-02} |d| = 1.856433e-02
d[ 19, 14] = {-5.536951e-13, 1.995743e-12, 2.398098e-13} |d| = 2.084964e-12
d[ 19, 15] = {-1.768212e-12,-5.723567e-13,-1.779643e-09} |d| = 1.779644e-09
d[ 19, 16] = { 9.114050e-13, 1.440161e-12,-5.974746e-13} |d| = 1.806017e-12
d[ 19, 17] = {-5.839226e-04, 1.038448e-13,-1.430012e-12} |d| = 5.839226e-04
d[ 19, 18] = {-5.934449e-13, 5.839227e-04, 3.055678e-13} |d| = 5.839227e-04
d[ 19, 19] = {-2.447464e-13, 1.532961e-13, 2.280958e+00} |d| = 2.280958e+00
d[ 19, 20] = {-4.059803e-02,-3.905203e-12, 1.107654e-11} |d| = 4.059803e-02
d[ 19, 21] = {-1.231851e-11, 4.059803e-02, 5.457034e-12} |d| = 4.059803e-02
d[ 19, 22] = { 3.844116e-02, 1.760054e-12, 8.854881e-12} |d| = 3.844116e-02
d[ 19, 23] = { 9.020772e-12, 3.844116e-02,-3.488973e-12} |d| = 3.844116e-02
d[ 19, 24] = { 6.395126e-14, 3.350472e-13, 2.263922e-10} |d| = 2.263925e-10
d[ 19, 25] = { 6.445218e-14,-1.275820e-12, 9.805859e-14} |d| = 1.281205e-12
d[ 19, 26] = {-7.174200e-14,-1.964707e-12, 1.192305e-12} |d| = 2.299306e-12
d[ 19, 27] = {-4.432623e-13,-6.234004e-13, 1.326119e-01} |d| = 1.326119e-01
d[ 19, 28] = { 3.992817e-02, 1.647081e-13, 4.387954e-13} |d| = 3.992817e-02
d[ 19, 29] = { 4.288022e-14, 3.992817e-02,-1.075746e-13} |d| = 3.992817e-02

d[ 20,  0] = { 1.563316e-01, 8.805775e-11,-1.250555e-12} |d| = 1.563316e-01
d[ 20,  1] = { 3.753511e-13, 1.106034e-13, 3.294127e-01} |d| = 3.294127e-01
d[ 20,  2] = {-3.162949e-13, 1.782701e-12, 1.367790e-10} |d| = 1.367910e-10
d[ 20,  3] = {-6.333389e-03,-2.564032e-11, 7.832452e-13} |d| = 6.333389e-03
d[ 20,  4] = {-6.598058e-13, 2.653199e-13,-5.766035e-02} |d| = 5.766035e-02
d[ 20,  5] = { 3.284182e-14,-9.121102e-13, 1.592634e-11} |d| = 1.595247e-11
d[ 20,  6] = {-2.948138e-02,-1.286345e-11, 6.296859e-14} |d| = 2.948138e-02
d[ 20,  7] = {-2.722084e-04,-3.546387e-08,-9.479065e-13} |d| = 2.722084e-04
d[ 20,  8] = { 3.550528e-08,-2.718768e-04, 7.196106e-13} |d| = 2.718768e-04
d[ 20,  9] = { 7.586414e-12,-6.709719e-04,-5.625786e-14} |d| = 6.709719e-04
d[ 20, 10] = { 3.128715e-13,-7.226408e-13, 2.870639e-01} |d| = 2.870639e-01
d[ 20, 11] = { 2.821149e-12, 5.009437e-13, 1.174118e-10} |d| = 1.174467e-10
d[ 20, 12] = {-1.688952e-01,-5.765312e-11,-1.041714e-12} |d| = 1.688952e-01
d[ 20, 13] = {-1.952415e-01,-6.359914e-11,-1.334362e-12} |d| = 1.952415e-01
d[ 20, 14] = { 6.299113e-05, 1.966905e-01,-1.533974e-12} |d| = 1.966905e-01
d[ 20, 15] = {-1.966900e-01, 6.299129e-05, 2.132380e-13} |d| = 1.966900e-01
d[ 20, 16] = {-6.483848e-11, 1.962508e-01,-2.653154e-13} |d| = 1.962508e-01
d[ 20, 17] = { 4.899771e-13,-1.508458e-13, 5.448157e-02} |d| = 5.448157e-02
d[ 20, 18] = { 5.455367e-13,-3.606772e-13,-1.397670e-11} |d| = 1.399199e-11
d[ 20, 19] = {-4.059803e-02,-3.905203e-12, 1.107654e-11} |d| = 4.059803e-02
d[ 20, 20] = { 9.255195e-15,-2.732112e-13, 3.579816e+00} |d| = 3.579816e+00
d[ 20, 21] = {-4.714207e-13,-1.377403e-12,-2.569491e-10} |d| = 2.569532e-10
d[ 20, 22] = {-5.095505e-13, 1.774673e-12, 1.103169e+00} |d| = 1.103169e+00
d[ 20, 23] = {-6.915752e-13,-1.918035e-13, 2.497079e-10} |d| = 2.497089e-10
d[ 20, 24] = {-5.187920e-02, 2.635442e-06, 4.294399e-12} |d| = 5.187920e-02
d[ 20, 25] = {-2.635408e-06,-5.187987e-02, 1.417593e-12} |d| = 5.187987e-02
d[ 20, 26] = { 2.472668e-11,-6.328889e-02,-1.235314e-12} |d| = 6.328889e-02
d[ 20, 27] = {-8.203769e-02,-3.884386e-12,-1.652138e-12} |d| = 8.203769e-02
d[ 20, 28] = {-2.480829e-12, 2.218031e-12, 3.163937e-04} |d| = 3.163937e-04
d[ 20, 29] = { 2.149761e-12, 7.146188e-12,-4.109173e-13} |d| = 7.473843e-12

d[ 21,  0] = { 2.823867e-19,-1.563316e-01, 7.042405e-14} |d| = 1.563316e-01
d[ 21,  1] = { 7.637221e-14,-1.387252e-12, 3.061666e-11} |d| = 3.064817e-11
d[ 21,  2] = {-1.134666e-12,-1.432341e-13,-3.294127e-01} |d| = 3.294127e-01
d[ 21,  3] = { 1.433901e-11, 6.333389e-03,-1.170390e-12} |d| = 6.333389e-03
d[ 21,  4] = {-1.180537e-13, 1.690041e-12,-9.780360e-12} |d| = 9.926007e-12
d[ 21,  5] = { 1.541801e-12, 7.665814e-14,-5.766035e-02} |d| = 5.766035e-02
d[ 21,  6] = {-2.659374e-12, 2.948138e-02,-7.141201e-13} |d| = 2.948138e-02
d[ 21,  7] = { 3.545367e-08,-2.722078e-04,-5.253563e-13} |d| = 2.722078e-04
d[ 21,  8] = { 2.718768e-04, 3.549885e-08,-2.471415e-12} |d| = 2.718768e-04
d[ 21,  9] = {-6.709719e-04, 2.291380e-12, 4.781527e-13} |d| = 6.709719e-04
d[ 21, 10] = {-1.513729e-13,-2.889791e-13, 2.728193e-11} |d| = 2.728388e-11
d[ 21, 11] = {-5.117659e-14,-2.413047e-12,-2.870639e-01} |d| = 2.870639e-01
d[ 21, 12] = {-2.409904e-11, 1.688952e-01,-4.456448e-12} |d| = 1.688952e-01
d[ 21, 13] = {-3.225361e-11, 1.952415e-01, 1.733163e-12} |d| = 1.952415e-01
d[ 21, 14] = {-1.966905e-01, 6.299109e-05,-5.298718e-13} |d| = 1.966906e-01
d[ 21, 15] = {-6.299125e-05,-1.966901e-01,-1.419047e-12} |d| = 1.966901e-01
d[ 21, 16] = { 1.962508e-01, 2.981136e-11, 7.668698e-12} |d| = 1.962508e-01
d[ 21, 17] = { 4.523382e-13,-3.197079e-13, 5.776483e-12} |d| = 5.802980e-12
d[ 21, 18] = {-1.865188e-13,-2.429228e-13, 5.448158e-02} |d| = 5.448158e-02
d[ 21, 19] = {-1.231851e-11, 4.059803e-02, 5.457034e-12} |d| = 4.059803e-02
d[ 21, 20] = {-4.714207e-13,-1.377403e-12,-2.569491e-10} |d| = 2.569532e-10
d[ 21, 21] = {-1.469114e-12,-1.253324e-12, 3.579816e+00} |d| = 3.579816e+00
d[ 21, 22] = {-8.412649e-13,-1.893279e-13, 3.457517e-10} |d| = 3.457528e-10
d[ 21, 23] = { 2.996122e-12, 2.485613e-13,-1.103169e+00} |d| = 1.103169e+00
d[ 21, 24] = {-2.635454e-06,-5.187920e-02, 1.138951e-12} |d| = 5.187920e-02
d[ 21, 25] = { 5.187987e-02,-2.635422e-06,-2.431990e-12} |d| = 5.187987e-02
d[ 21, 26] = {-6.328889e-02,-7.479461e-12, 6.311471e-13} |d| = 6.328889e-02
d[ 21, 27] = {-2.664096e-11, 8.203769e-02, 1.987770e-13} |d| = 8.203769e-02
d[ 21, 28] = {-4.503349e-12, 1.244939e-11, 9.249260e-13} |d| = 1.327113e-11
d[ 21, 29] = {-1.506029e-11, 1.219550e-12,-3.163940e-04} |d| = 3.163940e-04

d[ 22,  0] = { 3.775760e-01,-3.621825e-11,-1.406641e-13} |d| = 3.775760e-01
d[ 22,  1] = {-4.105313e-13, 1.110973e-12, 4.521205e-01} |d| = 4.521205e-01
d[ 22,  2] = {-5.212678e-13, 4.988960e-13,-5.598312e-11} |d| = 5.598777e-11
d[ 22,  3] = {-1.700574e-01, 1.009137e-11, 6.686223e-14} |d| = 1.700574e-01
d[ 22,  4] = { 1.660334e-13,-3.560772e-13,-2.406370e-02} |d| = 2.406370e-02
d[ 22,  5] = {-1.774730e-13, 9.413394e-13,-6.616169e-12} |d| = 6.685156e-12
d[ 22,  6] = {-4.536920e-02, 7.370132e-13, 1.886631e-13} |d| = 4.536920e-02
d[ 22,  7] = { 4.297987e-02, 5.605335e-06, 3.060332e-13} |d| = 4.297987e-02
d[ 22,  8] = {-5.605330e-06, 4.297993e-02, 1.037416e-12} |d| = 4.297993e-02
d[ 22,  9] = { 3.084591e-13,-4.076553e-02,-6.628108e-13} |d| = 4.076553e-02
d[ 22, 10] = {-1.757449e-13,-2.114207e-13, 3.736170e-01} |d| = 3.736170e-01
d[ 22, 11] = { 2.498094e-12, 2.357381e-13,-4.582275e-11} |d| = 4.589140e-11
d[ 22, 12] = {-1.424300e-01, 2.371769e-11, 1.652906e-13} |d| = 1.424300e-01
d[ 22, 13] = {-1.794640e-01, 3.185438e-11,-7.614711e-13} |d| = 1.794640e-01
d[ 22, 14] = { 5.344797e-05, 1.668903e-01,-6.170011e-13} |d| = 1.668903e-01
d[ 22, 15] = {-1.668918e-01, 5.344751e-05,-2.053705e-12} |d| = 1.668918e-01
d[ 22, 16] = { 2.545483e-11, 1.492942e-01,-4.962130e-13} |d| = 1.492942e-01
d[ 22, 17] = {-1.376065e-13, 5.144305e-13, 1.928479e-02} |d| = 1.928479e-02
d[ 22, 18] = { 1.584915e-12,-3.271948e-13, 6.573289e-12} |d| = 6.769575e-12
d[ 22, 19] = { 3.844116e-02, 1.760054e-12, 8.854881e-12} |d| = 3.844116e-02
d[ 22, 20] = {-5.095505e-13, 1.774673e-12, 1.103169e+00} |d| = 1.103169e+00
d[ 22, 21] = {-8.412649e-13,-1.893279e-13, 3.457517e-10} |d| = 3.457528e-10
d[ 22, 22] = { 5.499382e-13,-1.140226e-12, 3.130247e+00} |d| = 3.130247e+00
d[ 22, 23] = {-2.967577e-13,-1.211688e-13,-2.677848e-10} |d| = 2.677849e-10
d[ 22, 24] = { 5.134134e-02,-2.607902e-06, 3.164693e-12} |d| = 5.134134e-02
d[ 22, 25] = { 2.608083e-06, 5.133775e-02, 1.014723e-12} |d| = 5.133775e-02
d[ 22, 26] = {-9.672151e-12,-7.220732e-02, 1.426216e-12} |d| = 7.220732e-02
d[ 22, 27] = { 9.598047e-02, 1.348062e-12, 2.282669e-14} |d| = 9.598047e-02
d[ 22, 28] = { 5.015055e-12, 1.539301e-12,-3.280036e-03} |d| = 3.280036e-03
d[ 22, 29] = { 2.207049e-12,-2.361183e-12, 3.185172e-14} |d| = 3.232223e-12

d[ 23,  0] = { 1.300867e-16, 3.775760e-01,-2.930357e-13} |d| = 3.775760e-01
d[ 23,  1] = {-2.381351e-13, 6.128318e-13,-2.029499e-11} |d| = 2.030564e-11
d[ 23,  2] = {-1.255974e-13,-4.528869e-13, 4.521205e-01} |d| = 4.521205e-01
d[ 23,  3] = {-9.539539e-12,-1.700574e-01,-8.127665e-13} |d| = 1.700574e-01
d[ 23,  4] = {-6.284040e-13,-9.029933e-13, 6.588988e-12} |d| = 6.680198e-12
d[ 23,  5] = {-6.757698e-13, 6.781453e-13, 2.406370e-02} |d| = 2.406370e-02
d[ 23,  6] = {-1.860995e-13,-4.536920e-02, 3.966050e-13} |d| = 4.536920e-02
d[ 23,  7] = { 5.605337e-06,-4.297987e-02, 3.860108e-13} |d| = 4.297987e-02
d[ 23,  8] = { 4.297993e-02, 5.605326e-06, 4.363026e-13} |d| = 4.297993e-02
d[ 23,  9] = { 4.076553e-02,-1.456153e-12,-9.868214e-14} |d| = 4.076553e-02
d[ 23, 10] = {-1.675499e-13,-3.274639e-13,-1.790314e-11} |d| = 1.790692e-11
d[ 23, 11] = { 3.555977e-13, 2.208266e-12, 3.736170e-01} |d| = 3.736170e-01
d[ 23, 12] = { 1.649959e-11,-1.424300e-01, 5.644515e-12} |d| = 1.424300e-01
d[ 23, 13] = { 2.177933e-11,-1.794640e-01,-4.025609e-13} |d| = 1.794640e-01
d[ 23, 14] = { 1.668903e-01,-5.344802e-05,-5.606161e-13} |d| = 1.668903e-01
d[ 23, 15] = { 5.344756e-05, 1.668918e-01,-3.706622e-13} |d| = 1.668918e-01
d[ 23, 16] = {-1.492942e-01,-1.917761e-11,-7.982485e-12} |d| = 1.492942e-01
d[ 23, 17] = { 1.760833e-13, 7.953039e-13,-5.577633e-12} |d| = 5.636799e-12
d[ 23, 18] = { 5.101994e-13, 2.180113e-13,-1.928479e-02} |d| = 1.928479e-02
d[ 23, 19] = { 9.020772e-12, 3.844116e-02,-3.488973e-12} |d| = 3.844116e-02
d[ 23, 20] = {-6.915752e-13,-1.918035e-13, 2.497079e-10} |d| = 2.497089e-10
d[ 23, 21] = { 2.996122e-12, 2.485613e-13,-1.103169e+00} |d| = 1.103169e+00
d[ 23, 22] = {-2.967577e-13,-1.211688e-13,-2.677848e-10} |d| = 2.677849e-10
d[ 23, 23] = {-8.277692e-13,-1.215195e-12, 3.130247e+00} |d| = 3.130247e+00
d[ 23, 24] = {-2.607887e-06,-5.134134e-02,-9.663607e-13} |d| = 5.134134e-02
d[ 23, 25] = { 5.133775e-02,-2.608073e-06, 3.049602e-12} |d| = 5.133775e-02
d[ 23, 26] = { 7.220732e-02, 5.314269e-12, 1.122983e-12} |d| = 7.220732e-02
d[ 23, 27] = { 1.625375e-11, 9.598046e-02, 3.395192e-13} |d| = 9.598046e-02
d[ 23, 28] = { 9.930917e-13,-6.697037e-12, 3.595584e-13} |d| = 6.779810e-12
d[ 23, 29] = { 2.519620e-12, 1.982399e-12,-3.280037e-03} |d| = 3.280037e-03

d[ 24,  0] = { 2.018551e-12,-4.741650e-13, 3.693125e-11} |d| = 3.698942e-11
d[ 24,  1] = { 2.381276e-01,-1.209657e-05, 6.848277e-13} |d| = 2.381276e-01
d[ 24,  2] = {-1.209658e-05,-2.381276e-01,-5.880789e-13} |d| = 2.381276e-01
d[ 24,  3] = {-1.005810e-12, 1.250943e-13, 6.742476e-11} |d| = 6.743238e-11
d[ 24,  4] = {-1.103635e-04, 5.590540e-09,-9.409049e-13} |d| = 1.103635e-04
d[ 24,  5] = {-5.590724e-09,-1.103635e-04,-1.175973e-13} |d| = 1.103635e-04
d[ 24,  6] = { 1.156110e-13, 9.274209e-14, 5.333260e-10} |d| = 5.333261e-10
d[ 24,  7] = {-4.512947e-14,-3.465190e-13,-2.137181e-02} |d| = 2.137181e-02
d[ 24,  8] = { 2.906779e-13, 2.950588e-13, 3.872949e-06} |d| = 3.872949e-06
d[ 24,  9] = { 2.152645e-13,-2.437160e-13,-2.809584e-13} |d| = 4.297370e-13
d[ 24, 10] = { 3.366463e-02,-1.710115e-06, 7.023819e-13} |d| = 3.366463e-02
d[ 24, 11] = {-1.710111e-06,-3.366463e-02,-3.115653e-13} |d| = 3.366463e-02
d[ 24, 12] = {-4.328653e-13,-5.052017e-13,-4.630609e-11} |d| = 4.631087e-11
d[ 24, 13] = {-1.265527e-12,-1.349472e-13,-1.999263e-10} |d| = 1.999304e-10
d[ 24, 14] = {-3.188760e-13, 3.114608e-13, 1.037016e-06} |d| = 1.037016e-06
d[ 24, 15] = { 8.252791e-14,-4.465172e-13,-3.848172e-03} |d| = 3.848172e-03
d[ 24, 16] = {-3.596159e-13, 7.775185e-13, 2.483629e-13} |d| = 8.919320e-13
d[ 24, 17] = { 2.142905e-02,-1.088587e-06,-6.188727e-13} |d| = 2.142905e-02
d[ 24, 18] = { 1.088595e-06, 2.142905e-02, 3.517901e-13} |d| = 2.142905e-02
d[ 24, 19] = { 6.395126e-14, 3.350472e-13, 2.263924e-10} |d| = 2.263926e-10
d[ 24, 20] = {-5.187920e-02, 2.635442e-06, 4.294399e-12} |d| = 5.187920e-02
d[ 24, 21] = {-2.635454e-06,-5.187920e-02, 1.138951e-12} |d| = 5.187920e-02
d[ 24, 22] = { 5.134134e-02,-2.607902e-06, 3.164693e-12} |d| = 5.134134e-02
d[ 24, 23] = {-2.607887e-06,-5.134134e-02,-9.663607e-13} |d| = 5.134134e-02
d[ 24, 24] = { 7.586829e-13, 1.879278e-12, 2.089114e+00} |d| = 2.089114e+00
d[ 24, 25] = { 9.402886e-13,-3.039517e-12, 6.707522e-10} |d| = 6.707598e-10
d[ 24, 26] = { 4.253549e-13,-6.019665e-13, 2.315965e-11} |d| = 2.317137e-11
d[ 24, 27] = { 3.123650e-13,-7.073725e-13,-2.109685e-10} |d| = 2.109699e-10
d[ 24, 28] = { 1.090032e-02,-5.537151e-07,-6.205894e-13} |d| = 1.090032e-02
d[ 24, 29] = {-5.537142e-07,-1.090032e-02,-1.459655e-12} |d| = 1.090032e-02

d[ 25,  0] = { 1.242467e-14, 8.232782e-13, 1.839384e-13} |d| = 8.436674e-13
d[ 25,  1] = { 1.209661e-05, 2.381269e-01, 1.712657e-13} |d| = 2.381269e-01
d[ 25,  2] = { 2.381269e-01,-1.209661e-05, 1.112071e-12} |d| = 2.381269e-01
d[ 25,  3] = { 2.348501e-13,-7.145608e-13, 4.783723e-13} |d| = 8.913987e-13
d[ 25,  4] = {-5.606546e-09,-1.100574e-04,-6.491886e-14} |d| = 1.100574e-04
d[ 25,  5] = { 1.100575e-04,-5.606208e-09,-2.637180e-14} |d| = 1.100575e-04
d[ 25,  6] = { 2.585215e-13,-3.385485e-13, 1.655476e-12} |d| = 1.709400e-12
d[ 25,  7] = { 2.811031e-13, 3.939819e-13,-3.872995e-06} |d| = 3.872995e-06
d[ 25,  8] = {-3.652452e-13, 3.200073e-13,-2.137238e-02} |d| = 2.137238e-02
d[ 25,  9] = {-6.245553e-14,-6.031256e-13, 2.330883e-11} |d| = 2.331671e-11
d[ 25, 10] = { 1.710125e-06, 3.366440e-02, 4.464770e-13} |d| = 3.366440e-02
d[ 25, 11] = { 3.366440e-02,-1.710125e-06, 5.798483e-13} |d| = 3.366440e-02
d[ 25, 12] = { 4.512084e-13,-1.781053e-13, 3.895103e-13} |d| = 6.221164e-13
d[ 25, 13] = {-2.144950e-12,-3.031465e-12, 1.126680e-14} |d| = 3.713585e-12
d[ 25, 14] = {-1.256593e-12,-1.851659e-12, 3.846180e-03} |d| = 3.846180e-03
d[ 25, 15] = { 8.865442e-13,-4.211996e-13, 1.036278e-06} |d| = 1.036278e-06
d[ 25, 16] = {-1.695227e-12, 2.454500e-12, 1.649308e-10} |d| = 1.649577e-10
d[ 25, 17] = { 1.088573e-06, 2.142942e-02,-3.941484e-13} |d| = 2.142942e-02
d[ 25, 18] = {-2.142942e-02, 1.088573e-06,-5.830396e-13} |d| = 2.142942e-02
d[ 25, 19] = { 6.445218e-14,-1.275820e-12, 9.805863e-14} |d| = 1.281205e-12
d[ 25, 20] = {-2.635408e-06,-5.187987e-02, 1.417593e-12} |d| = 5.187987e-02
d[ 25, 21] = { 5.187987e-02,-2.635422e-06,-2.431990e-12} |d| = 5.187987e-02
d[ 25, 22] = { 2.608083e-06, 5.133775e-02, 1.014723e-12} |d| = 5.133775e-02
d[ 25, 23] = { 5.133775e-02,-2.608073e-06, 3.049602e-12} |d| = 5.133775e-02
d[ 25, 24] = { 9.402886e-13,-3.039517e-12, 6.707522e-10} |d| = 6.707598e-10
d[ 25, 25] = { 6.287811e-13, 4.544780e-13, 2.089100e+00} |d| = 2.089100e+00
d[ 25, 26] = {-1.675556e-13,-7.151494e-13,-8.074934e-10} |d| = 8.074937e-10
d[ 25, 27] = { 5.159910e-13, 2.808531e-12,-7.557422e-13} |d| = 2.953851e-12
d[ 25, 28] = { 5.537242e-07, 1.090012e-02,-1.993852e-12} |d| = 1.090012e-02
d[ 25, 29] = { 1.090012e-02,-5.537223e-07,-1.739764e-12} |d| = 1.090012e-02

d[ 26,  0] = {-4.841513e-13,-5.273230e-13,-9.449707e-14} |d| = 7.220815e-13
d[ 26,  1] = {-3.417674e-12, 4.036169e-01,-1.369864e-12} |d| = 4.036169e-01
d[ 26,  2] = {-4.036169e-01, 1.137578e-12,-6.057834e-13} |d| = 4.036169e-01
d[ 26,  3] = {-1.249195e-13, 6.352438e-14, 4.162008e-14} |d| = 1.461932e-13
d[ 26,  4] = { 3.317897e-13,-4.632128e-03,-2.053940e-13} |d| = 4.632128e-03
d[ 26,  5] = {-4.632128e-03, 3.475850e-13,-1.668738e-13} |d| = 4.632128e-03
d[ 26,  6] = { 2.439682e-13,-3.473529e-13,-3.194967e-12} |d| = 3.223040e-12
d[ 26,  7] = { 1.783610e-13, 1.961618e-13, 4.409844e-13} |d| = 5.145477e-13
d[ 26,  8] = {-1.015940e-12,-4.052082e-13,-4.015779e-10} |d| = 4.015794e-10
d[ 26,  9] = { 1.429861e-13, 4.554789e-13,-9.028998e-02} |d| = 9.028998e-02
d[ 26, 10] = { 3.769311e-13,-2.250711e-01,-6.370372e-13} |d| = 2.250711e-01
d[ 26, 11] = { 2.250711e-01, 1.262366e-12,-3.583045e-13} |d| = 2.250711e-01
d[ 26, 12] = { 3.986236e-12, 1.093864e-13,-1.357258e-13} |d| = 3.990046e-12
d[ 26, 13] = { 3.041235e-12,-7.235848e-13, 1.142355e-13} |d| = 3.128216e-12
d[ 26, 14] = {-2.475756e-12, 2.590057e-12,-3.168659e-10} |d| = 3.168862e-10
d[ 26, 15] = {-2.128101e-12,-1.846988e-12,-3.649801e-14} |d| = 2.818069e-12
d[ 26, 16] = {-2.482639e-12,-2.637211e-12, 1.021243e-02} |d| = 1.021243e-02
d[ 26, 17] = {-2.455711e-11, 3.921379e-01,-7.478921e-13} |d| = 3.921379e-01
d[ 26, 18] = { 3.921379e-01, 2.475984e-11,-6.699763e-13} |d| = 3.921379e-01
d[ 26, 19] = {-7.174200e-14,-1.964707e-12, 1.192305e-12} |d| = 2.299306e-12
d[ 26, 20] = { 2.472668e-11,-6.328889e-02,-1.235314e-12} |d| = 6.328889e-02
d[ 26, 21] = {-6.328889e-02,-7.479461e-12, 6.311471e-13} |d| = 6.328889e-02
d[ 26, 22] = {-9.672151e-12,-7.220732e-02, 1.426216e-12} |d| = 7.220732e-02
d[ 26, 23] = { 7.220732e-02, 5.314269e-12, 1.122983e-12} |d| = 7.220732e-02
d[ 26, 24] = { 4.253549e-13,-6.019665e-13, 2.315965e-11} |d| = 2.317137e-11
d[ 26, 25] = {-1.675556e-13,-7.151494e-13,-8.074934e-10} |d| = 8.074937e-10
d[ 26, 26] = { 5.696836e-13, 2.243408e-13, 4.486838e+00} |d| = 4.486838e+00
d[ 26, 27] = {-4.717938e-13,-1.338433e-12, 1.828128e-13} |d| = 1.430878e-12
d[ 26, 28] = {-4.009917e-12,-5.425698e-03,-3.658942e-13} |d| = 5.425698e-03
d[ 26, 29] = { 5.425698e-03, 2.762779e-12, 2.806845e-13} |d| = 5.425698e-03

d[ 27,  0] = {-2.926246e-13,-2.590791e-13, 5.680235e-02} |d| = 5.680235e-02
d[ 27,  1] = { 2.114292e-01, 4.495307e-13,-5.601403e-14} |d| = 2.114292e-01
d[ 27,  2] = {-8.238819e-13, 2.114292e-01,-3.200925e-13} |d| = 2.114292e-01
d[ 27,  3] = { 6.861444e-14, 2.560461e-13,-9.143155e-02} |d| = 9.143155e-02
d[ 27,  4] = {-1.730162e-02,-5.289243e-14, 3.181983e-13} |d| = 1.730162e-02
d[ 27,  5] = { 2.511454e-14, 1.730162e-02, 6.798360e-14} |d| = 1.730162e-02
d[ 27,  6] = { 9.425705e-14, 8.703917e-14, 3.630284e-02} |d| = 3.630284e-02
d[ 27,  7] = { 3.287895e-13, 9.156542e-14, 4.048512e-10} |d| = 4.048514e-10
d[ 27,  8] = {-9.037611e-14,-5.561092e-14, 2.500468e-12} |d| = 2.502719e-12
d[ 27,  9] = {-1.124033e-13,-2.717147e-13,-1.501145e-12} |d| = 1.529673e-12
d[ 27, 10] = { 3.935971e-02,-2.970531e-14, 9.727226e-14} |d| = 3.935971e-02
d[ 27, 11] = { 4.322729e-14, 3.935971e-02,-5.093392e-13} |d| = 3.935971e-02
d[ 27, 12] = {-5.778833e-14, 6.469339e-13, 1.940751e-02} |d| = 1.940751e-02
d[ 27, 13] = {-1.538647e-12,-1.102794e-12, 1.437563e-02} |d| = 1.437563e-02
d[ 27, 14] = {-8.884091e-13,-1.417765e-12, 8.953401e-14} |d| = 1.675513e-12
d[ 27, 15] = { 1.982244e-12,-1.013244e-12,-8.027338e-10} |d| = 8.027369e-10
d[ 27, 16] = {-1.125999e-12, 1.887272e-12, 2.298383e-13} |d| = 2.209637e-12
d[ 27, 17] = {-1.379507e-02,-9.356117e-13, 1.047452e-12} |d| = 1.379507e-02
d[ 27, 18] = {-1.019682e-12, 1.379507e-02,-3.134818e-13} |d| = 1.379507e-02
d[ 27, 19] = {-4.432623e-13,-6.234004e-13, 1.326119e-01} |d| = 1.326119e-01
d[ 27, 20] = {-8.203769e-02,-3.884386e-12,-1.652138e-12} |d| = 8.203769e-02
d[ 27, 21] = {-2.664096e-11, 8.203769e-02, 1.987770e-13} |d| = 8.203769e-02
d[ 27, 22] = { 9.598047e-02, 1.348062e-12, 2.282669e-14} |d| = 9.598047e-02
d[ 27, 23] = { 1.625375e-11, 9.598046e-02, 3.395192e-13} |d| = 9.598046e-02
d[ 27, 24] = { 3.123650e-13,-7.073725e-13,-2.109685e-10} |d| = 2.109699e-10
d[ 27, 25] = { 5.159910e-13, 2.808531e-12,-7.557422e-13} |d| = 2.953851e-12
d[ 27, 26] = {-4.717938e-13,-1.338433e-12, 1.828128e-13} |d| = 1.430878e-12
d[ 27, 27] = { 5.725219e-13, 3.291922e-13, 2.154379e+00} |d| = 2.154379e+00
d[ 27, 28] = { 2.984930e-03,-2.529336e-14,-1.264845e-12} |d| = 2.984930e-03
d[ 27, 29] = { 5.131503e-13, 2.984930e-03,-1.157946e-12} |d| = 2.984930e-03

d[ 28,  0] = { 2.489719e-02,-4.000188e-13,-2.570766e-14} |d| = 2.489719e-02
d[ 28,  1] = { 7.209888e-14,-9.439811e-13,-2.010876e-03} |d| = 2.010876e-03
d[ 28,  2] = { 3.855226e-13, 7.185919e-13,-9.037669e-13} |d| = 1.217291e-12
d[ 28,  3] = {-1.645996e-02, 4.663062e-13,-2.271140e-13} |d| = 1.645996e-02
d[ 28,  4] = { 4.096191e-13,-3.813653e-13,-1.129632e-01} |d| = 1.129632e-01
d[ 28,  5] = {-6.139882e-13, 2.427379e-13,-1.293041e-12} |d| = 1.451847e-12
d[ 28,  6] = { 7.287347e-02,-2.802067e-12, 2.643394e-13} |d| = 7.287347e-02
d[ 28,  7] = { 6.556015e-02, 8.550187e-06,-8.090849e-13} |d| = 6.556015e-02
d[ 28,  8] = {-8.550184e-06, 6.556013e-02,-7.258898e-13} |d| = 6.556013e-02
d[ 28,  9] = {-1.956031e-12, 6.831352e-02, 5.519837e-14} |d| = 6.831352e-02
d[ 28, 10] = {-1.009106e-13, 2.389527e-13,-2.865097e-04} |d| = 2.865097e-04
d[ 28, 11] = {-1.873961e-13,-3.441543e-14,-7.823167e-13} |d| = 8.051839e-13
d[ 28, 12] = {-6.648181e-03, 5.888472e-13,-1.367468e-14} |d| = 6.648181e-03
d[ 28, 13] = { 1.913832e+00, 1.723669e-11, 8.345130e-13} |d| = 1.913832e+00
d[ 28, 14] = { 6.070503e-04, 1.895519e+00,-2.450985e-12} |d| = 1.895519e+00
d[ 28, 15] = {-1.895519e+00, 6.070503e-04, 6.225405e-13} |d| = 1.895519e+00
d[ 28, 16] = {-3.310337e-11,-1.887290e+00,-9.113674e-14} |d| = 1.887290e+00
d[ 28, 17] = { 4.148754e-13,-2.476233e-12, 6.650224e-03} |d| = 6.650224e-03
d[ 28, 18] = {-4.970166e-12,-5.079016e-13, 2.574199e-12} |d| = 5.620232e-12
d[ 28, 19] = { 3.992817e-02, 1.647081e-13, 4.387954e-13} |d| = 3.992817e-02
d[ 28, 20] = {-2.480829e-12, 2.218031e-12, 3.163937e-04} |d| = 3.163937e-04
d[ 28, 21] = {-4.503349e-12, 1.244939e-11, 9.249260e-13} |d| = 1.327113e-11
d[ 28, 22] = { 5.015055e-12, 1.539301e-12,-3.280036e-03} |d| = 3.280036e-03
d[ 28, 23] = { 9.930917e-13,-6.697037e-12, 3.595584e-13} |d| = 6.779810e-12
d[ 28, 24] = { 1.090032e-02,-5.537151e-07,-6.205894e-13} |d| = 1.090032e-02
d[ 28, 25] = { 5.537242e-07, 1.090012e-02,-1.993852e-12} |d| = 1.090012e-02
d[ 28, 26] = {-4.009917e-12,-5.425698e-03,-3.658942e-13} |d| = 5.425698e-03
d[ 28, 27] = { 2.984930e-03,-2.529336e-14,-1.264845e-12} |d| = 2.984930e-03
d[ 28, 28] = {-6.392501e-13, 3.912569e-12, 4.201699e+00} |d| = 4.201699e+00
d[ 28, 29] = { 3.187776e-12, 4.978916e-13,-1.530866e-13} |d| = 3.230053e-12

d[ 29,  0] = { 5.793246e-19, 2.489719e-02,-5.352487e-14} |d| = 2.489719e-02
d[ 29,  1] = {-6.262805e-14, 7.668870e-13, 5.001904e-13} |d| = 9.177300e-13
d[ 29,  2] = { 4.540040e-13, 4.269821e-13,-2.010876e-03} |d| = 2.010876e-03
d[ 29,  3] = {-1.641118e-13,-1.645996e-02, 1.506281e-13} |d| = 1.645996e-02
d[ 29,  4] = {-4.575611e-13,-3.137904e-14,-1.064555e-12} |d| = 1.159148e-12
d[ 29,  5] = {-2.898143e-13,-7.082534e-14, 1.129632e-01} |d| = 1.129632e-01
d[ 29,  6] = {-6.675803e-12, 7.287347e-02, 1.575083e-13} |d| = 7.287347e-02
d[ 29,  7] = { 8.550187e-06,-6.556015e-02,-6.791780e-13} |d| = 6.556015e-02
d[ 29,  8] = { 6.556013e-02, 8.550194e-06, 5.654723e-13} |d| = 6.556013e-02
d[ 29,  9] = {-6.831352e-02,-1.330047e-12, 4.782125e-13} |d| = 6.831352e-02
d[ 29, 10] = { 8.327123e-13, 2.176600e-13, 6.128655e-13} |d| = 1.056594e-12
d[ 29, 11] = { 1.138770e-12, 4.883305e-13,-2.865098e-04} |d| = 2.865098e-04
d[ 29, 12] = { 7.868870e-14,-6.648181e-03,-1.435375e-13} |d| = 6.648181e-03
d[ 29, 13] = { 6.680338e-11, 1.913832e+00, 1.461498e-13} |d| = 1.913832e+00
d[ 29, 14] = { 1.895519e+00,-6.070503e-04,-5.769716e-13} |d| = 1.895519e+00
d[ 29, 15] = { 6.070503e-04, 1.895519e+00, 1.060232e-12} |d| = 1.895519e+00
d[ 29, 16] = { 1.887290e+00,-1.578011e-11,-7.668961e-13} |d| = 1.887290e+00
d[ 29, 17] = {-4.618337e-12, 1.372616e-12,-1.163212e-12} |d| = 4.956427e-12
d[ 29, 18] = { 2.025546e-12, 1.790657e-13,-6.650224e-03} |d| = 6.650224e-03
d[ 29, 19] = { 4.288022e-14, 3.992817e-02,-1.075746e-13} |d| = 3.992817e-02
d[ 29, 20] = { 2.149761e-12, 7.146188e-12,-4.109173e-13} |d| = 7.473843e-12
d[ 29, 21] = {-1.506029e-11, 1.219550e-12,-3.163940e-04} |d| = 3.163940e-04
d[ 29, 22] = { 2.207049e-12,-2.361183e-12, 3.185172e-14} |d| = 3.232223e-12
d[ 29, 23] = { 2.519620e-12, 1.982399e-12,-3.280037e-03} |d| = 3.280037e-03
d[ 29, 24] = {-5.537142e-07,-1.090032e-02,-1.459655e-12} |d| = 1.090032e-02
d[ 29, 25] = { 1.090012e-02,-5.537223e-07,-1.739764e-12} |d| = 1.090012e-02
d[ 29, 26] = { 5.425698e-03, 2.762779e-12, 2.806845e-13} |d| = 5.425698e-03
d[ 29, 27] = { 5.131503e-13, 2.984930e-03,-1.157946e-12} |d| = 2.984930e-03
d[ 29, 28] = { 3.187776e-12, 4.978916e-13,-1.530866e-13} |d| = 3.230053e-12
d[ 29, 29] = { 1.445107e-12,-7.047510e-13, 4.201699e+00} |d| = 4.201699e+00




Writing CAS_SCF canonical orbitals:
visualization file: CDAS_CaO_3_40_au_CAS.out
data file         : CDAS_CaO_3_40_au_CAS.orb

Writing CAS_SCF natural orbitals:
ERROR: orbital 7 has no symmetry
ERROR: orbital 8 has no symmetry
ERROR: orbital 13 has no symmetry
ERROR: orbital 14 has no symmetry
visualization file: CDAS_CaO_3_40_au_CAS_NatOrb.out
data file         : CDAS_CaO_3_40_au_CAS_NatOrb.orb

_______________________________________________________________________


CAS_SCF:
Time to step -    1.82622
Full time    -  260.90464



_____________________Starting_CDAS_PT2_calculations____________________

Number of states                  30
State multiplicity                1 (singlet)

Active space:
Number of alpha electrons         4
Number of beta  electrons         4
Number of active orbitals         11

State averaging:
Weights:	 0.00e+00  1.00e+00  1.00e+00  0.00e+00  1.00e+00  1.00e+00  0.00e+00  0.00e+00  0.00e+00  0.00e+00  1.00e+00  1.00e+00  0.00e+00  0.00e+00  0.00e+00  0.00e+00  0.00e+00  0.00e+00  0.00e+00  0.00e+00  0.00e+00  0.00e+00  0.00e+00  0.00e+00  0.00e+00  0.00e+00  0.00e+00  0.00e+00  0.00e+00  0.00e+00 

Energy Denominator SHIFT          0.000000e+00 (a.u.)

Energy scheme                                    -     IPEA

PT first order term: no
_______________________________________________________________________



Orbital energies (3 blocks):
core     : -2.0546e+01  -2.2624e+00  -1.3260e+00  -1.3102e+00  -1.3102e+00 
active F : -1.2047e+00  -4.1252e-01  -4.1990e-02   3.1485e-02   1.1301e+00  -4.1052e-01   2.8198e-02   8.3921e-01  -4.1052e-01   2.8198e-02   8.3921e-01 
vacant   :  1.9893e-02   2.4849e-02   4.1601e-02   8.8347e-02   1.0428e-01   1.3642e-01   1.8079e-01   2.1252e-01   2.8637e-01   3.1996e-01   3.5005e-01   4.2971e-01   5.1003e-01   6.3810e-01   7.8821e-01   8.5624e-01   9.6649e-01   1.3736e+00   1.4567e+00   1.6397e+00   1.7450e+00   1.8566e+00   2.1780e+00   3.3016e+00   3.8819e+00   4.4272e+00   4.5525e+00   4.8095e+00   7.4496e+00   1.0880e+01   1.1137e+01   1.2184e+01   1.3069e+01   3.2821e+01   4.1672e+01   2.3512e-02   3.9006e-02   1.0221e-01   1.3020e-01   1.7689e-01   2.6062e-01   3.0294e-01   3.3909e-01   4.4186e-01   5.3865e-01   6.9672e-01   8.5738e-01   9.2864e-01   1.5060e+00   1.5433e+00   1.6695e+00   2.1669e+00   2.9546e+00   3.4704e+00   4.1135e+00   4.4928e+00   5.1050e+00   1.0746e+01   1.0891e+01   1.1988e+01   1.2914e+01   2.3512e-02   3.9006e-02   1.0221e-01   1.3020e-01   1.7689e-01   2.6062e-01   3.0294e-01   3.3909e-01   4.4186e-01   5.3865e-01   6.9672e-01   8.5738e-01   9.2864e-01   1.5060e+00   1.5433e+00   1.6695e+00   2.1669e+00   2.9546e+00   3.4704e+00   4.1135e+00   4.4928e+00   5.1050e+00   1.0746e+01   1.0891e+01   1.1988e+01   1.2914e+01   3.5024e-02   9.4589e-02   1.8052e-01   1.9407e-01   2.8556e-01   4.5921e-01   5.0522e-01   7.1265e-01   8.3084e-01   1.3749e+00   1.5101e+00   1.7411e+00   1.9793e+00   3.7950e+00   4.3058e+00   4.5087e+00   1.0714e+01   1.2009e+01   1.2793e+01   3.5024e-02   9.4589e-02   1.8052e-01   1.9407e-01   2.8556e-01   4.5921e-01   5.0522e-01   7.1265e-01   8.3084e-01   1.3749e+00   1.5101e+00   1.7411e+00   1.9793e+00   3.7950e+00   4.3058e+00   4.5087e+00   1.0714e+01   1.2009e+01   1.2793e+01   1.7552e-01   2.8675e-01   5.0638e-01   8.0274e-01   1.4755e+00   1.7215e+00   3.6735e+00   4.1535e+00   1.0650e+01   1.1925e+01   1.7552e-01   2.8675e-01   5.0638e-01   8.0274e-01   1.4755e+00   1.7215e+00   3.6735e+00   4.1535e+00   1.0650e+01   1.1925e+01   2.8142e-01   7.9505e-01   3.6672e+00   1.0639e+01   2.8142e-01   7.9505e-01   3.6672e+00   1.0639e+01 


Fock matrix calculation:
Time to step -    0.00038
Full time    -  260.90501
_______________________________________________________________________


Start calculation of PT2 correction


RI orbital transformation:
Time to step -    0.20506
Full time    -  261.11008

calculation of IPEA matrices:
Time to step -    4.11699
Full time    -  265.22707
IP:
 -2.1430e+00  -1.9257e+00  -1.9257e+00  -1.1800e+00  -4.8631e-01  -4.6691e-01  -4.6691e-01  -1.9160e-01  -1.2636e-01  -1.2636e-01  -1.0884e-01 
IP coefficients:
 -1.9625e-01  -1.6131e-01  -3.0127e-02   7.5804e-03   9.6669e-01   2.0675e-15   2.1763e-14  -1.2564e-14   9.0651e-14  -1.9173e-15   5.4565e-13 
  5.5608e-14   2.0743e-15  -1.4468e-14   4.1157e-14  -1.7229e-15  -2.1348e-01   1.8567e-02  -9.7677e-01  -2.6983e-05  -2.3468e-06  -1.2346e-04 
  1.0102e-14   1.6621e-13   2.2535e-14   1.6155e-13  -5.4210e-13  -2.6983e-05   2.3468e-06  -1.2346e-04   2.1348e-01   1.8567e-02   9.7677e-01 
 -9.7983e-01   6.9162e-02   6.1915e-03  -9.9233e-03  -1.8711e-01  -2.3085e-14  -1.6847e-14  -5.1077e-14  -1.0415e-13   4.1434e-14  -8.2011e-14 
  3.6803e-02   9.8436e-01  -6.2532e-03  -1.3601e-02   1.7165e-01  -1.0355e-12  -1.0416e-13   2.2775e-13  -4.8615e-12   3.6515e-13   9.8534e-13 
  2.7996e-14   1.0423e-12  -6.1537e-14   4.4949e-14   1.7250e-13   9.7693e-01  -1.7353e-03  -2.1355e-01  -7.2020e-04  -1.2793e-06   1.5743e-04 
 -1.0609e-13  -4.8605e-12   2.5087e-13   1.5673e-12  -8.6602e-13  -7.2020e-04   1.2793e-06   1.5743e-04  -9.7693e-01  -1.7353e-03   2.1355e-01 
  9.1292e-04  -1.8145e-04   9.9716e-01  -6.8214e-02   3.1767e-02   5.4438e-14   5.0620e-14  -2.8585e-14   1.1395e-13   1.9067e-13  -2.2602e-14 
 -1.1006e-14   1.1211e-13  -3.6239e-14   2.0509e-13  -8.5524e-15   5.6600e-03   9.9983e-01   1.7768e-02  -4.9988e-07   8.8302e-05  -1.5693e-06 
  3.9420e-14  -4.0042e-13  -3.0534e-13  -1.6907e-12  -4.2530e-14  -4.9988e-07  -8.8302e-05  -1.5693e-06  -5.6600e-03   9.9983e-01  -1.7768e-02 
  7.6919e-03  -1.5324e-02  -6.8396e-02  -9.9750e-01   4.6948e-03   4.5884e-14   2.0470e-13  -4.6780e-14  -1.4306e-12  -1.7128e-12   5.1691e-13 
EA:
 -1.2356e-02   4.1961e-02   4.1961e-02   5.7857e-02   1.4254e-01   2.0236e-01   2.0236e-01   8.9306e-01   8.9306e-01   1.1082e+00   2.2576e+00 
EA coefficients:
 -3.9670e-03   6.3701e-02  -9.9792e-01  -8.3853e-03   1.9789e-03   9.4567e-15  -4.8482e-14   1.2846e-15  -4.3483e-13  -1.3072e-13   6.4325e-14 
  2.5489e-14   2.4101e-15   5.1490e-14  -3.9979e-13   1.5578e-15  -4.8568e-02  -9.9880e-01   5.5383e-03   1.1806e-06  -2.4279e-05  -1.3463e-07 
 -7.2438e-14   6.5705e-13  -7.3480e-14   7.6838e-13   3.1380e-14  -1.1806e-06  -2.4279e-05   1.3463e-07  -4.8568e-02   9.9880e-01   5.5383e-03 
  2.1274e-02  -1.5396e-01  -1.6233e-03  -9.8783e-01  -5.6086e-03   1.4465e-13   3.8834e-13  -1.3724e-14   1.4729e-12   9.3533e-13  -1.5915e-13 
  1.6102e-01  -9.7090e-01  -6.4033e-02   1.5522e-01  -5.6901e-02   1.2364e-12  -1.2503e-13  -2.0541e-13   8.0838e-12   9.2819e-13  -1.2762e-12 
  1.6713e-12  -8.1897e-12  -8.2294e-14  -2.2495e-13  -4.4311e-13   9.6621e-04  -4.7956e-05  -1.7559e-04  -9.8271e-01  -4.8776e-02   1.7858e-01 
  2.7274e-13  -1.2382e-12  -9.1834e-14   7.0588e-14  -5.2588e-14  -9.8271e-01   4.8776e-02   1.7858e-01  -9.6621e-04  -4.7956e-05   1.7559e-04 
  7.5177e-14  -2.0305e-13   2.4295e-15  -7.8183e-14   9.7618e-14   6.0687e-06  -1.0976e-07   3.3425e-05  -1.7864e-01  -3.2309e-03  -9.8391e-01 
 -5.4086e-15  -1.9168e-14  -4.3342e-15  -8.1036e-15  -4.2620e-14  -1.7864e-01   3.2309e-03  -9.8391e-01  -6.0687e-06  -1.0976e-07  -3.3425e-05 
 -2.2053e-01   2.0182e-02   2.5103e-04  -2.3586e-03  -9.7517e-01  -2.6083e-14  -4.6098e-15   4.7803e-14  -1.2036e-13  -2.1221e-15  -9.5715e-14 
 -9.6175e-01  -1.7085e-01  -6.6981e-03   4.7135e-03   2.1395e-01  -6.1130e-14  -2.3825e-14   1.0360e-14  -3.0292e-13   1.6862e-14   3.7554e-14 
CCVV res table:
Time to step -    0.02144
Full time    -  265.24851

CAVV res table:
Time to step -    0.06616
Full time    -  265.31467

AAVV res table:
Time to step -   31.18064
Full time    -  296.49531

CCAV res table:
Time to step -    0.04321
Full time    -  296.53852

CCAA res table:
Time to step -    0.07502
Full time    -  296.61354

CV   res table:
Time to step -    0.05605
Full time    -  296.66959

AV   res table:
Time to step -    1.15260
Full time    -  297.82219

CA   res table:
Time to step -    1.30589
Full time    -  299.12809

PT tensors calculation:
Time to step -    0.01032
Full time    -  299.13841
_______________________________________________________________________




____________________Starting_Davidson_diagonalization__________________


Step 0
_________________________________________________
  n | E                 | dE         | norm(r)   |
____|___________________|____________|___________|
  0 |   -111.8562624119 | -1.119e+02 | 3.992e-04 |
  1 |   -111.8162447842 | -1.118e+02 | 4.291e-04 |
  2 |   -111.8162447842 | -1.118e+02 | 4.291e-04 |
  3 |   -111.8158824627 | -1.118e+02 | 3.081e-04 |
  4 |   -111.7546632225 | -1.118e+02 | 4.408e-04 |
  5 |   -111.7546632224 | -1.118e+02 | 4.408e-04 |
  6 |   -111.7445403099 | -1.117e+02 | 4.764e-04 |
  7 |   -111.7442722127 | -1.117e+02 | 4.655e-04 |
  8 |   -111.7442721912 | -1.117e+02 | 4.656e-04 |
  9 |   -111.7424517244 | -1.117e+02 | 4.623e-04 |
 10 |   -111.7330683993 | -1.117e+02 | 7.622e-04 |
 11 |   -111.7286960994 | -1.117e+02 | 8.020e-04 |
 12 |   -111.7286960994 | -1.117e+02 | 8.020e-04 |
 13 |   -111.5555234099 | -1.116e+02 | 9.164e-04 |
 14 |   -111.5545874931 | -1.116e+02 | 8.720e-04 |
 15 |   -111.5545813140 | -1.116e+02 | 8.846e-04 |
 16 |   -111.5523167117 | -1.116e+02 | 8.650e-04 |
 17 |   -111.5521932501 | -1.116e+02 | 1.095e-03 |
 18 |   -111.5481451877 | -1.115e+02 | 1.037e-03 |
 19 |   -111.5481451877 | -1.115e+02 | 1.037e-03 |
 20 |   -111.5429883659 | -1.115e+02 | 1.703e-03 |
 21 |   -111.5429883659 | -1.115e+02 | 1.703e-03 |
 22 |   -111.5392823274 | -1.115e+02 | 1.069e-03 |
 23 |   -111.5392364887 | -1.115e+02 | 1.161e-03 |
 24 |   -111.5351415819 | -1.115e+02 | 2.246e-03 |
 25 |   -111.5351415819 | -1.115e+02 | 2.246e-03 |
 26 |   -111.5252692079 | -1.115e+02 | 2.509e-03 |
 27 |   -111.4530662260 | -1.115e+02 | 3.126e-03 |
 28 |   -111.4489164138 | -1.114e+02 | 1.297e-03 |
 29 |   -111.4489164138 | -1.114e+02 | 1.297e-03 |
____|___________________|____________|___________|
number of corr vectors=2031
0 roots converged at step 0
maximum deviation from symmetric form - 2.057949e-11


Step 1
_________________________________________________
  n | E                 | dE         | norm(r)   |
____|___________________|____________|___________|
  0 |   -111.8563731164 | -1.107e-04 | 1.960e-05 |
  1 |   -111.8163742562 | -1.295e-04 | 1.584e-05 |
  2 |   -111.8163742562 | -1.295e-04 | 1.584e-05 |
  3 |   -111.8159655181 | -8.306e-05 | 2.129e-05 |
  4 |   -111.7547970924 | -1.339e-04 | 2.698e-05 |
  5 |   -111.7547970924 | -1.339e-04 | 2.698e-05 |
  6 |   -111.7446866082 | -1.463e-04 | 2.389e-05 |
  7 |   -111.7444158737 | -1.437e-04 | 2.249e-05 |
  8 |   -111.7444158533 | -1.437e-04 | 2.256e-05 |
  9 |   -111.7425939694 | -1.422e-04 | 2.207e-05 |
 10 |   -111.7333148667 | -2.465e-04 | 6.524e-05 |
 11 |   -111.7289686183 | -2.725e-04 | 6.045e-05 |
 12 |   -111.7289686183 | -2.725e-04 | 6.045e-05 |
 13 |   -111.5558525297 | -3.291e-04 | 1.245e-04 |
 14 |   -111.5548974705 | -3.100e-04 | 1.202e-04 |
 15 |   -111.5548967670 | -3.155e-04 | 1.214e-04 |
 16 |   -111.5526235804 | -3.069e-04 | 1.195e-04 |
 17 |   -111.5525872367 | -3.940e-04 | 1.573e-04 |
 18 |   -111.5485415665 | -3.964e-04 | 1.313e-04 |
 19 |   -111.5485415665 | -3.964e-04 | 1.313e-04 |
 20 |   -111.5437873464 | -7.990e-04 | 2.500e-04 |
 21 |   -111.5437873463 | -7.990e-04 | 2.500e-04 |
 22 |   -111.5397090241 | -4.267e-04 | 9.725e-05 |
 23 |   -111.5397085388 | -4.721e-04 | 1.028e-04 |
 24 |   -111.5361701842 | -1.029e-03 | 2.106e-04 |
 25 |   -111.5361701842 | -1.029e-03 | 2.106e-04 |
 26 |   -111.5264725607 | -1.203e-03 | 1.588e-04 |
 27 |   -111.4543550992 | -1.289e-03 | 4.344e-04 |
 28 |   -111.4494123365 | -4.959e-04 | 1.938e-04 |
 29 |   -111.4494123365 | -4.959e-04 | 1.938e-04 |
____|___________________|____________|___________|
number of corr vectors=2061
0 roots converged at step 1
maximum deviation from symmetric form - 3.539411e-11


Step 2
_________________________________________________
  n | E                 | dE         | norm(r)   |
____|___________________|____________|___________|
  0 |   -111.8563780157 | -4.899e-06 | 2.578e-06 |
  1 |   -111.8163785385 | -4.282e-06 | 2.038e-06 |
  2 |   -111.8163785385 | -4.282e-06 | 2.038e-06 |
  3 |   -111.8159705275 | -5.009e-06 | 2.868e-06 |
  4 |   -111.7548038928 | -6.800e-06 | 4.544e-06 |
  5 |   -111.7548038928 | -6.800e-06 | 4.544e-06 |
  6 |   -111.7446936508 | -7.043e-06 | 3.715e-06 |
  7 |   -111.7444225255 | -6.652e-06 | 3.440e-06 |
  8 |   -111.7444225222 | -6.669e-06 | 3.437e-06 |
  9 |   -111.7426004608 | -6.491e-06 | 3.308e-06 |
 10 |   -111.7333356636 | -2.080e-05 | 1.213e-05 |
 11 |   -111.7289873952 | -1.878e-05 | 7.575e-06 |
 12 |   -111.7289873952 | -1.878e-05 | 7.575e-06 |
 13 |   -111.5558796001 | -2.707e-05 | 1.865e-05 |
 14 |   -111.5549231799 | -2.571e-05 | 1.753e-05 |
 15 |   -111.5549228219 | -2.605e-05 | 1.793e-05 |
 16 |   -111.5526490942 | -2.551e-05 | 1.725e-05 |
 17 |   -111.5526233210 | -3.608e-05 | 2.463e-05 |
 18 |   -111.5485735829 | -3.202e-05 | 2.218e-05 |
 19 |   -111.5485735829 | -3.202e-05 | 2.218e-05 |
 20 |   -111.5438790356 | -9.169e-05 | 8.013e-05 |
 21 |   -111.5438790356 | -9.169e-05 | 8.013e-05 |
 22 |   -111.5397358406 | -2.682e-05 | 1.278e-05 |
 23 |   -111.5397355697 | -2.703e-05 | 1.453e-05 |
 24 |   -111.5362259521 | -5.577e-05 | 2.517e-05 |
 25 |   -111.5362259521 | -5.577e-05 | 2.517e-05 |
 26 |   -111.5265177544 | -4.519e-05 | 1.455e-05 |
 27 |   -111.4544955072 | -1.404e-04 | 1.897e-04 |
 28 |   -111.4494548085 | -4.247e-05 | 2.732e-05 |
 29 |   -111.4494548085 | -4.247e-05 | 2.732e-05 |
____|___________________|____________|___________|
number of corr vectors=2091
0 roots converged at step 2
maximum deviation from symmetric form - 7.622648e-11


Step 3
_________________________________________________
  n | E                 | dE         | norm(r)   |
____|___________________|____________|___________|
  0 |   -111.8563786119 | -5.961e-07 | 7.015e-07 |
  1 |   -111.8163791437 | -6.052e-07 | 7.995e-07 |
  2 |   -111.8163791437 | -6.052e-07 | 7.995e-07 |
  3 |   -111.8159712210 | -6.935e-07 | 9.574e-07 |
  4 |   -111.7548049166 | -1.024e-06 | 1.452e-06 |
  5 |   -111.7548049166 | -1.024e-06 | 1.452e-06 |
  6 |   -111.7446947604 | -1.110e-06 | 1.354e-06 |
  7 |   -111.7444235764 | -1.051e-06 | 1.304e-06 |
  8 |   -111.7444235761 | -1.054e-06 | 1.301e-06 |
  9 |   -111.7426014778 | -1.017e-06 | 1.239e-06 |
 10 |   -111.7333388455 | -3.182e-06 | 2.958e-06 |
 11 |   -111.7289896297 | -2.235e-06 | 1.759e-06 |
 12 |   -111.7289896297 | -2.235e-06 | 1.759e-06 |
 13 |   -111.5558835148 | -3.915e-06 | 4.933e-06 |
 14 |   -111.5549268682 | -3.688e-06 | 4.678e-06 |
 15 |   -111.5549266322 | -3.810e-06 | 4.963e-06 |
 16 |   -111.5526527352 | -3.641e-06 | 4.618e-06 |
 17 |   -111.5526281495 | -4.829e-06 | 5.268e-06 |
 18 |   -111.5485780183 | -4.435e-06 | 5.101e-06 |
 19 |   -111.5485780183 | -4.435e-06 | 5.101e-06 |
 20 |   -111.5438990631 | -2.003e-05 | 2.314e-05 |
 21 |   -111.5438990630 | -2.003e-05 | 2.314e-05 |
 22 |   -111.5397387273 | -2.887e-06 | 3.071e-06 |
 23 |   -111.5397386995 | -3.130e-06 | 2.957e-06 |
 24 |   -111.5362316971 | -5.745e-06 | 6.061e-06 |
 25 |   -111.5362316971 | -5.745e-06 | 6.061e-06 |
 26 |   -111.5265214952 | -3.741e-06 | 2.886e-06 |
 27 |   -111.4545587352 | -6.323e-05 | 1.467e-04 |
 28 |   -111.4494607793 | -5.971e-06 | 8.112e-06 |
 29 |   -111.4494607792 | -5.971e-06 | 8.112e-06 |
____|___________________|____________|___________|
number of corr vectors=2061
0 roots converged at step 3
maximum deviation from symmetric form - 1.378051e-10


Step 4
_________________________________________________
  n | E                 | dE         | norm(r)   |
____|___________________|____________|___________|
  0 |   -111.8563788457 | -2.339e-07 | 1.428e-07 |
  1 |   -111.8163794101 | -2.664e-07 | 1.757e-07 |
  2 |   -111.8163794100 | -2.663e-07 | 1.757e-07 |
  3 |   -111.8159715586 | -3.376e-07 | 2.128e-07 |
  4 |   -111.7548054219 | -5.053e-07 | 3.850e-07 |
  5 |   -111.7548054219 | -5.053e-07 | 3.850e-07 |
  6 |   -111.7446952458 | -4.854e-07 | 3.751e-07 |
  7 |   -111.7444240395 | -4.631e-07 | 3.834e-07 |
  8 |   -111.7444240382 | -4.622e-07 | 3.892e-07 |
  9 |   -111.7426019234 | -4.456e-07 | 3.545e-07 |
 10 |   -111.7333398601 | -1.015e-06 | 5.111e-07 |
 11 |   -111.7289902080 | -5.783e-07 | 2.861e-07 |
 12 |   -111.7289902080 | -5.783e-07 | 2.861e-07 |
 13 |   -111.5558849698 | -1.455e-06 | 8.098e-07 |
 14 |   -111.5549282038 | -1.336e-06 | 7.336e-07 |
 15 |   -111.5549280908 | -1.459e-06 | 8.618e-07 |
 16 |   -111.5526540578 | -1.323e-06 | 7.225e-07 |
 17 |   -111.5526296268 | -1.477e-06 | 7.736e-07 |
 18 |   -111.5485795773 | -1.559e-06 | 7.389e-07 |
 19 |   -111.5485795773 | -1.559e-06 | 7.389e-07 |
 20 |   -111.5439078292 | -8.766e-06 | 4.831e-06 |
 21 |   -111.5439078292 | -8.766e-06 | 4.831e-06 |
 22 |   -111.5397396565 | -9.291e-07 | 5.358e-07 |
 23 |   -111.5397396078 | -9.084e-07 | 5.789e-07 |
 24 |   -111.5362335768 | -1.880e-06 | 1.051e-06 |
 25 |   -111.5362335768 | -1.880e-06 | 1.051e-06 |
 26 |   -111.5265223659 | -8.708e-07 | 4.502e-07 |
 27 |   -111.4546822757 | -1.235e-04 | 2.230e-04 |
 28 |   -111.4494633010 | -2.522e-06 | 2.095e-06 |
 29 |   -111.4494633010 | -2.522e-06 | 2.095e-06 |
____|___________________|____________|___________|
number of corr vectors=2091
0 roots converged at step 4
maximum deviation from symmetric form - 4.147490e-10


Step 5
_________________________________________________
  n | E                 | dE         | norm(r)   |
____|___________________|____________|___________|
  0 |   -111.8563788790 | -3.323e-08 | 2.831e-08 |
  1 |   -111.8163794496 | -3.959e-08 | 4.191e-08 |
  2 |   -111.8163794496 | -3.962e-08 | 4.191e-08 |
  3 |   -111.8159716108 | -5.221e-08 | 4.287e-08 |
  4 |   -111.7548055091 | -8.715e-08 | 9.959e-08 |
  5 |   -111.7548055091 | -8.714e-08 | 9.959e-08 |
  6 |   -111.7446953204 | -7.458e-08 | 7.804e-08 |
  7 |   -111.7444241134 | -7.391e-08 | 8.067e-08 |
  8 |   -111.7444241128 | -7.456e-08 | 8.146e-08 |
  9 |   -111.7426019931 | -6.969e-08 | 7.565e-08 |
 10 |   -111.7333399773 | -1.173e-07 | 1.043e-07 |
 11 |   -111.7289902667 | -5.867e-08 | 6.301e-08 |
 12 |   -111.7289902667 | -5.866e-08 | 6.301e-08 |
 13 |   -111.5558851945 | -2.247e-07 | 1.925e-07 |
 14 |   -111.5549284077 | -2.040e-07 | 1.847e-07 |
 15 |   -111.5549283505 | -2.597e-07 | 2.664e-07 |
 16 |   -111.5526542598 | -2.020e-07 | 1.768e-07 |
 17 |   -111.5526298413 | -2.145e-07 | 1.788e-07 |
 18 |   -111.5485797968 | -2.195e-07 | 1.971e-07 |
 19 |   -111.5485797968 | -2.195e-07 | 1.971e-07 |
 20 |   -111.5439087899 | -9.607e-07 | 9.167e-07 |
 21 |   -111.5439087898 | -9.607e-07 | 9.167e-07 |
 22 |   -111.5397397767 | -1.202e-07 | 1.613e-07 |
 23 |   -111.5397397410 | -1.332e-07 | 1.813e-07 |
 24 |   -111.5362338163 | -2.395e-07 | 2.626e-07 |
 25 |   -111.5362338163 | -2.395e-07 | 2.626e-07 |
 26 |   -111.5265224570 | -9.109e-08 | 1.163e-07 |
 27 |   -111.4547463281 | -6.405e-05 | 8.535e-05 |
 28 |   -111.4494640520 | -7.510e-07 | 1.438e-06 |
 29 |   -111.4494640520 | -7.510e-07 | 1.438e-06 |
____|___________________|____________|___________|
number of corr vectors=2061
4 roots converged at step 5
maximum deviation from symmetric form - 7.375227e-10


Step 6
_________________________________________________
  n | E                 | dE         | norm(r)   |
____|___________________|____________|___________|
  0 |   -111.8563788835 | -4.485e-09 | 1.469e-08 |
  1 |   -111.8163794542 | -4.590e-09 | 3.190e-08 |
  2 |   -111.8163794542 | -4.579e-09 | 3.190e-08 |
  3 |   -111.8159716149 | -4.086e-09 | 3.419e-08 |
  4 |   -111.7548055383 | -2.921e-08 | 3.584e-08 |
  5 |   -111.7548055383 | -2.922e-08 | 3.584e-08 |
  6 |   -111.7446953421 | -2.177e-08 | 1.977e-08 |
  7 |   -111.7444241360 | -2.264e-08 | 2.027e-08 |
  8 |   -111.7444241358 | -2.304e-08 | 2.084e-08 |
  9 |   -111.7426020142 | -2.115e-08 | 1.927e-08 |
 10 |   -111.7333400031 | -2.578e-08 | 1.942e-08 |
 11 |   -111.7289902834 | -1.672e-08 | 1.054e-08 |
 12 |   -111.7289902834 | -1.672e-08 | 1.054e-08 |
 13 |   -111.5558852500 | -5.548e-08 | 7.635e-08 |
 14 |   -111.5549284616 | -5.386e-08 | 7.546e-08 |
 15 |   -111.5549284398 | -8.933e-08 | 1.457e-07 |
 16 |   -111.5526543125 | -5.262e-08 | 7.190e-08 |
 17 |   -111.5526298923 | -5.104e-08 | 6.804e-08 |
 18 |   -111.5485798492 | -5.244e-08 | 6.801e-08 |
 19 |   -111.5485798492 | -5.244e-08 | 6.801e-08 |
 20 |   -111.5439090389 | -2.491e-07 | 2.048e-07 |
 21 |   -111.5439090389 | -2.491e-07 | 2.048e-07 |
 22 |   -111.5397398170 | -4.029e-08 | 3.308e-08 |
 23 |   -111.5397397999 | -5.890e-08 | 7.141e-08 |
 24 |   -111.5362338969 | -8.054e-08 | 8.520e-08 |
 25 |   -111.5362338969 | -8.054e-08 | 8.520e-08 |
 26 |   -111.5265224936 | -3.663e-08 | 3.789e-08 |
 27 |   -111.4547719939 | -2.567e-05 | 4.308e-05 |
 28 |   -111.4494646482 | -5.962e-07 | 1.395e-06 |
 29 |   -111.4494646482 | -5.962e-07 | 1.395e-06 |
____|___________________|____________|___________|
number of corr vectors=2087
15 roots converged at step 6
maximum deviation from symmetric form - 7.023775e-10


Step 7
_________________________________________________
  n | E                 | dE         | norm(r)   |
____|___________________|____________|___________|
  0 |   -111.8563788842 | -7.821e-10 | 1.361e-08 |
  1 |   -111.8163794556 | -1.384e-09 | 2.827e-08 |
  2 |   -111.8163794556 | -1.388e-09 | 2.827e-08 |
  3 |   -111.8159716163 | -1.439e-09 | 3.106e-08 |
  4 |   -111.7548055391 | -7.678e-10 | 3.261e-08 |
  5 |   -111.7548055390 | -7.400e-10 | 3.261e-08 |
  6 |   -111.7446953437 | -1.520e-09 | 1.747e-08 |
  7 |   -111.7444241376 | -1.563e-09 | 1.833e-08 |
  8 |   -111.7444241372 | -1.346e-09 | 1.871e-08 |
  9 |   -111.7426020160 | -1.816e-09 | 1.601e-08 |
 10 |   -111.7333400052 | -2.068e-09 | 1.493e-08 |
 11 |   -111.7289902840 | -5.219e-10 | 9.665e-09 |
 12 |   -111.7289902840 | -5.240e-10 | 9.665e-09 |
 13 |   -111.5558852676 | -1.763e-08 | 2.736e-08 |
 14 |   -111.5549284788 | -1.720e-08 | 2.708e-08 |
 15 |   -111.5549284701 | -3.025e-08 | 4.031e-08 |
 16 |   -111.5526543290 | -1.651e-08 | 2.536e-08 |
 17 |   -111.5526299061 | -1.377e-08 | 1.888e-08 |
 18 |   -111.5485798640 | -1.471e-08 | 1.997e-08 |
 19 |   -111.5485798639 | -1.469e-08 | 1.997e-08 |
 20 |   -111.5439090886 | -4.970e-08 | 7.541e-08 |
 21 |   -111.5439090886 | -4.970e-08 | 7.541e-08 |
 22 |   -111.5397398174 | -4.515e-10 | 3.204e-08 |
 23 |   -111.5397398166 | -1.670e-08 | 2.260e-08 |
 24 |   -111.5362339171 | -2.028e-08 | 2.907e-08 |
 25 |   -111.5362339171 | -2.026e-08 | 2.907e-08 |
 26 |   -111.5265224939 | -2.282e-10 | 3.775e-08 |
 27 |   -111.4547887197 | -1.673e-05 | 4.777e-05 |
 28 |   -111.4494649560 | -3.078e-07 | 4.616e-07 |
 29 |   -111.4494649560 | -3.078e-07 | 4.616e-07 |
____|___________________|____________|___________|
number of corr vectors=2046
25 roots converged at step 7
maximum deviation from symmetric form - 1.054769e-09


Step 8
_________________________________________________
  n | E                 | dE         | norm(r)   |
____|___________________|____________|___________|
  0 |   -111.8563788842 |  7.162e-12 | 1.348e-08 |
  1 |   -111.8163794557 | -4.430e-11 | 2.834e-08 |
  2 |   -111.8163794557 | -4.323e-11 | 2.834e-08 |
  3 |   -111.8159716163 | -3.087e-11 | 3.104e-08 |
  4 |   -111.7548055391 | -7.324e-11 | 3.250e-08 |
  5 |   -111.7548055391 | -6.609e-11 | 3.250e-08 |
  6 |   -111.7446953437 | -1.364e-11 | 1.746e-08 |
  7 |   -111.7444241376 | -7.674e-13 | 1.833e-08 |
  8 |   -111.7444241372 | -3.467e-12 | 1.871e-08 |
  9 |   -111.7426020160 |  1.720e-12 | 1.601e-08 |
 10 |   -111.7333400056 | -4.061e-10 | 1.395e-08 |
 11 |   -111.7289902840 | -8.315e-11 | 9.567e-09 |
 12 |   -111.7289902840 | -8.251e-11 | 9.567e-09 |
 13 |   -111.5558852676 |  3.737e-12 | 2.735e-08 |
 14 |   -111.5549284788 |  5.969e-13 | 2.708e-08 |
 15 |   -111.5549284701 |  7.660e-12 | 4.031e-08 |
 16 |   -111.5526543290 | -2.515e-12 | 2.536e-08 |
 17 |   -111.5526299069 | -8.256e-10 | 1.766e-08 |
 18 |   -111.5485798641 | -1.887e-10 | 1.983e-08 |
 19 |   -111.5485798641 | -1.774e-10 | 1.983e-08 |
 20 |   -111.5439091134 | -2.473e-08 | 2.794e-08 |
 21 |   -111.5439091133 | -2.473e-08 | 2.794e-08 |
 22 |   -111.5397398174 |  8.669e-13 | 3.204e-08 |
 23 |   -111.5397398166 | -2.302e-12 | 2.260e-08 |
 24 |   -111.5362339176 | -5.031e-10 | 2.836e-08 |
 25 |   -111.5362339176 | -5.077e-10 | 2.836e-08 |
 26 |   -111.5265224939 | -1.293e-12 | 3.775e-08 |
 27 |   -111.4548149091 | -2.619e-05 | 5.794e-05 |
 28 |   -111.4494651295 | -1.735e-07 | 3.211e-07 |
 29 |   -111.4494651295 | -1.735e-07 | 3.211e-07 |
____|___________________|____________|___________|
number of corr vectors=2051
27 roots converged at step 8
maximum deviation from symmetric form - 2.470364e-09


Step 9
_________________________________________________
  n | E                 | dE         | norm(r)   |
____|___________________|____________|___________|
  0 |   -111.8563788843 | -2.476e-11 | 1.349e-08 |
  1 |   -111.8163794557 | -3.681e-12 | 2.836e-08 |
  2 |   -111.8163794557 | -3.823e-12 | 2.836e-08 |
  3 |   -111.8159716163 |  1.107e-11 | 3.107e-08 |
  4 |   -111.7548055392 | -1.945e-11 | 3.249e-08 |
  5 |   -111.7548055391 | -2.230e-11 | 3.249e-08 |
  6 |   -111.7446953437 |  7.347e-12 | 1.743e-08 |
  7 |   -111.7444241376 |  2.473e-12 | 1.833e-08 |
  8 |   -111.7444241372 |  6.750e-12 | 1.871e-08 |
  9 |   -111.7426020160 |  6.963e-12 | 1.601e-08 |
 10 |   -111.7333400056 | -1.043e-11 | 1.399e-08 |
 11 |   -111.7289902841 | -4.130e-11 | 9.557e-09 |
 12 |   -111.7289902841 | -3.907e-11 | 9.557e-09 |
 13 |   -111.5558852676 | -1.482e-11 | 2.731e-08 |
 14 |   -111.5549284788 | -2.132e-13 | 2.708e-08 |
 15 |   -111.5549284701 | -2.188e-12 | 4.031e-08 |
 16 |   -111.5526543290 |  2.515e-12 | 2.536e-08 |
 17 |   -111.5526299071 | -1.381e-10 | 1.725e-08 |
 18 |   -111.5485798641 | -4.960e-12 | 1.972e-08 |
 19 |   -111.5485798641 | -5.059e-12 | 1.972e-08 |
 20 |   -111.5439091135 | -9.024e-11 | 2.741e-08 |
 21 |   -111.5439091134 | -9.084e-11 | 2.741e-08 |
 22 |   -111.5397398174 |  2.984e-13 | 3.204e-08 |
 23 |   -111.5397398166 |  1.009e-12 | 2.260e-08 |
 24 |   -111.5362339176 | -8.981e-12 | 2.844e-08 |
 25 |   -111.5362339176 | -1.330e-11 | 2.844e-08 |
 26 |   -111.5265224939 | -1.165e-12 | 3.775e-08 |
 27 |   -111.4548546792 | -3.977e-05 | 2.998e-05 |
 28 |   -111.4494654294 | -2.999e-07 | 2.350e-07 |
 29 |   -111.4494654294 | -2.999e-07 | 2.350e-07 |
____|___________________|____________|___________|
number of corr vectors=2054
27 roots converged at step 9
maximum deviation from symmetric form - 1.096356e-08


Step 10
_________________________________________________
  n | E                 | dE         | norm(r)   |
____|___________________|____________|___________|
  0 |   -111.8563788843 |  2.331e-12 | 1.351e-08 |
  1 |   -111.8163794557 | -3.254e-11 | 2.817e-08 |
  2 |   -111.8163794557 | -3.028e-11 | 2.817e-08 |
  3 |   -111.8159716164 | -6.899e-11 | 3.104e-08 |
  4 |   -111.7548055392 | -5.301e-12 | 3.253e-08 |
  5 |   -111.7548055391 |  7.475e-12 | 3.253e-08 |
  6 |   -111.7446953437 |  1.847e-12 | 1.743e-08 |
  7 |   -111.7444241376 |  3.098e-12 | 1.833e-08 |
  8 |   -111.7444241372 |  1.947e-12 | 1.871e-08 |
  9 |   -111.7426020160 | -6.196e-12 | 1.601e-08 |
 10 |   -111.7333400056 |  1.236e-12 | 1.398e-08 |
 11 |   -111.7289902841 | -6.196e-12 | 9.521e-09 |
 12 |   -111.7289902841 | -7.617e-12 | 9.521e-09 |
 13 |   -111.5558852677 | -4.086e-11 | 2.716e-08 |
 14 |   -111.5549284788 |  1.563e-12 | 2.708e-08 |
 15 |   -111.5549284701 | -3.027e-12 | 4.031e-08 |
 16 |   -111.5526543290 | -1.762e-12 | 2.536e-08 |
 17 |   -111.5526299071 | -6.864e-12 | 1.719e-08 |
 18 |   -111.5485798642 | -3.425e-12 | 1.970e-08 |
 19 |   -111.5485798641 | -1.337e-11 | 1.970e-08 |
 20 |   -111.5439091139 | -4.095e-10 | 2.594e-08 |
 21 |   -111.5439091138 | -4.151e-10 | 2.594e-08 |
 22 |   -111.5397398174 | -6.054e-12 | 3.204e-08 |
 23 |   -111.5397398166 |  3.553e-12 | 2.260e-08 |
 24 |   -111.5362339177 | -7.432e-11 | 2.846e-08 |
 25 |   -111.5362339177 | -7.289e-11 | 2.846e-08 |
 26 |   -111.5265224939 |  1.251e-12 | 3.775e-08 |
 27 |   -111.4548608246 | -6.145e-06 | 2.757e-06 |
 28 |   -111.4494654985 | -6.906e-08 | 6.906e-08 |
 29 |   -111.4494654984 | -6.906e-08 | 6.906e-08 |
____|___________________|____________|___________|
number of corr vectors=2057
27 roots converged at step 10
maximum deviation from symmetric form - 5.061565e-08


Step 11
_________________________________________________
  n | E                 | dE         | norm(r)   |
____|___________________|____________|___________|
  0 |   -111.8563788843 | -3.281e-11 | 1.344e-08 |
  1 |   -111.8163794557 | -3.695e-12 | 2.817e-08 |
  2 |   -111.8163794557 | -1.327e-11 | 2.817e-08 |
  3 |   -111.8159716163 |  6.962e-11 | 3.090e-08 |
  4 |   -111.7548055393 | -8.683e-11 | 3.259e-08 |
  5 |   -111.7548055392 | -1.028e-10 | 3.259e-08 |
  6 |   -111.7446953437 | -2.032e-11 | 1.728e-08 |
  7 |   -111.7444241376 | -2.743e-12 | 1.833e-08 |
  8 |   -111.7444241372 | -5.983e-12 | 1.871e-08 |
  9 |   -111.7426020160 |  2.473e-12 | 1.601e-08 |
 10 |   -111.7333400058 | -2.383e-10 | 1.253e-08 |
 11 |   -111.7289902841 |  1.307e-12 | 9.558e-09 |
 12 |   -111.7289902841 |  1.549e-12 | 9.558e-09 |
 13 |   -111.5558852677 | -5.400e-12 | 2.699e-08 |
 14 |   -111.5549284788 | -5.684e-13 | 2.708e-08 |
 15 |   -111.5549284701 | -2.984e-13 | 4.031e-08 |
 16 |   -111.5526543290 |  4.121e-12 | 2.536e-08 |
 17 |   -111.5526299071 |  6.679e-13 | 1.724e-08 |
 18 |   -111.5485798642 | -2.137e-11 | 1.975e-08 |
 19 |   -111.5485798641 | -1.252e-11 | 1.975e-08 |
 20 |   -111.5439091140 | -1.609e-10 | 2.467e-08 |
 21 |   -111.5439091140 | -1.573e-10 | 2.467e-08 |
 22 |   -111.5397398174 |  8.953e-13 | 3.204e-08 |
 23 |   -111.5397398166 | -4.050e-12 | 2.260e-08 |
 24 |   -111.5362339179 | -1.355e-10 | 2.828e-08 |
 25 |   -111.5362339178 | -1.331e-10 | 2.828e-08 |
 26 |   -111.5265224939 |  2.032e-12 | 3.775e-08 |
 27 |   -111.4548614193 | -5.947e-07 | 2.845e-07 |
 28 |   -111.4494655192 | -2.072e-08 | 4.505e-08 |
 29 |   -111.4494655192 | -2.071e-08 | 4.505e-08 |
____|___________________|____________|___________|
number of corr vectors=2060
29 roots converged at step 11
maximum deviation from symmetric form - 2.142667e-07


Step 12
_________________________________________________
  n | E                 | dE         | norm(r)   |
____|___________________|____________|___________|
  0 |   -111.8563788843 |  1.501e-11 | 1.333e-08 |
  1 |   -111.8163794557 | -7.674e-12 | 2.817e-08 |
  2 |   -111.8163794557 | -5.613e-12 | 2.817e-08 |
  3 |   -111.8159716164 | -4.712e-11 | 3.021e-08 |
  4 |   -111.7548055393 | -7.702e-12 | 3.259e-08 |
  5 |   -111.7548055392 | -5.542e-12 | 3.259e-08 |
  6 |   -111.7446953437 | -4.546e-11 | 1.706e-08 |
  7 |   -111.7444241376 | -3.041e-12 | 1.833e-08 |
  8 |   -111.7444241372 |  4.192e-12 | 1.871e-08 |
  9 |   -111.7426020160 |  2.416e-12 | 1.601e-08 |
 10 |   -111.7333400058 | -5.144e-12 | 1.245e-08 |
 11 |   -111.7289902841 |  9.237e-13 | 9.558e-09 |
 12 |   -111.7289902841 |  4.832e-13 | 9.558e-09 |
 13 |   -111.5558852677 | -4.040e-11 | 2.685e-08 |
 14 |   -111.5549284788 | -3.837e-13 | 2.708e-08 |
 15 |   -111.5549284701 |  1.577e-12 | 4.031e-08 |
 16 |   -111.5526543290 | -2.260e-12 | 2.536e-08 |
 17 |   -111.5526299072 | -1.031e-10 | 1.715e-08 |
 18 |   -111.5485798642 | -3.368e-12 | 1.975e-08 |
 19 |   -111.5485798641 | -2.714e-12 | 1.975e-08 |
 20 |   -111.5439091140 | -3.027e-12 | 2.467e-08 |
 21 |   -111.5439091140 | -4.263e-13 | 2.467e-08 |
 22 |   -111.5397398174 | -2.387e-12 | 3.204e-08 |
 23 |   -111.5397398166 |  1.521e-12 | 2.260e-08 |
 24 |   -111.5362339179 |  6.963e-13 | 2.828e-08 |
 25 |   -111.5362339178 |  1.634e-12 | 2.828e-08 |
 26 |   -111.5265224939 | -2.245e-12 | 3.775e-08 |
 27 |   -111.4548614841 | -6.481e-08 | 4.362e-08 |
 28 |   -111.4494655192 | -5.542e-13 | 4.505e-08 |
 29 |   -111.4494655192 |  2.743e-12 | 4.505e-08 |
____|___________________|____________|___________|
number of corr vectors=2061
30 roots converged at step 12


CAS_CI WaveFunctions:

State 0  E  =    -111.8563788843 S^2 = 0.00 L^2 = 0.00 (+):
 7.9949164154e-01  | 11000100100 | 11000100100
-3.7099418517e-01  | 10100100100 | 11000100100
-3.7099418517e-01  | 11000100100 | 10100100100
 1.1830215112e-01  | 10010100100 | 11000100100
 1.1830215112e-01  | 11000100100 | 10010100100
-7.6851717505e-02  | 11000100001 | 11000100100
-7.6851717505e-02  | 11000100100 | 11000100001
-7.6851717491e-02  | 11000001100 | 11000100100
-7.6851717491e-02  | 11000100100 | 11000001100
 6.2275059728e-02  | 10001100100 | 11000100100
State 1  E  =    -111.8163794557 S^2 = 0.00 L^2 = 1.00:
 5.6403113043e-01  | 11000100100 | 11100100000
 5.6403113043e-01  | 11100100000 | 11000100100
-4.1249208796e-01  | 11000100100 | 11100000100
-4.1249208796e-01  | 11100000100 | 11000100100
-3.3227942622e-02  | 11100001000 | 11000001100
-3.3227942622e-02  | 11000001100 | 11100001000
 3.1946931075e-02  | 11100100000 | 11000100001
 3.1946931075e-02  | 11000100001 | 11100100000
 2.4300544231e-02  | 11000100001 | 11100000001
 2.4300544231e-02  | 11100000001 | 11000100001
State 2  E  =    -111.8163794557 S^2 = 0.00 L^2 = 1.00:
 5.6403113043e-01  | 11000100100 | 11100000100
 5.6403113043e-01  | 11100000100 | 11000100100
 4.1249208796e-01  | 11000100100 | 11100100000
 4.1249208796e-01  | 11100100000 | 11000100100
-3.3227942627e-02  | 11000100001 | 11100000001
-3.3227942627e-02  | 11100000001 | 11000100001
 3.1946931068e-02  | 11000001100 | 11100000100
 3.1946931068e-02  | 11100000100 | 11000001100
-2.4300544228e-02  | 11100001000 | 11000001100
-2.4300544228e-02  | 11000001100 | 11100001000
State 3  E  =    -111.8159716164 S^2 = 0.00 L^2 = 0.00 (+):
 5.8962708811e-01  | 10100100100 | 11000100100
 5.8962708811e-01  | 11000100100 | 10100100100
 4.8496633725e-01  | 11000100100 | 11000100100
 1.1101787994e-01  | 11000100100 | 10010100100
 1.1101787994e-01  | 10010100100 | 11000100100
-5.7294064230e-02  | 11000100100 | 11000100001
-5.7294064230e-02  | 11000100001 | 11000100100
-5.7294064214e-02  | 11000100100 | 11000001100
-5.7294064214e-02  | 11000001100 | 11000100100
 4.3658860990e-02  | 11000100100 | 10001100100
State 4  E  =    -111.7548055393 S^2 = 0.00 L^2 = 1.00:
-4.9818402219e-01  | 11000100100 | 10000100110
-4.9818402219e-01  | 10000100110 | 11000100100
-4.8833400369e-01  | 10000110100 | 11000100100
-4.8833400369e-01  | 11000100100 | 10000110100
 3.0072717482e-02  | 10000001110 | 11000001100
 3.0072717482e-02  | 11000001100 | 10000001110
-2.9987036818e-02  | 10000100011 | 11000100001
-2.9987036818e-02  | 11000100001 | 10000100011
 2.9478124302e-02  | 10000110001 | 11000100001
 2.9478124302e-02  | 11000100001 | 10000110001
State 5  E  =    -111.7548055392 S^2 = 0.00 L^2 = 1.00:
-4.9818402219e-01  | 10000110100 | 11000100100
-4.9818402219e-01  | 11000100100 | 10000110100
 4.8833400369e-01  | 11000100100 | 10000100110
 4.8833400369e-01  | 10000100110 | 11000100100
 3.0072717486e-02  | 10000110001 | 11000100001
 3.0072717486e-02  | 11000100001 | 10000110001
-2.9987036815e-02  | 10000011100 | 11000001100
-2.9987036815e-02  | 11000001100 | 10000011100
-2.9478124299e-02  | 10000001110 | 11000001100
-2.9478124299e-02  | 11000001100 | 10000001110
State 6  E  =    -111.7446953437 S^2 = 0.00 L^2 = 0.00 (+):
 4.8862500973e-01  | 11000100100 | 11000010100
 4.8862500973e-01  | 11000010100 | 11000100100
-4.8862499878e-01  | 11000100010 | 11000100100
-4.8862499878e-01  | 11000100100 | 11000100010
-1.0236344648e-01  | 11000100100 | 10010100100
-1.0236344648e-01  | 10010100100 | 11000100100
-2.8763735848e-02  | 11000010001 | 11000100001
-2.8763735848e-02  | 11000100001 | 11000010001
 2.8763735197e-02  | 11000001100 | 11000001010
 2.8763735197e-02  | 11000001010 | 11000001100
State 7  E  =    -111.7444241376 S^2 = 0.00 L^2 = 4.00:
-4.9410970605e-01  | 11000110000 | 11000100100
-4.9410970605e-01  | 11000100100 | 11000110000
-4.9410970484e-01  | 11000000110 | 11000100100
-4.9410970484e-01  | 11000100100 | 11000000110
-2.9087897760e-02  | 11000011000 | 11000001100
-2.9087897760e-02  | 11000001100 | 11000011000
-2.9087897692e-02  | 11000000011 | 11000100001
-2.9087897692e-02  | 11000100001 | 11000000011
-2.6229201289e-02  | 11000110000 | 11000100001
-2.6229201289e-02  | 11000100001 | 11000110000
State 8  E  =    -111.7444241372 S^2 = 0.00 L^2 = 4.00:
-4.9410970076e-01  | 11000100010 | 11000100100
-4.9410970076e-01  | 11000100100 | 11000100010
-4.9410968963e-01  | 11000100100 | 11000010100
-4.9410968963e-01  | 11000010100 | 11000100100
 2.9176994006e-02  | 11000001100 | 11000001010
 2.9176994006e-02  | 11000001010 | 11000001100
 2.9176993355e-02  | 11000100001 | 11000010001
 2.9176993355e-02  | 11000010001 | 11000100001
-2.7783873591e-02  | 11000100010 | 11000100001
-2.7783873591e-02  | 11000100001 | 11000100010
State 9  E  =    -111.7426020160 S^2 = 0.00 L^2 = 0.00 (-):
 4.9419043198e-01  | 11000000110 | 11000100100
 4.9419043198e-01  | 11000100100 | 11000000110
-4.9419043077e-01  | 11000110000 | 11000100100
-4.9419043077e-01  | 11000100100 | 11000110000
 2.9008899919e-02  | 11000100001 | 11000000011
 2.9008899919e-02  | 11000000011 | 11000100001
-2.9008899844e-02  | 11000011000 | 11000001100
-2.9008899844e-02  | 11000001100 | 11000011000
 2.6183842371e-02  | 11000001100 | 11000000110
 2.6183842371e-02  | 11000000110 | 11000001100
State 10  E  =    -111.7333400058 S^2 = 0.00 L^2 = 0.00 (+):
-6.6995678752e-01  | 10010100100 | 11000100100
-6.6995678752e-01  | 11000100100 | 10010100100
 2.1654375134e-01  | 11000100100 | 11000100100
-6.8254088943e-02  | 11000100100 | 11000010100
-6.8254088943e-02  | 11000010100 | 11000100100
 6.8254087093e-02  | 11000100010 | 11000100100
 6.8254087093e-02  | 11000100100 | 11000100010
-4.2488533245e-02  | 11000100100 | 11000001100
-4.2488533245e-02  | 11000001100 | 11000100100
-4.2488533238e-02  | 11000100001 | 11000100100
State 11  E  =    -111.7289902841 S^2 = 0.00 L^2 = 1.00:
-5.4885498180e-01  | 11000100100 | 11010000100
-5.4885498180e-01  | 11010000100 | 11000100100
-4.3205346322e-01  | 11010100000 | 11000100100
-4.3205346322e-01  | 11000100100 | 11010100000
 3.2754986468e-02  | 11000100001 | 11010000001
 3.2754986468e-02  | 11010000001 | 11000100001
-3.0436241087e-02  | 11000001100 | 11010000100
-3.0436241087e-02  | 11010000100 | 11000001100
 2.5784416301e-02  | 11010001000 | 11000001100
 2.5784416301e-02  | 11000001100 | 11010001000
State 12  E  =    -111.7289902841 S^2 = 0.00 L^2 = 1.00:
-5.4885498180e-01  | 11010100000 | 11000100100
-5.4885498180e-01  | 11000100100 | 11010100000
 4.3205346322e-01  | 11000100100 | 11010000100
 4.3205346322e-01  | 11010000100 | 11000100100
 3.2754986464e-02  | 11010001000 | 11000001100
 3.2754986464e-02  | 11000001100 | 11010001000
-3.0436241093e-02  | 11010100000 | 11000100001
-3.0436241093e-02  | 11000100001 | 11010100000
-2.5784416304e-02  | 11000100001 | 11010000001
-2.5784416304e-02  | 11010000001 | 11000100001
State 13  E  =    -111.5558852677 S^2 = 0.00 L^2 = 0.00 (+):
-3.7045667329e-01  | 10100010100 | 11000100100
-3.7045667329e-01  | 11000100100 | 10100010100
 3.7045665798e-01  | 11000100100 | 10100100010
 3.7045665798e-01  | 10100100010 | 11000100100
-1.8546492387e-01  | 11100000100 | 10000110100
-1.8546492387e-01  | 10000110100 | 11100000100
 1.8546491623e-01  | 11100100000 | 10000100110
 1.8546491623e-01  | 10000100110 | 11100100000
-1.8499174942e-01  | 11000010100 | 10100100100
-1.8499174942e-01  | 10100100100 | 11000010100
State 14  E  =    -111.5549284788 S^2 = 0.00 L^2 = 4.00:
 3.7698446999e-01  | 10100110000 | 11000100100
 3.7698446998e-01  | 11000100100 | 10100110000
 3.7698446566e-01  | 11000100100 | 10100000110
 3.7698446566e-01  | 10100000110 | 11000100100
 1.8902121363e-01  | 10100100100 | 11000110000
 1.8902121363e-01  | 11000110000 | 10100100100
 1.8902121147e-01  | 11000000110 | 10100100100
 1.8902121147e-01  | 10100100100 | 11000000110
-1.8796325635e-01  | 10000110100 | 11100100000
-1.8796325635e-01  | 11100100000 | 10000110100
State 15  E  =    -111.5549284701 S^2 = 0.00 L^2 = 4.00:
 3.7698361909e-01  | 10100100010 | 11000100100
 3.7698361909e-01  | 11000100100 | 10100100010
 3.7698360410e-01  | 11000100100 | 10100010100
 3.7698360410e-01  | 10100010100 | 11000100100
 1.8902050456e-01  | 10100100100 | 11000100010
 1.8902050456e-01  | 11000100010 | 10100100100
 1.8902049707e-01  | 11000010100 | 10100100100
 1.8902049707e-01  | 10100100100 | 11000010100
 1.8796311453e-01  | 10000100110 | 11100100000
 1.8796311453e-01  | 11100100000 | 10000100110
State 16  E  =    -111.5526543290 S^2 = 0.00 L^2 = 0.00 (-):
-3.7699696270e-01  | 11000100100 | 10100000110
-3.7699696270e-01  | 10100000110 | 11000100100
 3.7699695837e-01  | 11000100100 | 10100110000
 3.7699695837e-01  | 10100110000 | 11000100100
-1.8939168167e-01  | 10100100100 | 11000000110
-1.8939168167e-01  | 11000000110 | 10100100100
 1.8939167949e-01  | 11000110000 | 10100100100
 1.8939167949e-01  | 10100100100 | 11000110000
-1.8760528103e-01  | 11100000100 | 10000100110
-1.8760528103e-01  | 10000100110 | 11100000100
State 17  E  =    -111.5526299072 S^2 = 0.00 L^2 = 0.00 (+):
-7.3905859147e-01  | 10100100100 | 10100100100
 3.2132019408e-01  | 11100000100 | 11100000100
 3.2132019359e-01  | 11100100000 | 11100100000
-1.8618905511e-01  | 10010100100 | 10100100100
-1.8618905511e-01  | 10100100100 | 10010100100
 1.1190053706e-01  | 10000110100 | 10000110100
 1.1190053695e-01  | 10000100110 | 10000100110
-1.0509739861e-01  | 10100100001 | 10100100100
-1.0509739861e-01  | 10100100100 | 10100100001
-1.0509739861e-01  | 10100001100 | 10100100100
State 18  E  =    -111.5485798642 S^2 = 0.00 L^2 = 1.00:
 6.1626291180e-01  | 11100000100 | 10100100100
 6.1626291180e-01  | 10100100100 | 11100000100
 1.9480403142e-01  | 11100000100 | 10010100100
 1.9480403142e-01  | 10010100100 | 11100000100
 1.2763885648e-01  | 11010000100 | 10100100100
 1.2763885648e-01  | 10100100100 | 11010000100
 9.5526385117e-02  | 11000010100 | 10000110100
 9.5526385116e-02  | 10000110100 | 11000010100
 9.0675369191e-02  | 11000000110 | 10000100110
 9.0675369191e-02  | 10000100110 | 11000000110
State 19  E  =    -111.5485798641 S^2 = 0.00 L^2 = 1.00:
-6.1626291178e-01  | 11100100000 | 10100100100
-6.1626291178e-01  | 10100100100 | 11100100000
-1.9480403142e-01  | 11100100000 | 10010100100
-1.9480403142e-01  | 10010100100 | 11100100000
-1.2763885648e-01  | 11010100000 | 10100100100
-1.2763885648e-01  | 10100100100 | 11010100000
-9.5526385012e-02  | 11000100010 | 10000100110
-9.5526385012e-02  | 10000100110 | 11000100010
 9.0675369282e-02  | 11000110000 | 10000110100
 9.0675369282e-02  | 10000110100 | 11000110000
State 20  E  =    -111.5439091140 S^2 = 0.00 L^2 = 1.00:
-5.2692274083e-01  | 11100010000 | 11000100100
-5.2692274083e-01  | 11000100100 | 11100010000
-2.6444044634e-01  | 11100000100 | 11000110000
-2.6444044634e-01  | 11000110000 | 11100000100
-2.6248229449e-01  | 11000010100 | 11100100000
-2.6248229449e-01  | 11100100000 | 11000010100
-1.4313780084e-01  | 11010010000 | 11000100100
-1.4313780084e-01  | 11000100100 | 11010010000
-9.2850568650e-02  | 11100010000 | 11000001100
-9.2850568650e-02  | 11000001100 | 11100010000
State 21  E  =    -111.5439091140 S^2 = 0.00 L^2 = 1.00:
 5.2692274083e-01  | 11100000010 | 11000100100
 5.2692274083e-01  | 11000100100 | 11100000010
-2.6444044631e-01  | 11100100000 | 11000000110
-2.6444044631e-01  | 11000000110 | 11100100000
 2.6248229451e-01  | 11100000100 | 11000100010
 2.6248229451e-01  | 11000100010 | 11100000100
 1.4313780083e-01  | 11000100100 | 11010000010
 1.4313780083e-01  | 11010000010 | 11000100100
 9.2850568661e-02  | 11100000010 | 11000100001
 9.2850568661e-02  | 11000100001 | 11100000010
State 22  E  =    -111.5397398174 S^2 = 0.00 L^2 = 4.00:
 6.2288190797e-01  | 11100000100 | 11100100000
 6.2288190797e-01  | 11100100000 | 11100000100
 1.7368239907e-01  | 11100000100 | 11010100000
 1.7368239907e-01  | 11010100000 | 11100000100
 1.7368239907e-01  | 11010000100 | 11100100000
 1.7368239907e-01  | 11100100000 | 11010000100
 9.3915418857e-02  | 11000010100 | 11000110000
 9.3915418857e-02  | 11000110000 | 11000010100
-9.3915418735e-02  | 11000000110 | 11000100010
-9.3915418735e-02  | 11000100010 | 11000000110
State 23  E  =    -111.5397398166 S^2 = 0.00 L^2 = 4.00:
-6.2289357886e-01  | 11100100000 | 11100100000
 6.2289357858e-01  | 11100000100 | 11100000100
-1.7366332538e-01  | 11100100000 | 11010100000
-1.7366332538e-01  | 11010100000 | 11100100000
 1.7366332530e-01  | 11100000100 | 11010000100
 1.7366332530e-01  | 11010000100 | 11100000100
-9.7639866595e-02  | 11000010100 | 11000010100
 9.7639866511e-02  | 11000100010 | 11000100010
 9.0192767401e-02  | 11000110000 | 11000110000
-9.0192767241e-02  | 11000000110 | 11000000110
State 24  E  =    -111.5362339179 S^2 = 0.00 L^2 = 1.00:
-5.3621535293e-01  | 10110000100 | 11000100100
-5.3621535293e-01  | 11000100100 | 10110000100
-2.9339006185e-01  | 11010000100 | 10100100100
-2.9339006185e-01  | 10100100100 | 11010000100
 2.4282529108e-01  | 10010100100 | 11100000100
 2.4282529108e-01  | 11100000100 | 10010100100
-9.5279313112e-02  | 10110000100 | 11000001100
-9.5279313112e-02  | 11000001100 | 10110000100
-7.9209238735e-02  | 11000100100 | 11100000010
-7.9209238735e-02  | 11100000010 | 11000100100
State 25  E  =    -111.5362339178 S^2 = 0.00 L^2 = 1.00:
 5.3621535295e-01  | 10110100000 | 11000100100
 5.3621535295e-01  | 11000100100 | 10110100000
 2.9339006188e-01  | 10100100100 | 11010100000
 2.9339006188e-01  | 11010100000 | 10100100100
-2.4282529107e-01  | 11100100000 | 10010100100
-2.4282529107e-01  | 10010100100 | 11100100000
 9.5279313128e-02  | 10110100000 | 11000100001
 9.5279313128e-02  | 11000100001 | 10110100000
-7.9209238539e-02  | 11100010000 | 11000100100
-7.9209238539e-02  | 11000100100 | 11100010000
State 26  E  =    -111.5265224939 S^2 = 0.00 L^2 = 0.00 (-):
-5.5340299903e-01  | 11000100100 | 11110000000
-5.5340299902e-01  | 11110000000 | 11000100100
-2.7670149951e-01  | 11010000100 | 11100100000
-2.7670149951e-01  | 11100100000 | 11010000100
 2.7670149951e-01  | 11100000100 | 11010100000
 2.7670149951e-01  | 11010100000 | 11100000100
-9.5878756860e-02  | 11000100001 | 11110000000
-9.5878756860e-02  | 11110000000 | 11000100001
-9.5878756849e-02  | 11000001100 | 11110000000
-9.5878756849e-02  | 11110000000 | 11000001100
State 27  E  =    -111.4548614841 S^2 = 0.00 L^2 = 0.00 (+):
-4.9710563305e-01  | 10100100100 | 10100100100
-4.5485014894e-01  | 11100000100 | 11100000100
-4.5485014893e-01  | 11100100000 | 11100100000
-2.0742115949e-01  | 11100000100 | 11010000100
-2.0742115949e-01  | 11010000100 | 11100000100
-2.0742115946e-01  | 11100100000 | 11010100000
-2.0742115946e-01  | 11010100000 | 11100100000
 1.6153082487e-01  | 10010100100 | 10010100100
 1.4412745758e-01  | 01100100100 | 01100100100
 7.7455363184e-02  | 11000010100 | 11000010100
State 28  E  =    -111.4494655192 S^2 = 0.00 L^2 = 1.00:
 5.4949795141e-01  | 11000100100 | 10000110010
 5.4949795141e-01  | 10000110010 | 11000100100
 2.7611041624e-01  | 10000100110 | 11000110000
 2.7611041624e-01  | 11000110000 | 10000100110
 2.7338753518e-01  | 11000100010 | 10000110100
 2.7338753518e-01  | 10000110100 | 11000100010
 9.8145485823e-02  | 10000110010 | 11000100001
 9.8145485823e-02  | 11000100001 | 10000110010
 8.2341353932e-02  | 11000001100 | 10000110010
 8.2341353932e-02  | 10000110010 | 11000001100
State 29  E  =    -111.4494655192 S^2 = 0.00 L^2 = 1.00:
 5.4949795140e-01  | 11000100100 | 10000010110
 5.4949795140e-01  | 10000010110 | 11000100100
-2.7611041626e-01  | 11000000110 | 10000110100
-2.7611041626e-01  | 10000110100 | 11000000110
 2.7338753514e-01  | 10000100110 | 11000010100
 2.7338753514e-01  | 11000010100 | 10000100110
 9.8145485811e-02  | 11000001100 | 10000010110
 9.8145485811e-02  | 10000010110 | 11000001100
 8.2341353938e-02  | 11000100001 | 10000010110
 8.2341353938e-02  | 10000010110 | 11000100001


Davidson diagonalization:
Time to step -  275.92234
Full time    -  575.06075
_______________________________________________________________________


CDAS-PT2 Energy summary:
E[  0] = -111.8563788843
E[  1] = -111.8163794557 | 1.0884 eV
E[  2] = -111.8163794557 | 1.0884 eV
E[  3] = -111.8159716164 | 1.0995 eV
E[  4] = -111.7548055393 | 2.7640 eV
E[  5] = -111.7548055392 | 2.7640 eV
E[  6] = -111.7446953437 | 3.0391 eV
E[  7] = -111.7444241376 | 3.0464 eV
E[  8] = -111.7444241372 | 3.0464 eV
E[  9] = -111.7426020160 | 3.0960 eV
E[ 10] = -111.7333400058 | 3.3481 eV
E[ 11] = -111.7289902841 | 3.4664 eV
E[ 12] = -111.7289902841 | 3.4664 eV
E[ 13] = -111.5558852677 | 8.1769 eV
E[ 14] = -111.5549284788 | 8.2029 eV
E[ 15] = -111.5549284701 | 8.2029 eV
E[ 16] = -111.5526543290 | 8.2648 eV
E[ 17] = -111.5526299072 | 8.2654 eV
E[ 18] = -111.5485798642 | 8.3756 eV
E[ 19] = -111.5485798641 | 8.3756 eV
E[ 20] = -111.5439091140 | 8.5027 eV
E[ 21] = -111.5439091140 | 8.5027 eV
E[ 22] = -111.5397398174 | 8.6162 eV
E[ 23] = -111.5397398166 | 8.6162 eV
E[ 24] = -111.5362339179 | 8.7116 eV
E[ 25] = -111.5362339178 | 8.7116 eV
E[ 26] = -111.5265224939 | 8.9759 eV
E[ 27] = -111.4548614841 | 10.9259 eV
E[ 28] = -111.4494655192 | 11.0727 eV
E[ 29] = -111.4494655192 | 11.0727 eV


CDAS-PT2 extended results:
_____________________________________________________________________________________________________
 State| E                 | S^2  | L^2      | weight |      d_x      |      d_y      |      d_z      |
______|___________________|______|__________|________|_______________|_______________|_______________|
    0 |   -111.8563788843 | 0.00 | 0.00 (+) | 0.00   | -3.616725e-13 | -2.540123e-13 | -2.841161e+00 |
    1 |   -111.8163794557 | 0.00 | 1.00     | 1.00   |  2.149283e-11 |  1.922935e-12 | -6.902386e-01 |
    2 |   -111.8163794557 | 0.00 | 1.00     | 1.00   |  1.591331e-12 |  1.531557e-11 | -6.902386e-01 |
    3 |   -111.8159716164 | 0.00 | 0.00 (+) | 0.00   | -1.769367e-11 | -1.416316e-11 | -2.480509e+00 |
    4 |   -111.7548055393 | 0.00 | 1.00     | 1.00   | -7.655271e-13 | -8.995155e-14 | -4.234741e-01 |
    5 |   -111.7548055392 | 0.00 | 1.00     | 1.00   |  1.191174e-14 |  5.212197e-13 | -4.234741e-01 |
    6 |   -111.7446953437 | 0.00 | 0.00 (+) | 0.00   | -3.091849e-13 | -3.555769e-13 | -3.929049e-01 |
    7 |   -111.7444241376 | 0.00 | 4.00     | 0.00   | -2.230003e-12 | -1.942394e-12 | -4.136265e-01 |
    8 |   -111.7444241372 | 0.00 | 4.00     | 0.00   | -2.893875e-12 | -1.278840e-12 | -4.136281e-01 |
    9 |   -111.7426020160 | 0.00 | 0.00 (-) | 0.00   |  5.442428e-13 |  1.576176e-13 | -4.131127e-01 |
   10 |   -111.7333400058 | 0.00 | 0.00 (+) | 1.00   | -3.236567e-13 | -9.749734e-13 | -1.291625e-01 |
   11 |   -111.7289902841 | 0.00 | 1.00     | 1.00   |  7.895346e-13 | -3.001393e-13 |  1.821567e-01 |
   12 |   -111.7289902841 | 0.00 | 1.00     | 0.00   | -9.532229e-15 |  9.300710e-13 |  1.821567e-01 |
   13 |   -111.5558852677 | 0.00 | 0.00 (+) | 0.00   |  2.764673e-14 |  2.139826e-13 |  2.884605e+00 |
   14 |   -111.5549284788 | 0.00 | 4.00     | 0.00   |  1.016248e-12 | -1.583575e-13 |  2.888380e+00 |
   15 |   -111.5549284701 | 0.00 | 4.00     | 0.00   | -1.139095e-12 | -1.997000e-12 |  2.888352e+00 |
   16 |   -111.5526543290 | 0.00 | 0.00 (-) | 0.00   | -1.885304e-12 | -5.938699e-13 |  2.890507e+00 |
   17 |   -111.5526299072 | 0.00 | 0.00 (+) | 0.00   | -1.991934e-12 | -5.647684e-12 |  2.018176e+00 |
   18 |   -111.5485798642 | 0.00 | 1.00     | 0.00   |  6.393433e-14 |  1.043143e-12 |  2.002905e+00 |
   19 |   -111.5485798641 | 0.00 | 1.00     | 0.00   |  1.422680e-12 |  9.655562e-13 |  2.002905e+00 |
   20 |   -111.5439091140 | 0.00 | 1.00     | 0.00   | -6.648494e-14 | -5.528777e-14 |  2.882635e+00 |
   21 |   -111.5439091140 | 0.00 | 1.00     | 0.00   | -3.013372e-12 |  9.034847e-14 |  2.882635e+00 |
   22 |   -111.5397398174 | 0.00 | 4.00     | 0.00   |  1.972535e-13 |  1.239026e-12 |  1.836638e+00 |
   23 |   -111.5397398166 | 0.00 | 4.00     | 0.00   |  7.464544e-13 | -3.622269e-13 |  1.837008e+00 |
   24 |   -111.5362339179 | 0.00 | 1.00     | 0.00   |  5.135656e-13 | -1.419911e-12 |  4.336991e+00 |
   25 |   -111.5362339178 | 0.00 | 1.00     | 0.00   |  2.785267e-12 |  1.195323e-12 |  4.336991e+00 |
   26 |   -111.5265224939 | 0.00 | 0.00 (-) | 0.00   | -1.577248e-12 | -2.135231e-12 |  4.462548e+00 |
   27 |   -111.4548614841 | 0.00 | 0.00 (+) | 0.00   |  7.041021e-13 |  3.757994e-13 |  2.128852e+00 |
   28 |   -111.4494655192 | 0.00 | 1.00     | 0.00   |  1.966188e-12 |  9.072972e-13 |  4.127225e+00 |
   29 |   -111.4494655192 | 0.00 | 1.00     | 0.00   | -1.003526e-12 |  1.692063e-12 |  4.127225e+00 |
______|___________________|______|__________|________________________________________________________|



CDAS-PT(0) Dipole moment:

d[  0,  0] = {-3.616725e-13,-2.540123e-13,-2.841161e+00} |d| = 2.841161e+00
d[  0,  1] = { 3.215841e-01, 7.066525e-13,-9.583544e-11} |d| = 3.215841e-01
d[  0,  2] = { 4.130003e-17, 3.215841e-01,-6.919607e-11} |d| = 3.215841e-01
d[  0,  3] = {-1.629728e-11,-1.153221e-11,-1.898837e+00} |d| = 1.898837e+00
d[  0,  4] = { 1.441738e+00, 2.779821e-12,-1.829394e-12} |d| = 1.441738e+00
d[  0,  5] = { 3.185653e-16,-1.441738e+00,-1.240862e-13} |d| = 1.441738e+00
d[  0,  6] = {-1.302177e-13,-2.071905e-13,-3.794144e-01} |d| = 3.794144e-01
d[  0,  7] = {-4.370338e-12,-5.648160e-13,-3.946075e-12} |d| = 5.915267e-12
d[  0,  8] = {-5.244858e-12,-1.738926e-13,-2.098144e-09} |d| = 2.098150e-09
d[  0,  9] = { 1.794640e-12,-1.450737e-12, 1.113857e-11} |d| = 1.137511e-11
d[  0, 10] = {-7.015804e-13,-1.716685e-12,-2.320923e+00} |d| = 2.320923e+00
d[  0, 11] = { 4.008553e-01,-1.158604e-11,-2.537354e-12} |d| = 4.008553e-01
d[  0, 12] = { 1.181092e-16,-4.008553e-01, 8.487125e-12} |d| = 4.008553e-01
d[  0, 13] = { 3.760303e-14, 6.107467e-14,-7.451572e-02} |d| = 7.451572e-02
d[  0, 14] = { 2.802223e-13, 3.772555e-15,-9.671326e-13} |d| = 1.006918e-12
d[  0, 15] = {-2.700893e-13, 7.220611e-14,-1.937726e-09} |d| = 1.937726e-09
d[  0, 16] = { 2.120525e-12,-1.241512e-12, 4.021296e-11} |d| = 4.028797e-11
d[  0, 17] = {-3.162040e-14, 3.664759e-13,-8.683694e-02} |d| = 8.683694e-02
d[  0, 18] = { 7.991804e-02,-6.757463e-11,-1.607242e-13} |d| = 7.991804e-02
d[  0, 19] = { 6.045459e-18, 7.991804e-02, 1.855619e-14} |d| = 7.991804e-02
d[  0, 20] = { 3.208359e-02, 9.276767e-11, 8.024542e-14} |d| = 3.208359e-02
d[  0, 21] = {-4.984359e-20, 3.208359e-02,-3.589718e-14} |d| = 3.208359e-02
d[  0, 22] = {-3.491726e-12,-1.847308e-13,-1.739561e-13} |d| = 3.500934e-12
d[  0, 23] = {-2.575713e-12,-6.978872e-12, 7.145260e-11} |d| = 7.183880e-11
d[  0, 24] = { 2.344865e-01, 1.163899e-11, 2.097207e-13} |d| = 2.344865e-01
d[  0, 25] = {-1.526403e-18, 2.344865e-01,-2.888799e-13} |d| = 2.344865e-01
d[  0, 26] = { 7.464745e-13,-2.640138e-12, 6.582724e-14} |d| = 2.744428e-12
d[  0, 27] = {-6.172909e-13, 3.135041e-13,-5.818470e-02} |d| = 5.818470e-02
d[  0, 28] = { 1.297844e-02, 1.024105e-12, 4.943074e-13} |d| = 1.297844e-02
d[  0, 29] = { 5.315717e-19,-1.297844e-02,-2.900086e-12} |d| = 1.297844e-02

d[  1,  0] = { 3.215841e-01, 7.066525e-13,-9.583544e-11} |d| = 3.215841e-01
d[  1,  1] = { 2.149283e-11, 1.922935e-12,-6.902386e-01} |d| = 6.902386e-01
d[  1,  2] = { 7.173895e-12, 9.729303e-12, 4.034840e-13} |d| = 1.209491e-11
d[  1,  3] = { 1.861414e-01,-2.693470e-13,-9.079317e-11} |d| = 1.861414e-01
d[  1,  4] = {-1.230029e-10, 7.981492e-12,-3.108784e-02} |d| = 3.108784e-02
d[  1,  5] = {-3.261421e-13, 1.162998e-10, 1.730841e-12} |d| = 1.163131e-10
d[  1,  6] = { 1.872546e+00, 6.930131e-11, 6.950806e-12} |d| = 1.872546e+00
d[  1,  7] = {-8.544773e-05, 1.896859e+00, 1.217786e-12} |d| = 1.896859e+00
d[  1,  8] = {-1.896859e+00,-8.544769e-05,-2.621280e-12} |d| = 1.896859e+00
d[  1,  9] = { 3.057340e-11,-1.898207e+00, 1.644815e-12} |d| = 1.898207e+00
d[  1, 10] = {-2.018273e-01,-2.416372e-11, 4.150756e-11} |d| = 2.018273e-01
d[  1, 11] = { 1.663197e-11,-5.723977e-13,-2.025349e+00} |d| = 2.025349e+00
d[  1, 12] = { 1.340729e-12,-1.270191e-11, 5.030239e-11} |d| = 5.189862e-11
d[  1, 13] = {-6.460741e-02, 1.855198e-12, 7.242725e-12} |d| = 6.460741e-02
d[  1, 14] = {-2.838426e-07,-8.785098e-02, 6.486182e-13} |d| = 8.785098e-02
d[  1, 15] = { 8.785315e-02,-2.838363e-07,-6.250170e-14} |d| = 8.785315e-02
d[  1, 16] = {-6.090227e-11, 9.569290e-02, 3.454370e-12} |d| = 9.569290e-02
d[  1, 17] = { 1.383435e-01, 4.290545e-11, 7.759638e-12} |d| = 1.383435e-01
d[  1, 18] = {-7.546878e-12,-2.217645e-12, 1.033541e-01} |d| = 1.033541e-01
d[  1, 19] = { 6.126638e-13,-6.714243e-12,-1.085111e-10} |d| = 1.087203e-10
d[  1, 20] = {-2.796732e-12,-3.916163e-12, 1.524438e-01} |d| = 1.524438e-01
d[  1, 21] = {-2.645606e-13, 3.628589e-13,-9.576954e-11} |d| = 9.577059e-11
d[  1, 22] = {-2.420683e-06, 2.435723e-01,-7.517575e-12} |d| = 2.435723e-01
d[  1, 23] = { 2.435685e-01, 2.420722e-06,-5.031628e-12} |d| = 2.435685e-01
d[  1, 24] = {-1.360526e-11, 3.847767e-12, 5.870875e-01} |d| = 5.870875e-01
d[  1, 25] = { 6.679604e-12,-1.223819e-11,-8.245129e-12} |d| = 1.619792e-11
d[  1, 26] = {-1.349887e-12, 3.880232e-01,-3.781752e-13} |d| = 3.880232e-01
d[  1, 27] = {-2.107345e-01, 5.322547e-13, 9.789674e-12} |d| = 2.107345e-01
d[  1, 28] = {-8.415771e-13,-1.975121e-13,-4.915647e-03} |d| = 4.915647e-03
d[  1, 29] = { 1.603295e-12, 1.023092e-12,-5.046477e-13} |d| = 1.967725e-12

d[  2,  0] = { 4.130003e-17, 3.215841e-01,-6.919607e-11} |d| = 3.215841e-01
d[  2,  1] = { 7.173895e-12, 9.729303e-12, 4.034840e-13} |d| = 1.209491e-11
d[  2,  2] = { 1.591331e-12, 1.531557e-11,-6.902386e-01} |d| = 6.902386e-01
d[  2,  3] = { 9.803273e-13, 1.861414e-01,-6.466789e-11} |d| = 1.861414e-01
d[  2,  4] = {-8.044327e-11, 7.850230e-12,-1.680643e-11} |d| = 8.255423e-11
d[  2,  5] = {-2.511034e-12, 8.290725e-11, 3.108784e-02} |d| = 3.108784e-02
d[  2,  6] = { 1.624560e-11, 1.872546e+00, 4.246224e-12} |d| = 1.872546e+00
d[  2,  7] = { 1.896859e+00, 8.544765e-05,-4.833034e-13} |d| = 1.896859e+00
d[  2,  8] = {-8.544769e-05, 1.896859e+00, 6.574319e-13} |d| = 1.896859e+00
d[  2,  9] = { 1.898207e+00, 2.472359e-11, 3.966257e-13} |d| = 1.898207e+00
d[  2, 10] = { 2.373229e-12,-2.018273e-01, 3.452206e-11} |d| = 2.018273e-01
d[  2, 11] = { 1.259675e-11,-2.211159e-12, 5.450358e-11} |d| = 5.598400e-11
d[  2, 12] = { 2.080185e-13,-9.784586e-12, 2.025349e+00} |d| = 2.025349e+00
d[  2, 13] = {-1.254795e-12,-6.460741e-02, 4.857019e-12} |d| = 6.460741e-02
d[  2, 14] = {-8.785098e-02, 2.838416e-07, 7.347552e-13} |d| = 8.785098e-02
d[  2, 15] = {-2.838346e-07,-8.785315e-02, 1.495771e-13} |d| = 8.785315e-02
d[  2, 16] = {-9.569290e-02,-6.260349e-11,-1.236892e-12} |d| = 9.569290e-02
d[  2, 17] = {-4.429402e-11, 1.383435e-01, 5.793150e-12} |d| = 1.383435e-01
d[  2, 18] = {-4.583563e-12,-4.185530e-13,-7.182454e-11} |d| = 7.197186e-11
d[  2, 19] = {-6.376671e-13,-7.214923e-12, 1.033541e-01} |d| = 1.033541e-01
d[  2, 20] = {-6.295822e-12, 1.051823e-12, 3.074130e-10} |d| = 3.074793e-10
d[  2, 21] = {-7.308910e-13,-1.362627e-12, 1.524438e-01} |d| = 1.524438e-01
d[  2, 22] = { 2.435723e-01, 2.420683e-06,-4.308031e-13} |d| = 2.435723e-01
d[  2, 23] = { 2.420718e-06,-2.435685e-01,-1.749364e-11} |d| = 2.435685e-01
d[  2, 24] = {-6.819815e-12,-2.651450e-12, 9.814992e-12} |d| = 1.224231e-11
d[  2, 25] = {-4.356606e-12,-1.835916e-11, 5.870875e-01} |d| = 5.870875e-01
d[  2, 26] = {-3.880232e-01, 2.278050e-13,-6.487405e-12} |d| = 3.880232e-01
d[  2, 27] = { 6.225943e-14,-2.107345e-01, 6.841585e-12} |d| = 2.107345e-01
d[  2, 28] = {-3.416171e-14,-6.005427e-13,-1.204481e-12} |d| = 1.346326e-12
d[  2, 29] = { 1.242759e-13, 1.608639e-12, 4.915648e-03} |d| = 4.915648e-03

d[  3,  0] = {-1.629728e-11,-1.153221e-11,-1.898837e+00} |d| = 1.898837e+00
d[  3,  1] = { 1.861414e-01,-2.693470e-13,-9.079317e-11} |d| = 1.861414e-01
d[  3,  2] = { 9.803273e-13, 1.861414e-01,-6.466789e-11} |d| = 1.861414e-01
d[  3,  3] = {-1.769367e-11,-1.416316e-11,-2.480509e+00} |d| = 2.480509e+00
d[  3,  4] = {-2.279168e+00, 2.814203e-12, 9.491800e-13} |d| = 2.279168e+00
d[  3,  5] = {-8.476213e-13, 2.279168e+00,-1.482909e-12} |d| = 2.279168e+00
d[  3,  6] = {-9.457092e-11,-6.793396e-11, 1.268317e-01} |d| = 1.268317e-01
d[  3,  7] = {-6.304989e-11,-9.502112e-11, 1.577754e-12} |d| = 1.140473e-10
d[  3,  8] = { 1.057544e-10,-6.938107e-11,-1.976813e-09} |d| = 1.980855e-09
d[  3,  9] = {-7.285823e-11, 9.805066e-11,-3.421037e-12} |d| = 1.222046e-10
d[  3, 10] = { 1.063513e-11, 6.606276e-12, 7.684757e-01} |d| = 7.684757e-01
d[  3, 11] = { 2.756439e-01,-5.460710e-12, 1.040189e-10} |d| = 2.756439e-01
d[  3, 12] = {-2.357954e-11,-2.756439e-01,-7.514501e-11} |d| = 2.756439e-01
d[  3, 13] = { 3.320677e-12, 2.271560e-12, 1.359640e-01} |d| = 1.359640e-01
d[  3, 14] = { 2.761579e-12, 4.562207e-12, 2.404964e-13} |d| = 5.338341e-12
d[  3, 15] = {-4.138330e-12, 3.382413e-12, 3.336943e-09} |d| = 3.336948e-09
d[  3, 16] = {-3.594716e-13,-2.494955e-12,-7.431147e-11} |d| = 7.435421e-11
d[  3, 17] = {-7.176098e-12,-5.413513e-12, 1.580103e-01} |d| = 1.580103e-01
d[  3, 18] = {-1.597068e-01, 1.354684e-10,-4.904067e-12} |d| = 1.597068e-01
d[  3, 19] = {-4.390046e-11,-1.597068e-01,-4.260619e-12} |d| = 1.597068e-01
d[  3, 20] = {-3.901811e-02,-1.292058e-10,-7.878057e-12} |d| = 3.901811e-02
d[  3, 21] = {-8.355095e-12,-3.901811e-02,-5.481255e-12} |d| = 3.901811e-02
d[  3, 22] = {-4.210451e-12,-1.198751e-11, 1.077873e-13} |d| = 1.270591e-11
d[  3, 23] = {-8.861692e-12, 1.858331e-11,-3.138519e-11} |d| = 3.753531e-11
d[  3, 24] = {-3.194360e-01,-3.131210e-11,-2.995201e-11} |d| = 3.194360e-01
d[  3, 25] = {-4.066385e-12,-3.194360e-01,-2.099790e-11} |d| = 3.194360e-01
d[  3, 26] = { 1.296076e-11,-1.629389e-11,-1.114780e-14} |d| = 2.082000e-11
d[  3, 27] = { 1.149815e-11, 7.190461e-12, 1.966509e-01} |d| = 1.966509e-01
d[  3, 28] = {-2.284374e-02,-1.026893e-12,-7.002567e-13} |d| = 2.284374e-02
d[  3, 29] = { 2.128493e-13, 2.284374e-02, 5.089492e-12} |d| = 2.284374e-02

d[  4,  0] = { 1.441738e+00, 2.779821e-12,-1.829394e-12} |d| = 1.441738e+00
d[  4,  1] = {-1.230029e-10, 7.981492e-12,-3.108784e-02} |d| = 3.108784e-02
d[  4,  2] = {-8.044327e-11, 7.850230e-12,-1.680643e-11} |d| = 8.255423e-11
d[  4,  3] = {-2.279168e+00, 2.814203e-12, 9.491800e-13} |d| = 2.279168e+00
d[  4,  4] = {-7.655271e-13,-8.995155e-14,-4.234741e-01} |d| = 4.234741e-01
d[  4,  5] = {-3.703370e-13, 2.211712e-13,-3.890213e-13} |d| = 5.808647e-13
d[  4,  6] = { 8.609588e-02, 3.574758e-12,-3.183569e-14} |d| = 8.609588e-02
d[  4,  7] = {-1.044857e-06, 2.319512e-02, 6.526589e-14} |d| = 2.319512e-02
d[  4,  8] = {-2.319489e-02,-1.044866e-06,-6.936904e-15} |d| = 2.319489e-02
d[  4,  9] = { 2.344468e-12, 2.074976e-02,-6.454659e-14} |d| = 2.074976e-02
d[  4, 10] = { 1.914791e-01, 1.056851e-12,-1.907923e-13} |d| = 1.914791e-01
d[  4, 11] = {-3.363248e-13, 1.094382e-12,-4.585113e-04} |d| = 4.585113e-04
d[  4, 12] = {-5.351759e-13,-1.089825e-12,-2.214628e-12} |d| = 2.525611e-12
d[  4, 13] = {-2.502642e-01,-1.042997e-12, 3.029622e-13} |d| = 2.502642e-01
d[  4, 14] = {-6.914063e-07,-2.139976e-01, 8.508210e-13} |d| = 2.139976e-01
d[  4, 15] = { 2.139995e-01,-6.913942e-07, 6.560010e-13} |d| = 2.139995e-01
d[  4, 16] = {-3.229550e-11,-2.220348e-01,-4.767934e-13} |d| = 2.220348e-01
d[  4, 17] = { 8.683515e-02,-1.007292e-10, 7.308389e-15} |d| = 8.683515e-02
d[  4, 18] = { 7.883927e-13, 4.383093e-12, 2.325479e-02} |d| = 2.325479e-02
d[  4, 19] = { 7.071581e-13,-2.366356e-12, 3.382287e-11} |d| = 3.391293e-11
d[  4, 20] = {-1.036045e-12, 1.210736e-12,-9.186449e-03} |d| = 9.186449e-03
d[  4, 21] = { 1.013061e-13, 5.261009e-13, 3.500011e-12} |d| = 3.540779e-12
d[  4, 22] = {-3.026208e-08, 3.049219e-03, 8.739922e-13} |d| = 3.049219e-03
d[  4, 23] = { 3.045021e-03, 3.030390e-08, 1.360117e-12} |d| = 3.045021e-03
d[  4, 24] = { 1.068212e-13, 5.035696e-13,-5.436601e-02} |d| = 5.436601e-02
d[  4, 25] = {-5.581151e-13,-8.527774e-14,-5.052561e-12} |d| = 5.084008e-12
d[  4, 26] = { 1.872123e-12, 1.204455e-03,-1.870502e-12} |d| = 1.204455e-03
d[  4, 27] = { 1.141811e-02,-3.093159e-13, 9.651717e-13} |d| = 1.141811e-02
d[  4, 28] = { 2.631185e-13,-5.664282e-13,-1.316080e-01} |d| = 1.316080e-01
d[  4, 29] = { 7.717744e-13,-2.583040e-13,-7.972605e-12} |d| = 8.014037e-12

d[  5,  0] = { 3.185653e-16,-1.441738e+00,-1.240862e-13} |d| = 1.441738e+00
d[  5,  1] = {-3.261421e-13, 1.162998e-10, 1.730841e-12} |d| = 1.163131e-10
d[  5,  2] = {-2.511034e-12, 8.290725e-11, 3.108784e-02} |d| = 3.108784e-02
d[  5,  3] = {-8.476213e-13, 2.279168e+00,-1.482909e-12} |d| = 2.279168e+00
d[  5,  4] = {-3.703370e-13, 2.211712e-13,-3.890213e-13} |d| = 5.808647e-13
d[  5,  5] = { 1.191174e-14, 5.212197e-13,-4.234741e-01} |d| = 4.234741e-01
d[  5,  6] = {-7.916766e-13,-8.609587e-02,-3.399160e-14} |d| = 8.609587e-02
d[  5,  7] = {-2.319512e-02,-1.044858e-06,-5.356759e-14} |d| = 2.319512e-02
d[  5,  8] = { 1.044869e-06,-2.319489e-02,-4.780981e-14} |d| = 2.319489e-02
d[  5,  9] = { 2.074976e-02, 7.320087e-13,-5.325830e-14} |d| = 2.074976e-02
d[  5, 10] = { 4.662245e-13,-1.914791e-01,-1.408625e-14} |d| = 1.914791e-01
d[  5, 11] = {-1.025980e-13,-2.063647e-13,-4.141225e-13} |d| = 4.739306e-13
d[  5, 12] = { 3.104609e-13, 4.357816e-13,-4.585113e-04} |d| = 4.585113e-04
d[  5, 13] = {-5.702960e-12, 2.502642e-01, 2.087476e-13} |d| = 2.502642e-01
d[  5, 14] = { 2.139976e-01,-6.914014e-07,-7.838506e-13} |d| = 2.139976e-01
d[  5, 15] = { 6.914014e-07, 2.139995e-01, 2.172223e-13} |d| = 2.139995e-01
d[  5, 16] = {-2.220348e-01, 3.829163e-11,-3.448230e-13} |d| = 2.220348e-01
d[  5, 17] = {-1.025719e-10,-8.683515e-02, 4.305056e-13} |d| = 8.683515e-02
d[  5, 18] = { 3.508551e-12, 4.996588e-13, 2.235414e-11} |d| = 2.263332e-11
d[  5, 19] = {-3.123933e-12, 9.127109e-13,-2.325479e-02} |d| = 2.325479e-02
d[  5, 20] = {-7.904658e-13,-4.989737e-14, 1.696919e-11} |d| = 1.698767e-11
d[  5, 21] = {-8.262122e-13,-1.586485e-13, 9.186449e-03} |d| = 9.186449e-03
d[  5, 22] = {-3.049219e-03,-3.026263e-08,-1.679263e-15} |d| = 3.049219e-03
d[  5, 23] = {-3.030396e-08, 3.045021e-03,-1.747497e-12} |d| = 3.045021e-03
d[  5, 24] = { 5.836766e-13,-5.278375e-14,-1.018877e-11} |d| = 1.020561e-11
d[  5, 25] = { 2.770792e-13,-1.780826e-13, 5.436601e-02} |d| = 5.436601e-02
d[  5, 26] = { 1.204455e-03, 2.579314e-13,-7.704832e-13} |d| = 1.204455e-03
d[  5, 27] = {-1.943374e-12,-1.141811e-02, 3.799446e-13} |d| = 1.141811e-02
d[  5, 28] = { 3.971562e-14, 7.091065e-13, 7.974437e-12} |d| = 8.006001e-12
d[  5, 29] = { 1.935466e-13, 4.510210e-15,-1.316080e-01} |d| = 1.316080e-01

d[  6,  0] = {-1.302177e-13,-2.071905e-13,-3.794144e-01} |d| = 3.794144e-01
d[  6,  1] = { 1.872546e+00, 6.930131e-11, 6.950806e-12} |d| = 1.872546e+00
d[  6,  2] = { 1.624560e-11, 1.872546e+00, 4.246224e-12} |d| = 1.872546e+00
d[  6,  3] = {-9.457092e-11,-6.793396e-11, 1.268317e-01} |d| = 1.268317e-01
d[  6,  4] = { 8.609588e-02, 3.574758e-12,-3.183569e-14} |d| = 8.609588e-02
d[  6,  5] = {-7.916766e-13,-8.609587e-02,-3.399160e-14} |d| = 8.609587e-02
d[  6,  6] = {-3.091849e-13,-3.555769e-13,-3.929049e-01} |d| = 3.929049e-01
d[  6,  7] = {-1.374553e-12,-1.242863e-12,-2.680221e-13} |d| = 1.872415e-12
d[  6,  8] = { 1.295794e-12,-8.259159e-13, 1.934046e-09} |d| = 1.934047e-09
d[  6,  9] = {-1.061667e-13, 2.726269e-13, 1.486596e-13} |d| = 3.281714e-13
d[  6, 10] = { 1.281407e-14,-1.094662e-12, 1.985116e-02} |d| = 1.985116e-02
d[  6, 11] = { 2.100451e-01, 1.853102e-12, 2.887516e-14} |d| = 2.100451e-01
d[  6, 12] = {-5.891005e-12,-2.100451e-01,-4.076223e-13} |d| = 2.100451e-01
d[  6, 13] = { 6.068119e-14,-1.290154e-14, 2.350682e-01} |d| = 2.350682e-01
d[  6, 14] = {-5.931675e-13,-2.367955e-13, 6.809790e-12} |d| = 6.839676e-12
d[  6, 15] = {-1.976702e-13, 5.786991e-14, 1.958435e-09} |d| = 1.958435e-09
d[  6, 16] = {-2.144955e-13, 7.459889e-13, 2.066257e-11} |d| = 2.067714e-11
d[  6, 17] = { 6.536770e-15,-1.267480e-13,-6.172163e-02} |d| = 6.172163e-02
d[  6, 18] = {-2.746716e-02, 2.697813e-11,-1.192793e-13} |d| = 2.746716e-02
d[  6, 19] = { 2.272660e-11,-2.746716e-02, 1.995673e-13} |d| = 2.746716e-02
d[  6, 20] = {-2.081706e-01,-2.623942e-10,-2.110835e-14} |d| = 2.081706e-01
d[  6, 21] = { 2.607382e-10,-2.081706e-01, 1.103831e-13} |d| = 2.081706e-01
d[  6, 22] = {-3.570741e-12, 7.097435e-13,-2.237210e-13} |d| = 3.647462e-12
d[  6, 23] = {-6.668120e-13, 4.218344e-13, 1.141957e-10} |d| = 1.141984e-10
d[  6, 24] = {-2.031502e-02, 2.003134e-11,-1.829528e-14} |d| = 2.031502e-02
d[  6, 25] = { 3.032957e-11,-2.031502e-02, 7.288586e-14} |d| = 2.031502e-02
d[  6, 26] = { 4.848767e-13, 7.172855e-13,-1.138277e-12} |d| = 1.430132e-12
d[  6, 27] = { 2.585296e-13, 6.027438e-14,-4.290764e-02} |d| = 4.290764e-02
d[  6, 28] = { 9.678984e-02, 5.183349e-12,-3.186126e-14} |d| = 9.678984e-02
d[  6, 29] = { 7.456491e-12,-9.678984e-02,-3.024127e-13} |d| = 9.678984e-02

d[  7,  0] = {-4.370338e-12,-5.648160e-13,-3.946075e-12} |d| = 5.915267e-12
d[  7,  1] = {-8.544773e-05, 1.896859e+00, 1.217786e-12} |d| = 1.896859e+00
d[  7,  2] = { 1.896859e+00, 8.544765e-05,-4.833034e-13} |d| = 1.896859e+00
d[  7,  3] = {-6.304989e-11,-9.502112e-11, 1.577754e-12} |d| = 1.140473e-10
d[  7,  4] = {-1.044857e-06, 2.319512e-02, 6.526589e-14} |d| = 2.319512e-02
d[  7,  5] = {-2.319512e-02,-1.044858e-06,-5.356759e-14} |d| = 2.319512e-02
d[  7,  6] = {-1.374553e-12,-1.242863e-12,-2.680222e-13} |d| = 1.872415e-12
d[  7,  7] = {-2.230003e-12,-1.942394e-12,-4.136265e-01} |d| = 4.136265e-01
d[  7,  8] = { 3.526820e-13, 3.056037e-13,-7.054630e-11} |d| = 7.054784e-11
d[  7,  9] = {-8.541918e-13, 9.209297e-13,-1.923115e-09} |d| = 1.923115e-09
d[  7, 10] = {-1.614303e-12, 1.475001e-13, 1.411686e-12} |d| = 2.149555e-12
d[  7, 11] = {-9.913121e-06, 2.200622e-01, 7.019041e-13} |d| = 2.200622e-01
d[  7, 12] = {-2.200622e-01,-9.913111e-06,-1.451387e-12} |d| = 2.200622e-01
d[  7, 13] = { 3.326387e-13, 2.377160e-13,-8.013029e-12} |d| = 8.023452e-12
d[  7, 14] = { 3.654854e-13, 1.435283e-12, 2.467724e-01} |d| = 2.467724e-01
d[  7, 15] = {-6.393005e-13, 1.318356e-13, 1.191335e-05} |d| = 1.191335e-05
d[  7, 16] = {-5.679517e-13, 2.582371e-13,-1.106510e-09} |d| = 1.106510e-09
d[  7, 17] = {-1.504560e-13, 7.668086e-14, 1.520957e-12} |d| = 1.530303e-12
d[  7, 18] = { 4.655576e-07,-1.033217e-02,-1.245446e-12} |d| = 1.033217e-02
d[  7, 19] = {-1.033217e-02,-4.655927e-07, 2.065397e-13} |d| = 1.033217e-02
d[  7, 20] = {-1.123029e-05, 2.493082e-01,-7.259222e-13} |d| = 2.493082e-01
d[  7, 21] = { 2.493082e-01, 1.123028e-05,-8.969396e-14} |d| = 2.493082e-01
d[  7, 22] = {-1.020917e-12, 5.485896e-12, 1.172096e-02} |d| = 1.172096e-02
d[  7, 23] = { 2.366730e-12, 1.975980e-12,-4.112286e-07} |d| = 4.112286e-07
d[  7, 24] = { 2.598603e-06,-5.768686e-02, 2.217816e-13} |d| = 5.768686e-02
d[  7, 25] = {-5.768686e-02,-2.598694e-06,-2.611435e-13} |d| = 5.768686e-02
d[  7, 26] = { 2.457366e-13, 1.445872e-13, 1.558693e-10} |d| = 1.558696e-10
d[  7, 27] = { 1.607235e-13, 1.016975e-13, 1.393309e-12} |d| = 1.406230e-12
d[  7, 28] = { 3.927025e-06,-8.715920e-02,-1.311079e-12} |d| = 8.715920e-02
d[  7, 29] = { 8.715920e-02, 3.927031e-06,-1.122975e-12} |d| = 8.715920e-02

d[  8,  0] = {-5.244858e-12,-1.738926e-13,-2.098144e-09} |d| = 2.098150e-09
d[  8,  1] = {-1.896859e+00,-8.544769e-05,-2.621280e-12} |d| = 1.896859e+00
d[  8,  2] = {-8.544769e-05, 1.896859e+00, 6.574319e-13} |d| = 1.896859e+00
d[  8,  3] = { 1.057544e-10,-6.938107e-11,-1.976813e-09} |d| = 1.980855e-09
d[  8,  4] = {-2.319489e-02,-1.044866e-06,-6.936904e-15} |d| = 2.319489e-02
d[  8,  5] = { 1.044869e-06,-2.319489e-02,-4.780981e-14} |d| = 2.319489e-02
d[  8,  6] = { 1.295794e-12,-8.259159e-13, 1.934046e-09} |d| = 1.934047e-09
d[  8,  7] = { 3.526820e-13, 3.056037e-13,-7.054630e-11} |d| = 7.054784e-11
d[  8,  8] = {-2.893875e-12,-1.278840e-12,-4.136281e-01} |d| = 4.136281e-01
d[  8,  9] = {-6.788909e-13,-1.383836e-12, 2.212946e-13} |d| = 1.557199e-12
d[  8, 10] = {-8.280464e-13,-1.061207e-12,-1.245501e-09} |d| = 1.245502e-09
d[  8, 11] = {-2.200618e-01,-9.913135e-06,-3.938542e-13} |d| = 2.200618e-01
d[  8, 12] = { 9.913133e-06,-2.200618e-01,-5.862727e-13} |d| = 2.200618e-01
d[  8, 13] = { 9.453684e-13,-2.343263e-13,-2.259528e-09} |d| = 2.259529e-09
d[  8, 14] = {-4.299714e-13, 4.781450e-13,-1.191361e-05} |d| = 1.191361e-05
d[  8, 15] = {-2.977655e-13, 3.796189e-13, 2.467662e-01} |d| = 2.467662e-01
d[  8, 16] = { 5.139601e-13, 3.650326e-13, 4.549957e-12} |d| = 4.593420e-12
d[  8, 17] = {-7.020730e-13, 1.374313e-13,-5.268088e-10} |d| = 5.268093e-10
d[  8, 18] = { 1.033503e-02, 4.654282e-07, 1.467160e-12} |d| = 1.033503e-02
d[  8, 19] = { 4.654644e-07,-1.033503e-02, 1.166408e-12} |d| = 1.033503e-02
d[  8, 20] = {-2.493089e-01,-1.123027e-05, 3.939542e-13} |d| = 2.493089e-01
d[  8, 21] = {-1.123025e-05, 2.493089e-01,-5.996867e-14} |d| = 2.493089e-01
d[  8, 22] = {-5.567290e-12,-6.326294e-13,-4.115694e-07} |d| = 4.115694e-07
d[  8, 23] = {-1.127282e-12, 2.964111e-12,-1.171480e-02} |d| = 1.171480e-02
d[  8, 24] = { 5.768753e-02, 2.598573e-06, 1.470171e-12} |d| = 5.768753e-02
d[  8, 25] = { 2.598663e-06,-5.768753e-02,-1.106945e-12} |d| = 5.768753e-02
d[  8, 26] = { 5.713557e-14,-2.786713e-13, 1.544613e-13} |d| = 3.236981e-13
d[  8, 27] = {-1.656677e-13, 3.534557e-13,-2.808444e-10} |d| = 2.808446e-10
d[  8, 28] = { 8.717643e-02, 3.926250e-06, 1.611588e-12} |d| = 8.717643e-02
d[  8, 29] = {-3.926252e-06, 8.717643e-02, 1.044879e-12} |d| = 8.717643e-02

d[  9,  0] = { 1.794640e-12,-1.450737e-12, 1.113857e-11} |d| = 1.137511e-11
d[  9,  1] = { 3.057340e-11,-1.898207e+00, 1.644815e-12} |d| = 1.898207e+00
d[  9,  2] = { 1.898207e+00, 2.472359e-11, 3.966257e-13} |d| = 1.898207e+00
d[  9,  3] = {-7.285823e-11, 9.805066e-11,-3.421037e-12} |d| = 1.222046e-10
d[  9,  4] = { 2.344468e-12, 2.074976e-02,-6.454659e-14} |d| = 2.074976e-02
d[  9,  5] = { 2.074976e-02, 7.320087e-13,-5.325830e-14} |d| = 2.074976e-02
d[  9,  6] = {-1.061667e-13, 2.726269e-13, 1.486596e-13} |d| = 3.281714e-13
d[  9,  7] = {-8.541918e-13, 9.209297e-13,-1.923115e-09} |d| = 1.923115e-09
d[  9,  8] = {-6.788909e-13,-1.383836e-12, 2.212946e-13} |d| = 1.557199e-12
d[  9,  9] = { 5.442428e-13, 1.576176e-13,-4.131127e-01} |d| = 4.131127e-01
d[  9, 10] = {-9.321413e-13,-2.227252e-13,-1.387520e-12} |d| = 1.686329e-12
d[  9, 11] = {-4.297796e-12,-2.303754e-01,-6.673258e-13} |d| = 2.303754e-01
d[  9, 12] = {-2.303754e-01, 3.847954e-12, 4.219211e-13} |d| = 2.303754e-01
d[  9, 13] = {-7.350638e-13,-2.073351e-14, 7.984419e-12} |d| = 8.018210e-12
d[  9, 14] = { 1.485169e-13,-7.256511e-13, 1.117732e-09} |d| = 1.117732e-09
d[  9, 15] = { 4.320796e-13, 4.062807e-13,-3.117793e-12} |d| = 3.173703e-12
d[  9, 16] = {-6.863787e-13, 3.059249e-13, 2.480567e-01} |d| = 2.480567e-01
d[  9, 17] = { 3.363295e-13,-1.902123e-13, 1.125498e-10} |d| = 1.125504e-10
d[  9, 18] = {-5.719790e-12, 9.282016e-03,-3.896781e-12} |d| = 9.282016e-03
d[  9, 19] = {-9.282015e-03, 3.035547e-11, 3.154725e-12} |d| = 9.282015e-03
d[  9, 20] = { 2.913519e-10,-2.402930e-01, 2.804577e-13} |d| = 2.402930e-01
d[  9, 21] = { 2.402930e-01, 3.099955e-10, 4.454891e-13} |d| = 2.402930e-01
d[  9, 22] = {-7.037965e-13,-5.401061e-12,-5.705003e-11} |d| = 5.730945e-11
d[  9, 23] = { 2.373174e-12,-1.101813e-12, 4.008014e-13} |d| = 2.646996e-12
d[  9, 24] = {-4.044701e-11, 5.568786e-02,-1.055728e-12} |d| = 5.568786e-02
d[  9, 25] = {-5.568786e-02, 4.650202e-11, 6.866521e-13} |d| = 5.568786e-02
d[  9, 26] = {-1.128705e-12, 2.310860e-13, 8.460743e-02} |d| = 8.460743e-02
d[  9, 27] = { 1.614428e-13,-2.601742e-13,-1.400670e-13} |d| = 3.367093e-13
d[  9, 28] = { 6.739440e-12,-8.543237e-02,-1.108725e-12} |d| = 8.543237e-02
d[  9, 29] = {-8.543237e-02,-4.406095e-12, 1.751886e-14} |d| = 8.543237e-02

d[ 10,  0] = {-7.015804e-13,-1.716685e-12,-2.320923e+00} |d| = 2.320923e+00
d[ 10,  1] = {-2.018273e-01,-2.416372e-11, 4.150756e-11} |d| = 2.018273e-01
d[ 10,  2] = { 2.373229e-12,-2.018273e-01, 3.452206e-11} |d| = 2.018273e-01
d[ 10,  3] = { 1.063513e-11, 6.606276e-12, 7.684757e-01} |d| = 7.684757e-01
d[ 10,  4] = { 1.914791e-01, 1.056851e-12,-1.907923e-13} |d| = 1.914791e-01
d[ 10,  5] = { 4.662245e-13,-1.914791e-01,-1.408625e-14} |d| = 1.914791e-01
d[ 10,  6] = { 1.281407e-14,-1.094662e-12, 1.985116e-02} |d| = 1.985116e-02
d[ 10,  7] = {-1.614303e-12, 1.475001e-13, 1.411686e-12} |d| = 2.149555e-12
d[ 10,  8] = {-8.280464e-13,-1.061207e-12,-1.245501e-09} |d| = 1.245502e-09
d[ 10,  9] = {-9.321413e-13,-2.227252e-13,-1.387520e-12} |d| = 1.686329e-12
d[ 10, 10] = {-3.236567e-13,-9.749734e-13,-1.291625e-01} |d| = 1.291625e-01
d[ 10, 11] = { 1.169271e-01,-6.093234e-12,-5.388953e-13} |d| = 1.169271e-01
d[ 10, 12] = {-1.558077e-12,-1.169271e-01, 9.240881e-13} |d| = 1.169271e-01
d[ 10, 13] = { 2.447711e-14, 1.986796e-13,-6.183151e-02} |d| = 6.183151e-02
d[ 10, 14] = { 9.271222e-14, 1.003041e-15,-1.709594e-12} |d| = 1.712106e-12
d[ 10, 15] = {-1.995114e-13,-3.509608e-13,-9.868021e-10} |d| = 9.868021e-10
d[ 10, 16] = {-1.655106e-14,-3.830380e-13, 4.618428e-11} |d| = 4.618587e-11
d[ 10, 17] = { 9.983635e-14, 9.783472e-14,-9.634511e-02} |d| = 9.634511e-02
d[ 10, 18] = { 3.507184e-02,-3.542084e-11,-3.849462e-13} |d| = 3.507184e-02
d[ 10, 19] = { 9.731846e-11, 3.507184e-02, 9.177979e-14} |d| = 3.507184e-02
d[ 10, 20] = {-6.994244e-03,-4.593654e-11, 1.712413e-14} |d| = 6.994244e-03
d[ 10, 21] = {-2.669607e-11,-6.994243e-03,-1.840492e-13} |d| = 6.994243e-03
d[ 10, 22] = { 4.276611e-12,-1.858798e-13,-1.437685e-13} |d| = 4.283062e-12
d[ 10, 23] = { 2.346184e-12, 7.029375e-12, 2.641036e-11} |d| = 2.743034e-11
d[ 10, 24] = {-2.419419e-01, 1.141342e-11,-2.428308e-13} |d| = 2.419419e-01
d[ 10, 25] = { 1.112065e-12,-2.419419e-01,-1.770979e-12} |d| = 2.419419e-01
d[ 10, 26] = {-8.374585e-13, 2.960501e-12, 6.101984e-13} |d| = 3.136598e-12
d[ 10, 27] = {-3.541676e-14, 6.312763e-13,-5.365539e-02} |d| = 5.365539e-02
d[ 10, 28] = {-7.618265e-03,-5.589585e-13, 2.920892e-13} |d| = 7.618265e-03
d[ 10, 29] = {-2.520846e-12, 7.618265e-03,-1.524963e-12} |d| = 7.618265e-03

d[ 11,  0] = { 4.008553e-01,-1.158604e-11,-2.537354e-12} |d| = 4.008553e-01
d[ 11,  1] = { 1.663197e-11,-5.723977e-13,-2.025349e+00} |d| = 2.025349e+00
d[ 11,  2] = { 1.259675e-11,-2.211159e-12, 5.450358e-11} |d| = 5.598400e-11
d[ 11,  3] = { 2.756439e-01,-5.460710e-12, 1.040189e-10} |d| = 2.756439e-01
d[ 11,  4] = {-3.363248e-13, 1.094382e-12,-4.585113e-04} |d| = 4.585113e-04
d[ 11,  5] = {-1.025980e-13,-2.063647e-13,-4.141225e-13} |d| = 4.739306e-13
d[ 11,  6] = { 2.100451e-01, 1.853102e-12, 2.887516e-14} |d| = 2.100451e-01
d[ 11,  7] = {-9.913121e-06, 2.200622e-01, 7.019041e-13} |d| = 2.200622e-01
d[ 11,  8] = {-2.200618e-01,-9.913135e-06,-3.938542e-13} |d| = 2.200618e-01
d[ 11,  9] = {-4.297796e-12,-2.303754e-01,-6.673258e-13} |d| = 2.303754e-01
d[ 11, 10] = { 1.169271e-01,-6.093234e-12,-5.388953e-13} |d| = 1.169271e-01
d[ 11, 11] = { 7.895346e-13,-3.001393e-13, 1.821567e-01} |d| = 1.821567e-01
d[ 11, 12] = {-7.560048e-13, 3.383259e-13,-2.782626e-12} |d| = 2.903277e-12
d[ 11, 13] = {-1.906350e-02, 1.301861e-12, 1.230125e-13} |d| = 1.906350e-02
d[ 11, 14] = {-7.118036e-08,-2.202088e-02, 4.491020e-13} |d| = 2.202088e-02
d[ 11, 15] = { 2.203148e-02,-7.114638e-08,-1.712551e-14} |d| = 2.203148e-02
d[ 11, 16] = {-6.324545e-12, 2.201433e-02, 2.474970e-12} |d| = 2.201433e-02
d[ 11, 17] = { 1.639664e-02, 9.441969e-12,-1.214074e-13} |d| = 1.639664e-02
d[ 11, 18] = {-2.031798e-13,-1.835238e-13, 4.125018e-02} |d| = 4.125018e-02
d[ 11, 19] = { 2.205473e-14, 6.689701e-13,-1.051438e-10} |d| = 1.051460e-10
d[ 11, 20] = { 2.648069e-13,-5.736518e-13, 7.344266e-02} |d| = 7.344266e-02
d[ 11, 21] = { 2.953647e-13,-1.262939e-12,-1.928330e-11} |d| = 1.932687e-11
d[ 11, 22] = {-2.245522e-07, 2.261479e-02,-7.117435e-12} |d| = 2.261479e-02
d[ 11, 23] = { 2.259430e-02, 2.247528e-07,-4.319687e-12} |d| = 2.259430e-02
d[ 11, 24] = {-3.542303e-14, 5.447129e-13, 4.705193e-01} |d| = 4.705193e-01
d[ 11, 25] = { 4.830559e-13,-3.006492e-12,-1.365771e-11} |d| = 1.399305e-11
d[ 11, 26] = {-6.729938e-12,-2.510290e-01,-1.271951e-13} |d| = 2.510290e-01
d[ 11, 27] = {-6.746373e-02, 2.193554e-12,-2.189981e-13} |d| = 6.746373e-02
d[ 11, 28] = { 5.890195e-13,-9.289017e-14,-2.014812e-03} |d| = 2.014812e-03
d[ 11, 29] = {-2.861055e-12,-5.568227e-14,-5.468080e-13} |d| = 2.913371e-12

d[ 12,  0] = { 1.181092e-16,-4.008553e-01, 8.487125e-12} |d| = 4.008553e-01
d[ 12,  1] = { 1.340729e-12,-1.270191e-11, 5.030239e-11} |d| = 5.189862e-11
d[ 12,  2] = { 2.080185e-13,-9.784586e-12, 2.025349e+00} |d| = 2.025349e+00
d[ 12,  3] = {-2.357954e-11,-2.756439e-01,-7.514501e-11} |d| = 2.756439e-01
d[ 12,  4] = {-5.351759e-13,-1.089825e-12,-2.214628e-12} |d| = 2.525611e-12
d[ 12,  5] = { 3.104609e-13, 4.357816e-13,-4.585113e-04} |d| = 4.585113e-04
d[ 12,  6] = {-5.891005e-12,-2.100451e-01,-4.076223e-13} |d| = 2.100451e-01
d[ 12,  7] = {-2.200622e-01,-9.913111e-06,-1.451387e-12} |d| = 2.200622e-01
d[ 12,  8] = { 9.913133e-06,-2.200618e-01,-5.862727e-13} |d| = 2.200618e-01
d[ 12,  9] = {-2.303754e-01, 3.847954e-12, 4.219211e-13} |d| = 2.303754e-01
d[ 12, 10] = {-1.558077e-12,-1.169271e-01, 9.240881e-13} |d| = 1.169271e-01
d[ 12, 11] = {-7.560048e-13, 3.383259e-13,-2.782626e-12} |d| = 2.903277e-12
d[ 12, 12] = {-9.532229e-15, 9.300710e-13, 1.821567e-01} |d| = 1.821567e-01
d[ 12, 13] = {-8.254088e-13, 1.906350e-02, 2.853275e-13} |d| = 1.906350e-02
d[ 12, 14] = { 2.202088e-02,-7.118123e-08,-5.489842e-14} |d| = 2.202088e-02
d[ 12, 15] = { 7.114667e-08, 2.203148e-02,-3.641968e-13} |d| = 2.203148e-02
d[ 12, 16] = { 2.201433e-02, 4.904301e-12, 1.291123e-13} |d| = 2.201433e-02
d[ 12, 17] = { 1.048775e-11,-1.639664e-02, 2.003463e-13} |d| = 1.639664e-02
d[ 12, 18] = {-3.509391e-13, 2.806551e-14, 3.451492e-11} |d| = 3.451672e-11
d[ 12, 19] = { 5.366042e-13, 1.816104e-13,-4.125018e-02} |d| = 4.125018e-02
d[ 12, 20] = { 3.552898e-13, 7.902481e-14,-1.806855e-10} |d| = 1.806858e-10
d[ 12, 21] = {-1.022465e-12,-4.877084e-14,-7.344266e-02} |d| = 7.344266e-02
d[ 12, 22] = {-2.261479e-02,-2.245521e-07,-9.778008e-15} |d| = 2.261479e-02
d[ 12, 23] = {-2.247555e-07, 2.259430e-02, 1.380363e-11} |d| = 2.259430e-02
d[ 12, 24] = { 4.323953e-13, 1.663426e-13,-1.846424e-11} |d| = 1.847005e-11
d[ 12, 25] = {-2.832793e-12, 1.490131e-12,-4.705193e-01} |d| = 4.705193e-01
d[ 12, 26] = {-2.510290e-01, 6.635436e-12, 4.937259e-12} |d| = 2.510290e-01
d[ 12, 27] = { 1.700759e-12, 6.746373e-02, 3.166788e-13} |d| = 6.746373e-02
d[ 12, 28] = { 4.193722e-13,-3.945730e-13,-8.954870e-13} |d| = 1.064640e-12
d[ 12, 29] = { 9.372580e-13, 2.741770e-12,-2.014812e-03} |d| = 2.014812e-03

d[ 13,  0] = { 3.760303e-14, 6.107467e-14,-7.451572e-02} |d| = 7.451572e-02
d[ 13,  1] = {-6.460741e-02, 1.855198e-12, 7.242725e-12} |d| = 6.460741e-02
d[ 13,  2] = {-1.254795e-12,-6.460741e-02, 4.857019e-12} |d| = 6.460741e-02
d[ 13,  3] = { 3.320677e-12, 2.271560e-12, 1.359640e-01} |d| = 1.359640e-01
d[ 13,  4] = {-2.502642e-01,-1.042997e-12, 3.029622e-13} |d| = 2.502642e-01
d[ 13,  5] = {-5.702960e-12, 2.502642e-01, 2.087476e-13} |d| = 2.502642e-01
d[ 13,  6] = { 6.068119e-14,-1.290154e-14, 2.350682e-01} |d| = 2.350682e-01
d[ 13,  7] = { 3.326387e-13, 2.377160e-13,-8.013029e-12} |d| = 8.023452e-12
d[ 13,  8] = { 9.453684e-13,-2.343263e-13,-2.259528e-09} |d| = 2.259529e-09
d[ 13,  9] = {-7.350638e-13,-2.073351e-14, 7.984419e-12} |d| = 8.018210e-12
d[ 13, 10] = { 2.447711e-14, 1.986796e-13,-6.183151e-02} |d| = 6.183151e-02
d[ 13, 11] = {-1.906350e-02, 1.301861e-12, 1.230125e-13} |d| = 1.906350e-02
d[ 13, 12] = {-8.254088e-13, 1.906350e-02, 2.853275e-13} |d| = 1.906350e-02
d[ 13, 13] = { 2.764673e-14, 2.139826e-13, 2.884605e+00} |d| = 2.884605e+00
d[ 13, 14] = {-1.502622e-13,-6.183649e-13, 7.211733e-13} |d| = 9.617925e-13
d[ 13, 15] = {-6.786180e-13,-2.982755e-14, 1.871208e-09} |d| = 1.871208e-09
d[ 13, 16] = {-2.693416e-13,-3.373899e-13, 7.286839e-11} |d| = 7.286967e-11
d[ 13, 17] = {-3.086383e-13,-2.558827e-13,-1.604027e-01} |d| = 1.604027e-01
d[ 13, 18] = { 1.678690e-02,-9.691129e-12,-6.353326e-13} |d| = 1.678690e-02
d[ 13, 19] = { 9.157784e-11, 1.678690e-02, 1.388245e-13} |d| = 1.678690e-02
d[ 13, 20] = {-6.333124e-02,-1.188911e-10,-8.156767e-14} |d| = 6.333124e-02
d[ 13, 21] = { 4.146859e-11,-6.333124e-02, 4.102353e-13} |d| = 6.333124e-02
d[ 13, 22] = { 3.994594e-12,-4.859718e-13,-3.604856e-13} |d| = 4.040161e-12
d[ 13, 23] = { 2.474479e-12, 7.001877e-12,-1.501539e-10} |d| = 1.503375e-10
d[ 13, 24] = {-2.560937e-01, 2.312379e-11, 5.157794e-13} |d| = 2.560937e-01
d[ 13, 25] = { 6.793505e-12,-2.560937e-01,-9.548418e-14} |d| = 2.560937e-01
d[ 13, 26] = { 1.750658e-12, 2.586519e-12, 3.987911e-13} |d| = 3.148638e-12
d[ 13, 27] = { 6.855062e-13,-2.157856e-12, 1.104300e-01} |d| = 1.104300e-01
d[ 13, 28] = { 1.907392e+00, 8.662304e-11,-1.622072e-12} |d| = 1.907392e+00
d[ 13, 29] = { 5.842047e-11,-1.907392e+00, 1.026393e-11} |d| = 1.907392e+00

d[ 14,  0] = { 2.802223e-13, 3.772555e-15,-9.671326e-13} |d| = 1.006918e-12
d[ 14,  1] = {-2.838426e-07,-8.785098e-02, 6.486182e-13} |d| = 8.785098e-02
d[ 14,  2] = {-8.785098e-02, 2.838416e-07, 7.347552e-13} |d| = 8.785098e-02
d[ 14,  3] = { 2.761579e-12, 4.562207e-12, 2.404964e-13} |d| = 5.338341e-12
d[ 14,  4] = {-6.914063e-07,-2.139976e-01, 8.508210e-13} |d| = 2.139976e-01
d[ 14,  5] = { 2.139976e-01,-6.914014e-07,-7.838506e-13} |d| = 2.139976e-01
d[ 14,  6] = {-5.931675e-13,-2.367955e-13, 6.809790e-12} |d| = 6.839676e-12
d[ 14,  7] = { 3.654854e-13, 1.435283e-12, 2.467724e-01} |d| = 2.467724e-01
d[ 14,  8] = {-4.299714e-13, 4.781450e-13,-1.191361e-05} |d| = 1.191361e-05
d[ 14,  9] = { 1.485169e-13,-7.256511e-13, 1.117732e-09} |d| = 1.117732e-09
d[ 14, 10] = { 9.271222e-14, 1.003041e-15,-1.709594e-12} |d| = 1.712106e-12
d[ 14, 11] = {-7.118036e-08,-2.202088e-02, 4.491020e-13} |d| = 2.202088e-02
d[ 14, 12] = { 2.202088e-02,-7.118123e-08,-5.489842e-14} |d| = 2.202088e-02
d[ 14, 13] = {-1.502622e-13,-6.183649e-13, 7.211733e-13} |d| = 9.617925e-13
d[ 14, 14] = { 1.016248e-12,-1.583575e-13, 2.888380e+00} |d| = 2.888380e+00
d[ 14, 15] = {-9.173004e-13, 1.099140e-12, 8.883525e-11} |d| = 8.884679e-11
d[ 14, 16] = {-5.643321e-13,-1.145749e-14,-2.116391e-09} |d| = 2.116391e-09
d[ 14, 17] = { 3.701099e-15, 2.603412e-13, 1.088620e-12} |d| = 1.119323e-12
d[ 14, 18] = { 1.125302e-07, 3.483272e-02,-2.154492e-12} |d| = 3.483272e-02
d[ 14, 19] = { 3.483272e-02,-1.124595e-07,-1.621503e-12} |d| = 3.483272e-02
d[ 14, 20] = {-5.405041e-08,-1.671121e-02, 1.543065e-13} |d| = 1.671121e-02
d[ 14, 21] = {-1.671121e-02, 5.397391e-08, 4.370422e-14} |d| = 1.671121e-02
d[ 14, 22] = { 1.304485e-13, 4.208233e-12,-9.253989e-03} |d| = 9.253989e-03
d[ 14, 23] = { 7.464336e-12, 2.443527e-12,-1.216238e-07} |d| = 1.216238e-07
d[ 14, 24] = {-8.140217e-07,-2.519618e-01, 6.122679e-13} |d| = 2.519618e-01
d[ 14, 25] = {-2.519618e-01, 8.140316e-07, 3.019077e-13} |d| = 2.519618e-01
d[ 14, 26] = { 3.467158e-12,-6.798026e-13, 1.027755e-10} |d| = 1.028362e-10
d[ 14, 27] = { 8.969248e-13,-1.136803e-12, 1.043898e-13} |d| = 1.451789e-12
d[ 14, 28] = {-6.130121e-06,-1.897336e+00,-1.914916e-12} |d| = 1.897336e+00
d[ 14, 29] = { 1.897336e+00,-6.130158e-06,-2.173199e-12} |d| = 1.897336e+00

d[ 15,  0] = {-2.700893e-13, 7.220611e-14,-1.937726e-09} |d| = 1.937726e-09
d[ 15,  1] = { 8.785315e-02,-2.838363e-07,-6.250170e-14} |d| = 8.785315e-02
d[ 15,  2] = {-2.838346e-07,-8.785315e-02, 1.495771e-13} |d| = 8.785315e-02
d[ 15,  3] = {-4.138330e-12, 3.382413e-12, 3.336943e-09} |d| = 3.336948e-09
d[ 15,  4] = { 2.139995e-01,-6.913942e-07, 6.560010e-13} |d| = 2.139995e-01
d[ 15,  5] = { 6.914014e-07, 2.139995e-01, 2.172223e-13} |d| = 2.139995e-01
d[ 15,  6] = {-1.976702e-13, 5.786991e-14, 1.958435e-09} |d| = 1.958435e-09
d[ 15,  7] = {-6.393005e-13, 1.318356e-13, 1.191335e-05} |d| = 1.191335e-05
d[ 15,  8] = {-2.977655e-13, 3.796189e-13, 2.467662e-01} |d| = 2.467662e-01
d[ 15,  9] = { 4.320796e-13, 4.062807e-13,-3.117793e-12} |d| = 3.173703e-12
d[ 15, 10] = {-1.995114e-13,-3.509608e-13,-9.868021e-10} |d| = 9.868022e-10
d[ 15, 11] = { 2.203148e-02,-7.114638e-08,-1.712551e-14} |d| = 2.203148e-02
d[ 15, 12] = { 7.114667e-08, 2.203148e-02,-3.641968e-13} |d| = 2.203148e-02
d[ 15, 13] = {-6.786180e-13,-2.982755e-14, 1.871207e-09} |d| = 1.871208e-09
d[ 15, 14] = {-9.173004e-13, 1.099140e-12, 8.883525e-11} |d| = 8.884679e-11
d[ 15, 15] = {-1.139095e-12,-1.997000e-12, 2.888352e+00} |d| = 2.888352e+00
d[ 15, 16] = { 5.627430e-14, 8.935807e-13,-3.619193e-13} |d| = 9.657323e-13
d[ 15, 17] = { 2.617927e-13,-2.588220e-13,-4.047140e-09} |d| = 4.047140e-09
d[ 15, 18] = {-3.483789e-02, 1.125141e-07, 3.873584e-12} |d| = 3.483789e-02
d[ 15, 19] = { 1.124418e-07, 3.483789e-02, 3.129633e-12} |d| = 3.483789e-02
d[ 15, 20] = { 1.671149e-02,-5.404890e-08,-1.820266e-13} |d| = 1.671149e-02
d[ 15, 21] = {-5.397360e-08,-1.671149e-02, 5.670643e-13} |d| = 1.671149e-02
d[ 15, 22] = {-4.571205e-12,-4.992771e-14,-1.211186e-07} |d| = 1.211186e-07
d[ 15, 23] = {-2.427891e-12, 7.697840e-12, 9.178358e-03} |d| = 9.178358e-03
d[ 15, 24] = { 2.519549e-01,-8.140445e-07, 1.115906e-12} |d| = 2.519549e-01
d[ 15, 25] = {-8.140523e-07,-2.519549e-01, 3.916202e-12} |d| = 2.519549e-01
d[ 15, 26] = { 2.035606e-12, 3.534493e-12, 5.448783e-13} |d| = 4.115000e-12
d[ 15, 27] = { 1.196360e-12, 1.598769e-12, 2.537965e-09} |d| = 2.537965e-09
d[ 15, 28] = { 1.897335e+00,-6.130115e-06, 5.908838e-13} |d| = 1.897335e+00
d[ 15, 29] = { 6.130168e-06, 1.897335e+00, 1.775170e-13} |d| = 1.897335e+00

d[ 16,  0] = { 2.120525e-12,-1.241512e-12, 4.021296e-11} |d| = 4.028797e-11
d[ 16,  1] = {-6.090227e-11, 9.569290e-02, 3.454370e-12} |d| = 9.569290e-02
d[ 16,  2] = {-9.569290e-02,-6.260349e-11,-1.236892e-12} |d| = 9.569290e-02
d[ 16,  3] = {-3.594716e-13,-2.494955e-12,-7.431147e-11} |d| = 7.435421e-11
d[ 16,  4] = {-3.229550e-11,-2.220348e-01,-4.767934e-13} |d| = 2.220348e-01
d[ 16,  5] = {-2.220348e-01, 3.829163e-11,-3.448230e-13} |d| = 2.220348e-01
d[ 16,  6] = {-2.144955e-13, 7.459889e-13, 2.066257e-11} |d| = 2.067714e-11
d[ 16,  7] = {-5.679517e-13, 2.582371e-13,-1.106510e-09} |d| = 1.106510e-09
d[ 16,  8] = { 5.139601e-13, 3.650326e-13, 4.549957e-12} |d| = 4.593420e-12
d[ 16,  9] = {-6.863787e-13, 3.059249e-13, 2.480567e-01} |d| = 2.480567e-01
d[ 16, 10] = {-1.655106e-14,-3.830380e-13, 4.618428e-11} |d| = 4.618587e-11
d[ 16, 11] = {-6.324545e-12, 2.201433e-02, 2.474970e-12} |d| = 2.201433e-02
d[ 16, 12] = { 2.201433e-02, 4.904301e-12, 1.291123e-13} |d| = 2.201433e-02
d[ 16, 13] = {-2.693416e-13,-3.373899e-13, 7.286839e-11} |d| = 7.286967e-11
d[ 16, 14] = {-5.643321e-13,-1.145749e-14,-2.116391e-09} |d| = 2.116391e-09
d[ 16, 15] = { 5.627430e-14, 8.935807e-13,-3.619193e-13} |d| = 9.657323e-13
d[ 16, 16] = {-1.885304e-12,-5.938699e-13, 2.890507e+00} |d| = 2.890507e+00
d[ 16, 17] = {-3.506625e-13, 1.001418e-12, 3.987622e-10} |d| = 3.987636e-10
d[ 16, 18] = {-2.248181e-11,-4.327641e-02,-1.667228e-11} |d| = 4.327641e-02
d[ 16, 19] = { 4.327640e-02,-9.147572e-11, 1.035493e-11} |d| = 4.327640e-02
d[ 16, 20] = {-8.190149e-11, 3.685462e-02, 1.162626e-12} |d| = 3.685462e-02
d[ 16, 21] = {-3.685462e-02,-1.810453e-11, 2.487339e-13} |d| = 3.685462e-02
d[ 16, 22] = {-1.199702e-12,-2.879708e-12, 6.679018e-11} |d| = 6.686299e-11
d[ 16, 23] = { 6.870250e-12,-1.446107e-12, 4.918421e-13} |d| = 7.038002e-12
d[ 16, 24] = { 1.163037e-11, 2.328829e-01,-2.463151e-12} |d| = 2.328829e-01
d[ 16, 25] = {-2.328829e-01,-2.002811e-11, 4.233515e-12} |d| = 2.328829e-01
d[ 16, 26] = { 2.939437e-12,-2.787769e-12, 2.090357e-02} |d| = 2.090357e-02
d[ 16, 27] = {-3.172541e-12, 3.946274e-13,-3.696851e-10} |d| = 3.696989e-10
d[ 16, 28] = { 1.798178e-10,-1.894632e+00,-4.330489e-13} |d| = 1.894632e+00
d[ 16, 29] = {-1.894632e+00,-1.230159e-10,-2.967422e-13} |d| = 1.894632e+00

d[ 17,  0] = {-3.162040e-14, 3.664759e-13,-8.683694e-02} |d| = 8.683694e-02
d[ 17,  1] = { 1.383435e-01, 4.290545e-11, 7.759638e-12} |d| = 1.383435e-01
d[ 17,  2] = {-4.429402e-11, 1.383435e-01, 5.793150e-12} |d| = 1.383435e-01
d[ 17,  3] = {-7.176098e-12,-5.413513e-12, 1.580103e-01} |d| = 1.580103e-01
d[ 17,  4] = { 8.683515e-02,-1.007292e-10, 7.308389e-15} |d| = 8.683515e-02
d[ 17,  5] = {-1.025719e-10,-8.683515e-02, 4.305056e-13} |d| = 8.683515e-02
d[ 17,  6] = { 6.536770e-15,-1.267480e-13,-6.172163e-02} |d| = 6.172163e-02
d[ 17,  7] = {-1.504560e-13, 7.668086e-14, 1.520957e-12} |d| = 1.530303e-12
d[ 17,  8] = {-7.020730e-13, 1.374313e-13,-5.268088e-10} |d| = 5.268093e-10
d[ 17,  9] = { 3.363295e-13,-1.902123e-13, 1.125498e-10} |d| = 1.125504e-10
d[ 17, 10] = { 9.983635e-14, 9.783472e-14,-9.634511e-02} |d| = 9.634511e-02
d[ 17, 11] = { 1.639664e-02, 9.441969e-12,-1.214074e-13} |d| = 1.639664e-02
d[ 17, 12] = { 1.048775e-11,-1.639664e-02, 2.003463e-13} |d| = 1.639664e-02
d[ 17, 13] = {-3.086383e-13,-2.558827e-13,-1.604027e-01} |d| = 1.604027e-01
d[ 17, 14] = { 3.701099e-15, 2.603412e-13, 1.088620e-12} |d| = 1.119323e-12
d[ 17, 15] = { 2.617927e-13,-2.588220e-13,-4.047140e-09} |d| = 4.047140e-09
d[ 17, 16] = {-3.506625e-13, 1.001418e-12, 3.987622e-10} |d| = 3.987636e-10
d[ 17, 17] = {-1.991934e-12,-5.647684e-12, 2.018176e+00} |d| = 2.018176e+00
d[ 17, 18] = {-2.079743e-02,-5.475655e-12, 1.182597e-13} |d| = 2.079743e-02
d[ 17, 19] = {-3.086567e-12,-2.079743e-02, 5.167833e-13} |d| = 2.079743e-02
d[ 17, 20] = { 1.197825e-02, 3.325374e-11, 5.392237e-13} |d| = 1.197825e-02
d[ 17, 21] = {-2.813277e-11, 1.197825e-02, 6.937819e-13} |d| = 1.197825e-02
d[ 17, 22] = {-3.501340e-13,-1.965989e-13, 4.032251e-13} |d| = 5.690654e-13
d[ 17, 23] = {-8.185720e-13,-9.841634e-13,-6.832180e-11} |d| = 6.833379e-11
d[ 17, 24] = { 3.369527e-02, 9.495948e-11, 3.912170e-13} |d| = 3.369527e-02
d[ 17, 25] = {-1.064274e-10, 3.369527e-02,-3.996540e-13} |d| = 3.369527e-02
d[ 17, 26] = {-4.948058e-13,-4.253548e-14, 9.369525e-12} |d| = 9.382677e-12
d[ 17, 27] = {-1.643652e-12,-6.015621e-12, 8.089343e-01} |d| = 8.089343e-01
d[ 17, 28] = {-1.870361e-01,-8.771627e-10,-9.388553e-12} |d| = 1.870361e-01
d[ 17, 29] = {-8.093568e-10, 1.870361e-01, 5.521243e-11} |d| = 1.870361e-01

d[ 18,  0] = { 7.991804e-02,-6.757463e-11,-1.607242e-13} |d| = 7.991804e-02
d[ 18,  1] = {-7.546878e-12,-2.217645e-12, 1.033541e-01} |d| = 1.033541e-01
d[ 18,  2] = {-4.583563e-12,-4.185530e-13,-7.182454e-11} |d| = 7.197186e-11
d[ 18,  3] = {-1.597068e-01, 1.354684e-10,-4.904067e-12} |d| = 1.597068e-01
d[ 18,  4] = { 7.883927e-13, 4.383093e-12, 2.325479e-02} |d| = 2.325479e-02
d[ 18,  5] = { 3.508551e-12, 4.996588e-13, 2.235414e-11} |d| = 2.263332e-11
d[ 18,  6] = {-2.746716e-02, 2.697813e-11,-1.192793e-13} |d| = 2.746716e-02
d[ 18,  7] = { 4.655576e-07,-1.033217e-02,-1.245446e-12} |d| = 1.033217e-02
d[ 18,  8] = { 1.033503e-02, 4.654282e-07, 1.467160e-12} |d| = 1.033503e-02
d[ 18,  9] = {-5.719790e-12, 9.282016e-03,-3.896781e-12} |d| = 9.282016e-03
d[ 18, 10] = { 3.507184e-02,-3.542084e-11,-3.849462e-13} |d| = 3.507184e-02
d[ 18, 11] = {-2.031798e-13,-1.835238e-13, 4.125018e-02} |d| = 4.125018e-02
d[ 18, 12] = {-3.509391e-13, 2.806551e-14, 3.451492e-11} |d| = 3.451672e-11
d[ 18, 13] = { 1.678690e-02,-9.691129e-12,-6.353326e-13} |d| = 1.678690e-02
d[ 18, 14] = { 1.125302e-07, 3.483272e-02,-2.154492e-12} |d| = 3.483272e-02
d[ 18, 15] = {-3.483789e-02, 1.125141e-07, 3.873584e-12} |d| = 3.483789e-02
d[ 18, 16] = {-2.248181e-11,-4.327641e-02,-1.667228e-11} |d| = 4.327641e-02
d[ 18, 17] = {-2.079743e-02,-5.475655e-12, 1.182597e-13} |d| = 2.079743e-02
d[ 18, 18] = { 6.393433e-14, 1.043143e-12, 2.002905e+00} |d| = 2.002905e+00
d[ 18, 19] = {-9.224424e-13,-3.130108e-13, 1.407564e-10} |d| = 1.407597e-10
d[ 18, 20] = {-5.372277e-13,-1.522889e-12,-2.822336e-03} |d| = 2.822336e-03
d[ 18, 21] = { 5.459428e-13, 4.651483e-14,-9.666791e-11} |d| = 9.666946e-11
d[ 18, 22] = {-3.693417e-07, 3.717404e-02, 6.988415e-12} |d| = 3.717404e-02
d[ 18, 23] = { 3.715970e-02, 3.694805e-07, 3.599565e-12} |d| = 3.715970e-02
d[ 18, 24] = { 1.675518e-13,-3.328127e-12,-3.451759e-01} |d| = 3.451759e-01
d[ 18, 25] = { 6.006958e-12,-6.914049e-14, 2.461222e-10} |d| = 2.461955e-10
d[ 18, 26] = { 3.496687e-11, 2.690529e-02,-2.381116e-12} |d| = 2.690529e-02
d[ 18, 27] = {-9.944985e-02, 7.820721e-11, 9.641168e-13} |d| = 9.944985e-02
d[ 18, 28] = { 5.616503e-12, 4.097996e-11,-3.157258e-02} |d| = 3.157258e-02
d[ 18, 29] = { 3.487682e-11, 6.582589e-12,-2.130359e-11} |d| = 4.139524e-11

d[ 19,  0] = { 6.045459e-18, 7.991804e-02, 1.855619e-14} |d| = 7.991804e-02
d[ 19,  1] = { 6.126638e-13,-6.714243e-12,-1.085111e-10} |d| = 1.087203e-10
d[ 19,  2] = {-6.376671e-13,-7.214923e-12, 1.033541e-01} |d| = 1.033541e-01
d[ 19,  3] = {-4.390046e-11,-1.597068e-01,-4.260619e-12} |d| = 1.597068e-01
d[ 19,  4] = { 7.071581e-13,-2.366356e-12, 3.382287e-11} |d| = 3.391293e-11
d[ 19,  5] = {-3.123933e-12, 9.127109e-13,-2.325479e-02} |d| = 2.325479e-02
d[ 19,  6] = { 2.272660e-11,-2.746716e-02, 1.995673e-13} |d| = 2.746716e-02
d[ 19,  7] = {-1.033217e-02,-4.655927e-07, 2.065397e-13} |d| = 1.033217e-02
d[ 19,  8] = { 4.654644e-07,-1.033503e-02, 1.166408e-12} |d| = 1.033503e-02
d[ 19,  9] = {-9.282015e-03, 3.035547e-11, 3.154725e-12} |d| = 9.282015e-03
d[ 19, 10] = { 9.731846e-11, 3.507184e-02, 9.177979e-14} |d| = 3.507184e-02
d[ 19, 11] = { 2.205473e-14, 6.689701e-13,-1.051438e-10} |d| = 1.051460e-10
d[ 19, 12] = { 5.366042e-13, 1.816104e-13,-4.125018e-02} |d| = 4.125018e-02
d[ 19, 13] = { 9.157784e-11, 1.678690e-02, 1.388245e-13} |d| = 1.678690e-02
d[ 19, 14] = { 3.483272e-02,-1.124595e-07,-1.621503e-12} |d| = 3.483272e-02
d[ 19, 15] = { 1.124418e-07, 3.483789e-02, 3.129633e-12} |d| = 3.483789e-02
d[ 19, 16] = { 4.327640e-02,-9.147572e-11, 1.035493e-11} |d| = 4.327640e-02
d[ 19, 17] = {-3.086567e-12,-2.079743e-02, 5.167833e-13} |d| = 2.079743e-02
d[ 19, 18] = {-9.224424e-13,-3.130108e-13, 1.407564e-10} |d| = 1.407597e-10
d[ 19, 19] = { 1.422680e-12, 9.655562e-13, 2.002905e+00} |d| = 2.002905e+00
d[ 19, 20] = {-3.648017e-13, 7.842884e-13,-2.673275e-10} |d| = 2.673289e-10
d[ 19, 21] = { 8.388250e-14,-3.389341e-13,-2.822335e-03} |d| = 2.822335e-03
d[ 19, 22] = { 3.717404e-02, 3.693431e-07,-4.805184e-13} |d| = 3.717404e-02
d[ 19, 23] = { 3.694799e-07,-3.715970e-02, 9.494378e-12} |d| = 3.715970e-02
d[ 19, 24] = { 1.152590e-12, 3.636704e-12,-9.088968e-10} |d| = 9.089048e-10
d[ 19, 25] = {-2.894972e-12,-1.899462e-12,-3.451759e-01} |d| = 3.451759e-01
d[ 19, 26] = {-2.690529e-02,-1.448294e-11, 2.510902e-12} |d| = 2.690529e-02
d[ 19, 27] = {-7.545515e-11,-9.944985e-02,-1.738575e-12} |d| = 9.944985e-02
d[ 19, 28] = { 4.194264e-12,-2.276221e-11,-2.613343e-11} |d| = 3.490940e-11
d[ 19, 29] = {-2.896462e-11, 7.974536e-12, 3.157258e-02} |d| = 3.157258e-02

d[ 20,  0] = { 3.208359e-02, 9.276767e-11, 8.024542e-14} |d| = 3.208359e-02
d[ 20,  1] = {-2.796732e-12,-3.916163e-12, 1.524438e-01} |d| = 1.524438e-01
d[ 20,  2] = {-6.295822e-12, 1.051823e-12, 3.074130e-10} |d| = 3.074793e-10
d[ 20,  3] = {-3.901811e-02,-1.292058e-10,-7.878057e-12} |d| = 3.901811e-02
d[ 20,  4] = {-1.036045e-12, 1.210736e-12,-9.186449e-03} |d| = 9.186449e-03
d[ 20,  5] = {-7.904658e-13,-4.989737e-14, 1.696919e-11} |d| = 1.698767e-11
d[ 20,  6] = {-2.081706e-01,-2.623942e-10,-2.110835e-14} |d| = 2.081706e-01
d[ 20,  7] = {-1.123029e-05, 2.493082e-01,-7.259222e-13} |d| = 2.493082e-01
d[ 20,  8] = {-2.493089e-01,-1.123027e-05, 3.939542e-13} |d| = 2.493089e-01
d[ 20,  9] = { 2.913519e-10,-2.402930e-01, 2.804577e-13} |d| = 2.402930e-01
d[ 20, 10] = {-6.994244e-03,-4.593654e-11, 1.712413e-14} |d| = 6.994244e-03
d[ 20, 11] = { 2.648069e-13,-5.736518e-13, 7.344266e-02} |d| = 7.344266e-02
d[ 20, 12] = { 3.552898e-13, 7.902481e-14,-1.806855e-10} |d| = 1.806858e-10
d[ 20, 13] = {-6.333124e-02,-1.188911e-10,-8.156767e-14} |d| = 6.333124e-02
d[ 20, 14] = {-5.405041e-08,-1.671121e-02, 1.543065e-13} |d| = 1.671121e-02
d[ 20, 15] = { 1.671149e-02,-5.404890e-08,-1.820266e-13} |d| = 1.671149e-02
d[ 20, 16] = {-8.190149e-11, 3.685462e-02, 1.162626e-12} |d| = 3.685462e-02
d[ 20, 17] = { 1.197825e-02, 3.325374e-11, 5.392237e-13} |d| = 1.197825e-02
d[ 20, 18] = {-5.372277e-13,-1.522889e-12,-2.822336e-03} |d| = 2.822336e-03
d[ 20, 19] = {-3.648017e-13, 7.842884e-13,-2.673275e-10} |d| = 2.673289e-10
d[ 20, 20] = {-6.648494e-14,-5.528777e-14, 2.882635e+00} |d| = 2.882635e+00
d[ 20, 21] = {-6.039092e-13, 1.701776e-12, 6.958845e-11} |d| = 6.961188e-11
d[ 20, 22] = {-1.727284e-07, 1.737768e-02, 1.447371e-11} |d| = 1.737768e-02
d[ 20, 23] = { 1.738269e-02, 1.726820e-07, 1.927729e-12} |d| = 1.738269e-02
d[ 20, 24] = { 4.290134e-13, 1.009959e-12, 2.283611e-01} |d| = 2.283611e-01
d[ 20, 25] = { 1.417031e-12, 3.896963e-12, 4.787996e-10} |d| = 4.788175e-10
d[ 20, 26] = {-4.689314e-10, 3.767135e-01, 1.478941e-12} |d| = 3.767135e-01
d[ 20, 27] = { 1.934928e-02, 2.961968e-12, 2.580680e-13} |d| = 1.934928e-02
d[ 20, 28] = {-6.597651e-13, 1.851621e-12, 2.144763e-02} |d| = 2.144763e-02
d[ 20, 29] = {-1.011649e-11, 1.706770e-13,-2.078050e-11} |d| = 2.311281e-11

d[ 21,  0] = {-4.984361e-20, 3.208359e-02,-3.589718e-14} |d| = 3.208359e-02
d[ 21,  1] = {-2.645606e-13, 3.628589e-13,-9.576954e-11} |d| = 9.577059e-11
d[ 21,  2] = {-7.308910e-13,-1.362627e-12, 1.524438e-01} |d| = 1.524438e-01
d[ 21,  3] = {-8.355095e-12,-3.901811e-02,-5.481255e-12} |d| = 3.901811e-02
d[ 21,  4] = { 1.013061e-13, 5.261009e-13, 3.500011e-12} |d| = 3.540779e-12
d[ 21,  5] = {-8.262122e-13,-1.586485e-13, 9.186449e-03} |d| = 9.186449e-03
d[ 21,  6] = { 2.607382e-10,-2.081706e-01, 1.103831e-13} |d| = 2.081706e-01
d[ 21,  7] = { 2.493082e-01, 1.123028e-05,-8.969396e-14} |d| = 2.493082e-01
d[ 21,  8] = {-1.123025e-05, 2.493089e-01,-5.996867e-14} |d| = 2.493089e-01
d[ 21,  9] = { 2.402930e-01, 3.099955e-10, 4.454891e-13} |d| = 2.402930e-01
d[ 21, 10] = {-2.669607e-11,-6.994243e-03,-1.840492e-13} |d| = 6.994243e-03
d[ 21, 11] = { 2.953647e-13,-1.262939e-12,-1.928330e-11} |d| = 1.932687e-11
d[ 21, 12] = {-1.022465e-12,-4.877084e-14,-7.344266e-02} |d| = 7.344266e-02
d[ 21, 13] = { 4.146859e-11,-6.333124e-02, 4.102353e-13} |d| = 6.333124e-02
d[ 21, 14] = {-1.671121e-02, 5.397391e-08, 4.370422e-14} |d| = 1.671121e-02
d[ 21, 15] = {-5.397360e-08,-1.671149e-02, 5.670643e-13} |d| = 1.671149e-02
d[ 21, 16] = {-3.685462e-02,-1.810453e-11, 2.487339e-13} |d| = 3.685462e-02
d[ 21, 17] = {-2.813277e-11, 1.197825e-02, 6.937819e-13} |d| = 1.197825e-02
d[ 21, 18] = { 5.459428e-13, 4.651483e-14,-9.666791e-11} |d| = 9.666946e-11
d[ 21, 19] = { 8.388250e-14,-3.389341e-13,-2.822335e-03} |d| = 2.822335e-03
d[ 21, 20] = {-6.039092e-13, 1.701776e-12, 6.958845e-11} |d| = 6.961188e-11
d[ 21, 21] = {-3.013372e-12, 9.034847e-14, 2.882635e+00} |d| = 2.882635e+00
d[ 21, 22] = { 1.737768e-02, 1.727324e-07,-3.071887e-12} |d| = 1.737768e-02
d[ 21, 23] = { 1.726829e-07,-1.738269e-02,-6.810981e-12} |d| = 1.738269e-02
d[ 21, 24] = { 4.925486e-13,-8.808427e-14,-8.541815e-11} |d| = 8.541961e-11
d[ 21, 25] = {-3.786258e-12, 3.182320e-13, 2.283611e-01} |d| = 2.283611e-01
d[ 21, 26] = {-3.767135e-01,-4.909575e-10, 3.261161e-12} |d| = 3.767135e-01
d[ 21, 27] = {-3.324076e-11, 1.934928e-02,-3.026099e-13} |d| = 1.934928e-02
d[ 21, 28] = {-8.700099e-13,-2.441838e-12,-3.003243e-11} |d| = 3.014409e-11
d[ 21, 29] = {-4.832068e-12,-5.546546e-12,-2.144763e-02} |d| = 2.144763e-02

d[ 22,  0] = {-3.491726e-12,-1.847308e-13,-1.739561e-13} |d| = 3.500934e-12
d[ 22,  1] = {-2.420683e-06, 2.435723e-01,-7.517575e-12} |d| = 2.435723e-01
d[ 22,  2] = { 2.435723e-01, 2.420683e-06,-4.308031e-13} |d| = 2.435723e-01
d[ 22,  3] = {-4.210451e-12,-1.198751e-11, 1.077873e-13} |d| = 1.270591e-11
d[ 22,  4] = {-3.026208e-08, 3.049219e-03, 8.739922e-13} |d| = 3.049219e-03
d[ 22,  5] = {-3.049219e-03,-3.026263e-08,-1.679263e-15} |d| = 3.049219e-03
d[ 22,  6] = {-3.570741e-12, 7.097435e-13,-2.237210e-13} |d| = 3.647462e-12
d[ 22,  7] = {-1.020917e-12, 5.485896e-12, 1.172096e-02} |d| = 1.172096e-02
d[ 22,  8] = {-5.567290e-12,-6.326294e-13,-4.115694e-07} |d| = 4.115694e-07
d[ 22,  9] = {-7.037965e-13,-5.401061e-12,-5.705005e-11} |d| = 5.730946e-11
d[ 22, 10] = { 4.276611e-12,-1.858798e-13,-1.437685e-13} |d| = 4.283062e-12
d[ 22, 11] = {-2.245522e-07, 2.261479e-02,-7.117435e-12} |d| = 2.261479e-02
d[ 22, 12] = {-2.261479e-02,-2.245521e-07,-9.778008e-15} |d| = 2.261479e-02
d[ 22, 13] = { 3.994594e-12,-4.859718e-13,-3.604856e-13} |d| = 4.040161e-12
d[ 22, 14] = { 1.304485e-13, 4.208233e-12,-9.253989e-03} |d| = 9.253989e-03
d[ 22, 15] = {-4.571205e-12,-4.992771e-14,-1.211186e-07} |d| = 1.211186e-07
d[ 22, 16] = {-1.199702e-12,-2.879708e-12, 6.679018e-11} |d| = 6.686299e-11
d[ 22, 17] = {-3.501340e-13,-1.965989e-13, 4.032251e-13} |d| = 5.690654e-13
d[ 22, 18] = {-3.693417e-07, 3.717404e-02, 6.988415e-12} |d| = 3.717404e-02
d[ 22, 19] = { 3.717404e-02, 3.693431e-07,-4.805184e-13} |d| = 3.717404e-02
d[ 22, 20] = {-1.727284e-07, 1.737768e-02, 1.447371e-11} |d| = 1.737768e-02
d[ 22, 21] = { 1.737768e-02, 1.727324e-07,-3.071887e-12} |d| = 1.737768e-02
d[ 22, 22] = { 1.972535e-13, 1.239026e-12, 1.836638e+00} |d| = 1.836638e+00
d[ 22, 23] = { 7.269590e-13,-5.417236e-13,-3.660465e-09} |d| = 3.660465e-09
d[ 22, 24] = { 1.134411e-07,-1.141562e-02,-4.216320e-11} |d| = 1.141562e-02
d[ 22, 25] = {-1.141562e-02,-1.134369e-07, 1.192682e-12} |d| = 1.141562e-02
d[ 22, 26] = { 1.476841e-12, 9.644417e-12, 1.485027e-12} |d| = 9.869202e-12
d[ 22, 27] = { 1.318468e-12, 7.512385e-13, 7.611281e-14} |d| = 1.519378e-12
d[ 22, 28] = {-2.359135e-07, 2.393698e-02,-1.387036e-13} |d| = 2.393698e-02
d[ 22, 29] = {-2.393698e-02,-2.359101e-07, 6.703678e-13} |d| = 2.393698e-02

d[ 23,  0] = {-2.575713e-12,-6.978872e-12, 7.145258e-11} |d| = 7.183878e-11
d[ 23,  1] = { 2.435685e-01, 2.420722e-06,-5.031628e-12} |d| = 2.435685e-01
d[ 23,  2] = { 2.420718e-06,-2.435685e-01,-1.749364e-11} |d| = 2.435685e-01
d[ 23,  3] = {-8.861692e-12, 1.858331e-11,-3.138521e-11} |d| = 3.753532e-11
d[ 23,  4] = { 3.045021e-03, 3.030390e-08, 1.360117e-12} |d| = 3.045021e-03
d[ 23,  5] = {-3.030396e-08, 3.045021e-03,-1.747497e-12} |d| = 3.045021e-03
d[ 23,  6] = {-6.668120e-13, 4.218344e-13, 1.141957e-10} |d| = 1.141984e-10
d[ 23,  7] = { 2.366730e-12, 1.975980e-12,-4.112286e-07} |d| = 4.112286e-07
d[ 23,  8] = {-1.127282e-12, 2.964111e-12,-1.171480e-02} |d| = 1.171480e-02
d[ 23,  9] = { 2.373174e-12,-1.101813e-12, 4.008014e-13} |d| = 2.646996e-12
d[ 23, 10] = { 2.346184e-12, 7.029375e-12, 2.641036e-11} |d| = 2.743035e-11
d[ 23, 11] = { 2.259430e-02, 2.247528e-07,-4.319687e-12} |d| = 2.259430e-02
d[ 23, 12] = {-2.247555e-07, 2.259430e-02, 1.380363e-11} |d| = 2.259430e-02
d[ 23, 13] = { 2.474479e-12, 7.001877e-12,-1.501539e-10} |d| = 1.503374e-10
d[ 23, 14] = { 7.464336e-12, 2.443527e-12,-1.216238e-07} |d| = 1.216238e-07
d[ 23, 15] = {-2.427891e-12, 7.697840e-12, 9.178358e-03} |d| = 9.178358e-03
d[ 23, 16] = { 6.870250e-12,-1.446107e-12, 4.918421e-13} |d| = 7.038002e-12
d[ 23, 17] = {-8.185720e-13,-9.841634e-13,-6.832189e-11} |d| = 6.833388e-11
d[ 23, 18] = { 3.715970e-02, 3.694805e-07, 3.599565e-12} |d| = 3.715970e-02
d[ 23, 19] = { 3.694799e-07,-3.715970e-02, 9.494378e-12} |d| = 3.715970e-02
d[ 23, 20] = { 1.738269e-02, 1.726820e-07, 1.927729e-12} |d| = 1.738269e-02
d[ 23, 21] = { 1.726829e-07,-1.738269e-02,-6.810981e-12} |d| = 1.738269e-02
d[ 23, 22] = { 7.269590e-13,-5.417236e-13,-3.660465e-09} |d| = 3.660465e-09
d[ 23, 23] = { 7.464544e-13,-3.622269e-13, 1.837008e+00} |d| = 1.837008e+00
d[ 23, 24] = {-1.141365e-02,-1.134604e-07,-2.398894e-11} |d| = 1.141365e-02
d[ 23, 25] = {-1.134550e-07, 1.141365e-02,-7.040406e-11} |d| = 1.141365e-02
d[ 23, 26] = {-6.347017e-12, 2.066472e-12, 1.384217e-11} |d| = 1.536752e-11
d[ 23, 27] = {-3.421455e-14, 2.422509e-12,-2.327322e-10} |d| = 2.327449e-10
d[ 23, 28] = { 2.373745e-02, 2.378918e-07,-2.280829e-13} |d| = 2.373745e-02
d[ 23, 29] = {-2.378969e-07, 2.373745e-02,-3.779083e-13} |d| = 2.373745e-02

d[ 24,  0] = { 2.344865e-01, 1.163899e-11, 2.097207e-13} |d| = 2.344865e-01
d[ 24,  1] = {-1.360526e-11, 3.847767e-12, 5.870875e-01} |d| = 5.870875e-01
d[ 24,  2] = {-6.819815e-12,-2.651450e-12, 9.814992e-12} |d| = 1.224231e-11
d[ 24,  3] = {-3.194360e-01,-3.131210e-11,-2.995201e-11} |d| = 3.194360e-01
d[ 24,  4] = { 1.068212e-13, 5.035696e-13,-5.436601e-02} |d| = 5.436601e-02
d[ 24,  5] = { 5.836766e-13,-5.278375e-14,-1.018877e-11} |d| = 1.020561e-11
d[ 24,  6] = {-2.031502e-02, 2.003134e-11,-1.829528e-14} |d| = 2.031502e-02
d[ 24,  7] = { 2.598603e-06,-5.768686e-02, 2.217816e-13} |d| = 5.768686e-02
d[ 24,  8] = { 5.768753e-02, 2.598573e-06, 1.470171e-12} |d| = 5.768753e-02
d[ 24,  9] = {-4.044701e-11, 5.568786e-02,-1.055728e-12} |d| = 5.568786e-02
d[ 24, 10] = {-2.419419e-01, 1.141342e-11,-2.428308e-13} |d| = 2.419419e-01
d[ 24, 11] = {-3.542303e-14, 5.447129e-13, 4.705193e-01} |d| = 4.705193e-01
d[ 24, 12] = { 4.323953e-13, 1.663426e-13,-1.846424e-11} |d| = 1.847005e-11
d[ 24, 13] = {-2.560937e-01, 2.312379e-11, 5.157794e-13} |d| = 2.560937e-01
d[ 24, 14] = {-8.140217e-07,-2.519618e-01, 6.122679e-13} |d| = 2.519618e-01
d[ 24, 15] = { 2.519549e-01,-8.140445e-07, 1.115906e-12} |d| = 2.519549e-01
d[ 24, 16] = { 1.163037e-11, 2.328829e-01,-2.463151e-12} |d| = 2.328829e-01
d[ 24, 17] = { 3.369527e-02, 9.495948e-11, 3.912170e-13} |d| = 3.369527e-02
d[ 24, 18] = { 1.675518e-13,-3.328127e-12,-3.451759e-01} |d| = 3.451759e-01
d[ 24, 19] = { 1.152590e-12, 3.636704e-12,-9.088968e-10} |d| = 9.089048e-10
d[ 24, 20] = { 4.290134e-13, 1.009959e-12, 2.283611e-01} |d| = 2.283611e-01
d[ 24, 21] = { 4.925486e-13,-8.808427e-14,-8.541815e-11} |d| = 8.541961e-11
d[ 24, 22] = { 1.134411e-07,-1.141562e-02,-4.216320e-11} |d| = 1.141562e-02
d[ 24, 23] = {-1.141365e-02,-1.134604e-07,-2.398894e-11} |d| = 1.141365e-02
d[ 24, 24] = { 5.135656e-13,-1.419911e-12, 4.336991e+00} |d| = 4.336991e+00
d[ 24, 25] = { 2.637553e-13,-7.765857e-13,-1.680100e-10} |d| = 1.680120e-10
d[ 24, 26] = { 4.382994e-11,-1.066093e-01,-6.017106e-13} |d| = 1.066093e-01
d[ 24, 27] = {-3.227539e-02,-2.509291e-11,-3.155940e-13} |d| = 3.227539e-02
d[ 24, 28] = {-1.687642e-12, 4.429385e-12,-9.552284e-03} |d| = 9.552284e-03
d[ 24, 29] = { 5.064973e-12,-2.490447e-12, 1.179575e-11} |d| = 1.307654e-11

d[ 25,  0] = {-1.526403e-18, 2.344865e-01,-2.888799e-13} |d| = 2.344865e-01
d[ 25,  1] = { 6.679604e-12,-1.223819e-11,-8.245129e-12} |d| = 1.619792e-11
d[ 25,  2] = {-4.356606e-12,-1.835916e-11, 5.870875e-01} |d| = 5.870875e-01
d[ 25,  3] = {-4.066385e-12,-3.194360e-01,-2.099790e-11} |d| = 3.194360e-01
d[ 25,  4] = {-5.581151e-13,-8.527774e-14,-5.052561e-12} |d| = 5.084008e-12
d[ 25,  5] = { 2.770792e-13,-1.780826e-13, 5.436601e-02} |d| = 5.436601e-02
d[ 25,  6] = { 3.032957e-11,-2.031502e-02, 7.288586e-14} |d| = 2.031502e-02
d[ 25,  7] = {-5.768686e-02,-2.598694e-06,-2.611435e-13} |d| = 5.768686e-02
d[ 25,  8] = { 2.598663e-06,-5.768753e-02,-1.106945e-12} |d| = 5.768753e-02
d[ 25,  9] = {-5.568786e-02, 4.650202e-11, 6.866521e-13} |d| = 5.568786e-02
d[ 25, 10] = { 1.112065e-12,-2.419419e-01,-1.770979e-12} |d| = 2.419419e-01
d[ 25, 11] = { 4.830559e-13,-3.006492e-12,-1.365771e-11} |d| = 1.399305e-11
d[ 25, 12] = {-2.832793e-12, 1.490131e-12,-4.705193e-01} |d| = 4.705193e-01
d[ 25, 13] = { 6.793505e-12,-2.560937e-01,-9.548418e-14} |d| = 2.560937e-01
d[ 25, 14] = {-2.519618e-01, 8.140316e-07, 3.019077e-13} |d| = 2.519618e-01
d[ 25, 15] = {-8.140523e-07,-2.519549e-01, 3.916202e-12} |d| = 2.519549e-01
d[ 25, 16] = {-2.328829e-01,-2.002811e-11, 4.233515e-12} |d| = 2.328829e-01
d[ 25, 17] = {-1.064274e-10, 3.369527e-02,-3.996540e-13} |d| = 3.369527e-02
d[ 25, 18] = { 6.006958e-12,-6.914049e-14, 2.461222e-10} |d| = 2.461955e-10
d[ 25, 19] = {-2.894972e-12,-1.899462e-12,-3.451759e-01} |d| = 3.451759e-01
d[ 25, 20] = { 1.417031e-12, 3.896963e-12, 4.787996e-10} |d| = 4.788175e-10
d[ 25, 21] = {-3.786258e-12, 3.182320e-13, 2.283611e-01} |d| = 2.283611e-01
d[ 25, 22] = {-1.141562e-02,-1.134369e-07, 1.192682e-12} |d| = 1.141562e-02
d[ 25, 23] = {-1.134550e-07, 1.141365e-02,-7.040406e-11} |d| = 1.141365e-02
d[ 25, 24] = { 2.637553e-13,-7.765857e-13,-1.680100e-10} |d| = 1.680120e-10
d[ 25, 25] = { 2.785267e-12, 1.195323e-12, 4.336991e+00} |d| = 4.336991e+00
d[ 25, 26] = { 1.066093e-01,-7.157823e-11, 2.825054e-13} |d| = 1.066093e-01
d[ 25, 27] = {-1.723116e-12,-3.227539e-02,-4.229025e-14} |d| = 3.227539e-02
d[ 25, 28] = {-4.895955e-12, 2.013831e-12,-4.236933e-12} |d| = 6.780670e-12
d[ 25, 29] = {-4.450222e-12,-2.377592e-13, 9.552284e-03} |d| = 9.552284e-03

d[ 26,  0] = { 7.464745e-13,-2.640138e-12, 6.582724e-14} |d| = 2.744428e-12
d[ 26,  1] = {-1.349887e-12, 3.880232e-01,-3.781752e-13} |d| = 3.880232e-01
d[ 26,  2] = {-3.880232e-01, 2.278050e-13,-6.487405e-12} |d| = 3.880232e-01
d[ 26,  3] = { 1.296076e-11,-1.629389e-11,-1.114780e-14} |d| = 2.082000e-11
d[ 26,  4] = { 1.872123e-12, 1.204455e-03,-1.870502e-12} |d| = 1.204455e-03
d[ 26,  5] = { 1.204455e-03, 2.579314e-13,-7.704832e-13} |d| = 1.204455e-03
d[ 26,  6] = { 4.848767e-13, 7.172855e-13,-1.138277e-12} |d| = 1.430132e-12
d[ 26,  7] = { 2.457366e-13, 1.445872e-13, 1.558693e-10} |d| = 1.558696e-10
d[ 26,  8] = { 5.713557e-14,-2.786713e-13, 1.544613e-13} |d| = 3.236981e-13
d[ 26,  9] = {-1.128705e-12, 2.310860e-13, 8.460743e-02} |d| = 8.460743e-02
d[ 26, 10] = {-8.374585e-13, 2.960501e-12, 6.101984e-13} |d| = 3.136598e-12
d[ 26, 11] = {-6.729938e-12,-2.510290e-01,-1.271951e-13} |d| = 2.510290e-01
d[ 26, 12] = {-2.510290e-01, 6.635436e-12, 4.937259e-12} |d| = 2.510290e-01
d[ 26, 13] = { 1.750658e-12, 2.586519e-12, 3.987911e-13} |d| = 3.148638e-12
d[ 26, 14] = { 3.467158e-12,-6.798026e-13, 1.027755e-10} |d| = 1.028362e-10
d[ 26, 15] = { 2.035606e-12, 3.534493e-12, 5.448783e-13} |d| = 4.115000e-12
d[ 26, 16] = { 2.939437e-12,-2.787769e-12, 2.090357e-02} |d| = 2.090357e-02
d[ 26, 17] = {-4.948058e-13,-4.253548e-14, 9.369525e-12} |d| = 9.382677e-12
d[ 26, 18] = { 3.496687e-11, 2.690529e-02,-2.381116e-12} |d| = 2.690529e-02
d[ 26, 19] = {-2.690529e-02,-1.448294e-11, 2.510902e-12} |d| = 2.690529e-02
d[ 26, 20] = {-4.689314e-10, 3.767135e-01, 1.478941e-12} |d| = 3.767135e-01
d[ 26, 21] = {-3.767135e-01,-4.909575e-10, 3.261161e-12} |d| = 3.767135e-01
d[ 26, 22] = { 1.476841e-12, 9.644417e-12, 1.485027e-12} |d| = 9.869201e-12
d[ 26, 23] = {-6.347017e-12, 2.066472e-12, 1.384217e-11} |d| = 1.536752e-11
d[ 26, 24] = { 4.382994e-11,-1.066093e-01,-6.017106e-13} |d| = 1.066093e-01
d[ 26, 25] = { 1.066093e-01,-7.157823e-11, 2.825054e-13} |d| = 1.066093e-01
d[ 26, 26] = {-1.577248e-12,-2.135231e-12, 4.462548e+00} |d| = 4.462548e+00
d[ 26, 27] = {-5.980191e-14,-8.341050e-13,-4.886185e-14} |d| = 8.376723e-13
d[ 26, 28] = {-4.010838e-12,-3.589320e-03,-3.821665e-13} |d| = 3.589320e-03
d[ 26, 29] = {-3.589320e-03, 1.219975e-12,-2.057865e-13} |d| = 3.589320e-03

d[ 27,  0] = {-6.172909e-13, 3.135041e-13,-5.818470e-02} |d| = 5.818470e-02
d[ 27,  1] = {-2.107345e-01, 5.322547e-13, 9.789674e-12} |d| = 2.107345e-01
d[ 27,  2] = { 6.225943e-14,-2.107345e-01, 6.841585e-12} |d| = 2.107345e-01
d[ 27,  3] = { 1.149815e-11, 7.190461e-12, 1.966509e-01} |d| = 1.966509e-01
d[ 27,  4] = { 1.141811e-02,-3.093159e-13, 9.651717e-13} |d| = 1.141811e-02
d[ 27,  5] = {-1.943374e-12,-1.141811e-02, 3.799446e-13} |d| = 1.141811e-02
d[ 27,  6] = { 2.585296e-13, 6.027438e-14,-4.290764e-02} |d| = 4.290764e-02
d[ 27,  7] = { 1.607235e-13, 1.016975e-13, 1.393309e-12} |d| = 1.406230e-12
d[ 27,  8] = {-1.656677e-13, 3.534557e-13,-2.808444e-10} |d| = 2.808447e-10
d[ 27,  9] = { 1.614428e-13,-2.601742e-13,-1.400670e-13} |d| = 3.367093e-13
d[ 27, 10] = {-3.541676e-14, 6.312763e-13,-5.365539e-02} |d| = 5.365539e-02
d[ 27, 11] = {-6.746373e-02, 2.193554e-12,-2.189981e-13} |d| = 6.746373e-02
d[ 27, 12] = { 1.700759e-12, 6.746373e-02, 3.166788e-13} |d| = 6.746373e-02
d[ 27, 13] = { 6.855062e-13,-2.157856e-12, 1.104300e-01} |d| = 1.104300e-01
d[ 27, 14] = { 8.969248e-13,-1.136803e-12, 1.043898e-13} |d| = 1.451789e-12
d[ 27, 15] = { 1.196360e-12, 1.598769e-12, 2.537965e-09} |d| = 2.537965e-09
d[ 27, 16] = {-3.172541e-12, 3.946274e-13,-3.696851e-10} |d| = 3.696989e-10
d[ 27, 17] = {-1.643652e-12,-6.015621e-12, 8.089343e-01} |d| = 8.089343e-01
d[ 27, 18] = {-9.944985e-02, 7.820721e-11, 9.641168e-13} |d| = 9.944985e-02
d[ 27, 19] = {-7.545515e-11,-9.944985e-02,-1.738575e-12} |d| = 9.944985e-02
d[ 27, 20] = { 1.934928e-02, 2.961968e-12, 2.580680e-13} |d| = 1.934928e-02
d[ 27, 21] = {-3.324076e-11, 1.934928e-02,-3.026099e-13} |d| = 1.934928e-02
d[ 27, 22] = { 1.318468e-12, 7.512385e-13, 7.611281e-14} |d| = 1.519378e-12
d[ 27, 23] = {-3.421455e-14, 2.422509e-12,-2.327324e-10} |d| = 2.327450e-10
d[ 27, 24] = {-3.227539e-02,-2.509291e-11,-3.155940e-13} |d| = 3.227539e-02
d[ 27, 25] = {-1.723116e-12,-3.227539e-02,-4.229025e-14} |d| = 3.227539e-02
d[ 27, 26] = {-5.980191e-14,-8.341050e-13,-4.886185e-14} |d| = 8.376723e-13
d[ 27, 27] = { 7.041021e-13, 3.757994e-13, 2.128852e+00} |d| = 2.128852e+00
d[ 27, 28] = {-1.066667e-02,-1.101797e-12,-1.300771e-12} |d| = 1.066667e-02
d[ 27, 29] = {-2.579842e-12, 1.066667e-02, 1.627093e-11} |d| = 1.066667e-02

d[ 28,  0] = { 1.297844e-02, 1.024105e-12, 4.943074e-13} |d| = 1.297844e-02
d[ 28,  1] = {-8.415771e-13,-1.975121e-13,-4.915647e-03} |d| = 4.915647e-03
d[ 28,  2] = {-3.416171e-14,-6.005427e-13,-1.204481e-12} |d| = 1.346326e-12
d[ 28,  3] = {-2.284374e-02,-1.026893e-12,-7.002567e-13} |d| = 2.284374e-02
d[ 28,  4] = { 2.631185e-13,-5.664282e-13,-1.316080e-01} |d| = 1.316080e-01
d[ 28,  5] = { 3.971562e-14, 7.091065e-13, 7.974437e-12} |d| = 8.006001e-12
d[ 28,  6] = { 9.678984e-02, 5.183349e-12,-3.186126e-14} |d| = 9.678984e-02
d[ 28,  7] = { 3.927025e-06,-8.715920e-02,-1.311079e-12} |d| = 8.715920e-02
d[ 28,  8] = { 8.717643e-02, 3.926250e-06, 1.611588e-12} |d| = 8.717643e-02
d[ 28,  9] = { 6.739440e-12,-8.543237e-02,-1.108725e-12} |d| = 8.543237e-02
d[ 28, 10] = {-7.618265e-03,-5.589585e-13, 2.920892e-13} |d| = 7.618265e-03
d[ 28, 11] = { 5.890195e-13,-9.289017e-14,-2.014812e-03} |d| = 2.014812e-03
d[ 28, 12] = { 4.193722e-13,-3.945730e-13,-8.954870e-13} |d| = 1.064640e-12
d[ 28, 13] = { 1.907392e+00, 8.662304e-11,-1.622072e-12} |d| = 1.907392e+00
d[ 28, 14] = {-6.130121e-06,-1.897336e+00,-1.914916e-12} |d| = 1.897336e+00
d[ 28, 15] = { 1.897335e+00,-6.130115e-06, 5.908838e-13} |d| = 1.897335e+00
d[ 28, 16] = { 1.798178e-10,-1.894632e+00,-4.330489e-13} |d| = 1.894632e+00
d[ 28, 17] = {-1.870361e-01,-8.771627e-10,-9.388553e-12} |d| = 1.870361e-01
d[ 28, 18] = { 5.616503e-12, 4.097996e-11,-3.157258e-02} |d| = 3.157258e-02
d[ 28, 19] = { 4.194264e-12,-2.276221e-11,-2.613343e-11} |d| = 3.490940e-11
d[ 28, 20] = {-6.597651e-13, 1.851621e-12, 2.144763e-02} |d| = 2.144763e-02
d[ 28, 21] = {-8.700099e-13,-2.441838e-12,-3.003243e-11} |d| = 3.014409e-11
d[ 28, 22] = {-2.359135e-07, 2.393698e-02,-1.387036e-13} |d| = 2.393698e-02
d[ 28, 23] = { 2.373745e-02, 2.378918e-07,-2.280829e-13} |d| = 2.373745e-02
d[ 28, 24] = {-1.687642e-12, 4.429385e-12,-9.552284e-03} |d| = 9.552284e-03
d[ 28, 25] = {-4.895955e-12, 2.013831e-12,-4.236933e-12} |d| = 6.780670e-12
d[ 28, 26] = {-4.010838e-12,-3.589320e-03,-3.821665e-13} |d| = 3.589320e-03
d[ 28, 27] = {-1.066667e-02,-1.101797e-12,-1.300771e-12} |d| = 1.066667e-02
d[ 28, 28] = { 1.966188e-12, 9.072972e-13, 4.127225e+00} |d| = 4.127225e+00
d[ 28, 29] = { 1.111105e-13, 2.286131e-12,-6.155442e-13} |d| = 2.370155e-12

d[ 29,  0] = { 5.315717e-19,-1.297844e-02,-2.900086e-12} |d| = 1.297844e-02
d[ 29,  1] = { 1.603295e-12, 1.023092e-12,-5.046477e-13} |d| = 1.967725e-12
d[ 29,  2] = { 1.242759e-13, 1.608639e-12, 4.915648e-03} |d| = 4.915648e-03
d[ 29,  3] = { 2.128493e-13, 2.284374e-02, 5.089492e-12} |d| = 2.284374e-02
d[ 29,  4] = { 7.717744e-13,-2.583040e-13,-7.972605e-12} |d| = 8.014037e-12
d[ 29,  5] = { 1.935466e-13, 4.510210e-15,-1.316080e-01} |d| = 1.316080e-01
d[ 29,  6] = { 7.456491e-12,-9.678984e-02,-3.024127e-13} |d| = 9.678984e-02
d[ 29,  7] = { 8.715920e-02, 3.927031e-06,-1.122975e-12} |d| = 8.715920e-02
d[ 29,  8] = {-3.926252e-06, 8.717643e-02, 1.044879e-12} |d| = 8.717643e-02
d[ 29,  9] = {-8.543237e-02,-4.406095e-12, 1.751886e-14} |d| = 8.543237e-02
d[ 29, 10] = {-2.520846e-12, 7.618265e-03,-1.524963e-12} |d| = 7.618265e-03
d[ 29, 11] = {-2.861055e-12,-5.568227e-14,-5.468080e-13} |d| = 2.913371e-12
d[ 29, 12] = { 9.372580e-13, 2.741770e-12,-2.014812e-03} |d| = 2.014812e-03
d[ 29, 13] = { 5.842047e-11,-1.907392e+00, 1.026393e-11} |d| = 1.907392e+00
d[ 29, 14] = { 1.897336e+00,-6.130158e-06,-2.173199e-12} |d| = 1.897336e+00
d[ 29, 15] = { 6.130168e-06, 1.897335e+00, 1.775170e-13} |d| = 1.897335e+00
d[ 29, 16] = {-1.894632e+00,-1.230159e-10,-2.967422e-13} |d| = 1.894632e+00
d[ 29, 17] = {-8.093568e-10, 1.870361e-01, 5.521243e-11} |d| = 1.870361e-01
d[ 29, 18] = { 3.487682e-11, 6.582589e-12,-2.130359e-11} |d| = 4.139524e-11
d[ 29, 19] = {-2.896462e-11, 7.974536e-12, 3.157258e-02} |d| = 3.157258e-02
d[ 29, 20] = {-1.011649e-11, 1.706770e-13,-2.078050e-11} |d| = 2.311281e-11
d[ 29, 21] = {-4.832068e-12,-5.546546e-12,-2.144763e-02} |d| = 2.144763e-02
d[ 29, 22] = {-2.393698e-02,-2.359101e-07, 6.703678e-13} |d| = 2.393698e-02
d[ 29, 23] = {-2.378969e-07, 2.373745e-02,-3.779083e-13} |d| = 2.373745e-02
d[ 29, 24] = { 5.064973e-12,-2.490447e-12, 1.179575e-11} |d| = 1.307654e-11
d[ 29, 25] = {-4.450222e-12,-2.377592e-13, 9.552284e-03} |d| = 9.552284e-03
d[ 29, 26] = {-3.589320e-03, 1.219975e-12,-2.057865e-13} |d| = 3.589320e-03
d[ 29, 27] = {-2.579842e-12, 1.066667e-02, 1.627093e-11} |d| = 1.066667e-02
d[ 29, 28] = { 1.111105e-13, 2.286131e-12,-6.155442e-13} |d| = 2.370155e-12
d[ 29, 29] = {-1.003526e-12, 1.692063e-12, 4.127225e+00} |d| = 4.127225e+00


_______________________________________________________________________


CDAS-PT2:
Time to step -    2.99084
Full time    -  578.05158


Calculation finished at: 21:08 (MSK), 21 August 2026 (Friday).
